iso3,year,renew_pct,co2_pc
,2000,6.84678847436669,12.3402043180872
,2000,6.84678847436669,0.428674099333503
,2000,6.84678847436669,0.929158900403598
,2000,6.84678847436669,
,2000,6.84678847436669,2.88948095689288
,2000,68.9698504983389,12.3402043180872
,2000,68.9698504983389,0.428674099333503
,2000,68.9698504983389,0.929158900403598
,2000,68.9698504983389,
,2000,68.9698504983389,2.88948095689288
,2000,50.3246055910279,12.3402043180872
,2000,50.3246055910279,0.428674099333503
,2000,50.3246055910279,0.929158900403598
,2000,50.3246055910279,
,2000,50.3246055910279,2.88948095689288
,2000,,12.3402043180872
,2000,,0.428674099333503
,2000,,0.929158900403598
,2000,,
,2000,,2.88948095689288
,2000,25.495511645025,12.3402043180872
,2000,25.495511645025,0.428674099333503
,2000,25.495511645025,0.929158900403598
,2000,25.495511645025,
,2000,25.495511645025,2.88948095689288
,2001,6.54177055385906,12.3148114889138
,2001,6.54177055385906,0.433470058995787
,2001,6.54177055385906,0.938549064169923
,2001,6.54177055385906,
,2001,6.54177055385906,2.94654054899304
,2001,68.4253201371706,12.3148114889138
,2001,68.4253201371706,0.433470058995787
,2001,68.4253201371706,0.938549064169923
,2001,68.4253201371706,
,2001,68.4253201371706,2.94654054899304
,2001,50.014921667248,12.3148114889138
,2001,50.014921667248,0.433470058995787
,2001,50.014921667248,0.938549064169923
,2001,50.014921667248,
,2001,50.014921667248,2.94654054899304
,2001,,12.3148114889138
,2001,,0.433470058995787
,2001,,0.938549064169923
,2001,,
,2001,,2.94654054899304
,2001,24.6927361484976,12.3148114889138
,2001,24.6927361484976,0.433470058995787
,2001,24.6927361484976,0.938549064169923
,2001,24.6927361484976,
,2001,24.6927361484976,2.94654054899304
,2002,6.62132648676549,12.1867138839707
,2002,6.62132648676549,0.417059803697025
,2002,6.62132648676549,0.942018332682182
,2002,6.62132648676549,
,2002,6.62132648676549,3.07471160568506
,2002,69.2027450896942,12.1867138839707
,2002,69.2027450896942,0.417059803697025
,2002,69.2027450896942,0.942018332682182
,2002,69.2027450896942,
,2002,69.2027450896942,3.07471160568506
,2002,49.3231910149956,12.1867138839707
,2002,49.3231910149956,0.417059803697025
,2002,49.3231910149956,0.942018332682182
,2002,49.3231910149956,
,2002,49.3231910149956,3.07471160568506
,2002,,12.1867138839707
,2002,,0.417059803697025
,2002,,0.942018332682182
,2002,,
,2002,,3.07471160568506
,2002,24.0836192480309,12.1867138839707
,2002,24.0836192480309,0.417059803697025
,2002,24.0836192480309,0.942018332682182
,2002,24.0836192480309,
,2002,24.0836192480309,3.07471160568506
,2003,6.86995743794711,12.3824031034398
,2003,6.86995743794711,0.421413738596576
,2003,6.86995743794711,0.944462683592849
,2003,6.86995743794711,
,2003,6.86995743794711,3.36606782789466
,2003,69.2755751305951,12.3824031034398
,2003,69.2755751305951,0.421413738596576
,2003,69.2755751305951,0.944462683592849
,2003,69.2755751305951,
,2003,69.2755751305951,3.36606782789466
,2003,49.3928341270068,12.3824031034398
,2003,49.3928341270068,0.421413738596576
,2003,49.3928341270068,0.944462683592849
,2003,49.3928341270068,
,2003,49.3928341270068,3.36606782789466
,2003,,12.3824031034398
,2003,,0.421413738596576
,2003,,0.944462683592849
,2003,,
,2003,,3.36606782789466
,2003,22.6294498303193,12.3824031034398
,2003,22.6294498303193,0.421413738596576
,2003,22.6294498303193,0.944462683592849
,2003,22.6294498303193,
,2003,22.6294498303193,3.36606782789466
,2004,7.10768137806772,12.4309628546727
,2004,7.10768137806772,0.424411116961931
,2004,7.10768137806772,0.987962078705603
,2004,7.10768137806772,
,2004,7.10768137806772,3.67683387886025
,2004,68.7836894854409,12.4309628546727
,2004,68.7836894854409,0.424411116961931
,2004,68.7836894854409,0.987962078705603
,2004,68.7836894854409,
,2004,68.7836894854409,3.67683387886025
,2004,49.0711158274819,12.4309628546727
,2004,49.0711158274819,0.424411116961931
,2004,49.0711158274819,0.987962078705603
,2004,49.0711158274819,
,2004,49.0711158274819,3.67683387886025
,2004,,12.4309628546727
,2004,,0.424411116961931
,2004,,0.987962078705603
,2004,,
,2004,,3.67683387886025
,2004,20.6160171177423,12.4309628546727
,2004,20.6160171177423,0.424411116961931
,2004,20.6160171177423,0.987962078705603
,2004,20.6160171177423,
,2004,20.6160171177423,3.67683387886025
,2005,7.38790136062168,12.4152445699697
,2005,7.38790136062168,0.454915263236559
,2005,7.38790136062168,1.00580828488885
,2005,7.38790136062168,
,2005,7.38790136062168,3.97434692087864
,2005,67.1830947638814,12.4152445699697
,2005,67.1830947638814,0.454915263236559
,2005,67.1830947638814,1.00580828488885
,2005,67.1830947638814,
,2005,67.1830947638814,3.97434692087864
,2005,48.4620461423964,12.4152445699697
,2005,48.4620461423964,0.454915263236559
,2005,48.4620461423964,1.00580828488885
,2005,48.4620461423964,
,2005,48.4620461423964,3.97434692087864
,2005,,12.4152445699697
,2005,,0.454915263236559
,2005,,1.00580828488885
,2005,,
,2005,,3.97434692087864
,2005,19.0669566077847,12.4152445699697
,2005,19.0669566077847,0.454915263236559
,2005,19.0669566077847,1.00580828488885
,2005,19.0669566077847,
,2005,19.0669566077847,3.97434692087864
,2006,7.77042745709828,12.3302072252981
,2006,7.77042745709828,0.462363371060548
,2006,7.77042745709828,1.04039676996629
,2006,7.77042745709828,
,2006,7.77042745709828,4.25521996908646
,2006,66.7717998595126,12.3302072252981
,2006,66.7717998595126,0.462363371060548
,2006,66.7717998595126,1.04039676996629
,2006,66.7717998595126,
,2006,66.7717998595126,4.25521996908646
,2006,47.8450851574528,12.3302072252981
,2006,47.8450851574528,0.462363371060548
,2006,47.8450851574528,1.04039676996629
,2006,47.8450851574528,
,2006,47.8450851574528,4.25521996908646
,2006,,12.3302072252981
,2006,,0.462363371060548
,2006,,1.04039676996629
,2006,,
,2006,,4.25521996908646
,2006,18.4133720116518,12.3302072252981
,2006,18.4133720116518,0.462363371060548
,2006,18.4133720116518,1.04039676996629
,2006,18.4133720116518,
,2006,18.4133720116518,4.25521996908646
,2007,8.02429581434502,12.3845900497784
,2007,8.02429581434502,0.441273180286552
,2007,8.02429581434502,1.085082123987
,2007,8.02429581434502,
,2007,8.02429581434502,4.51608874836478
,2007,67.1067131870741,12.3845900497784
,2007,67.1067131870741,0.441273180286552
,2007,67.1067131870741,1.085082123987
,2007,67.1067131870741,
,2007,67.1067131870741,4.51608874836478
,2007,46.7921462642994,12.3845900497784
,2007,46.7921462642994,0.441273180286552
,2007,46.7921462642994,1.085082123987
,2007,46.7921462642994,
,2007,46.7921462642994,4.51608874836478
,2007,,12.3845900497784
,2007,,0.441273180286552
,2007,,1.085082123987
,2007,,
,2007,,4.51608874836478
,2007,17.4113372514321,12.3845900497784
,2007,17.4113372514321,0.441273180286552
,2007,17.4113372514321,1.085082123987
,2007,17.4113372514321,
,2007,17.4113372514321,4.51608874836478
,2008,8.3984841545264,12.0653101667983
,2008,8.3984841545264,0.456295905353359
,2008,8.3984841545264,1.12535654440444
,2008,8.3984841545264,
,2008,8.3984841545264,4.61013723768332
,2008,66.1411353100674,12.0653101667983
,2008,66.1411353100674,0.456295905353359
,2008,66.1411353100674,1.12535654440444
,2008,66.1411353100674,
,2008,66.1411353100674,4.61013723768332
,2008,45.6008380215659,12.0653101667983
,2008,45.6008380215659,0.456295905353359
,2008,45.6008380215659,1.12535654440444
,2008,45.6008380215659,
,2008,45.6008380215659,4.61013723768332
,2008,,12.0653101667983
,2008,,0.456295905353359
,2008,,1.12535654440444
,2008,,
,2008,,4.61013723768332
,2008,17.0472844154191,12.0653101667983
,2008,17.0472844154191,0.456295905353359
,2008,17.0472844154191,1.12535654440444
,2008,17.0472844154191,
,2008,17.0472844154191,4.61013723768332
,2009,8.96094596937985,11.2924397531391
,2009,8.96094596937985,0.441960383719948
,2009,8.96094596937985,1.15128828421864
,2009,8.96094596937985,
,2009,8.96094596937985,4.72516011330417
,2009,68.6095109468297,11.2924397531391
,2009,68.6095109468297,0.441960383719948
,2009,68.6095109468297,1.15128828421864
,2009,68.6095109468297,
,2009,68.6095109468297,4.72516011330417
,2009,44.8184115236839,11.2924397531391
,2009,44.8184115236839,0.441960383719948
,2009,44.8184115236839,1.15128828421864
,2009,44.8184115236839,
,2009,44.8184115236839,4.72516011330417
,2009,,11.2924397531391
,2009,,0.441960383719948
,2009,,1.15128828421864
,2009,,
,2009,,4.72516011330417
,2009,16.7449802944781,11.2924397531391
,2009,16.7449802944781,0.441960383719948
,2009,16.7449802944781,1.15128828421864
,2009,16.7449802944781,
,2009,16.7449802944781,4.72516011330417
,2010,9.13757742354582,11.7648180725543
,2010,9.13757742354582,0.431468709441973
,2010,9.13757742354582,1.20096306855355
,2010,9.13757742354582,
,2010,9.13757742354582,5.0683595100971
,2010,68.5955030078186,11.7648180725543
,2010,68.5955030078186,0.431468709441973
,2010,68.5955030078186,1.20096306855355
,2010,68.5955030078186,
,2010,68.5955030078186,5.0683595100971
,2010,43.5598599291065,11.7648180725543
,2010,43.5598599291065,0.431468709441973
,2010,43.5598599291065,1.20096306855355
,2010,43.5598599291065,
,2010,43.5598599291065,5.0683595100971
,2010,,11.7648180725543
,2010,,0.431468709441973
,2010,,1.20096306855355
,2010,,
,2010,,5.0683595100971
,2010,15.9607028363318,11.7648180725543
,2010,15.9607028363318,0.431468709441973
,2010,15.9607028363318,1.20096306855355
,2010,15.9607028363318,
,2010,15.9607028363318,5.0683595100971
,2011,9.52836321852016,11.6290748451465
,2011,9.52836321852016,0.386282844672991
,2011,9.52836321852016,1.24488307499844
,2011,9.52836321852016,
,2011,9.52836321852016,5.38534000292424
,2011,70.9038757025248,11.6290748451465
,2011,70.9038757025248,0.386282844672991
,2011,70.9038757025248,1.24488307499844
,2011,70.9038757025248,
,2011,70.9038757025248,5.38534000292424
,2011,42.7392673855306,11.6290748451465
,2011,42.7392673855306,0.386282844672991
,2011,42.7392673855306,1.24488307499844
,2011,42.7392673855306,
,2011,42.7392673855306,5.38534000292424
,2011,,11.6290748451465
,2011,,0.386282844672991
,2011,,1.24488307499844
,2011,,
,2011,,5.38534000292424
,2011,15.0004347168825,11.6290748451465
,2011,15.0004347168825,0.386282844672991
,2011,15.0004347168825,1.24488307499844
,2011,15.0004347168825,
,2011,15.0004347168825,5.38534000292424
,2012,9.90988310752564,11.4216557115735
,2012,9.90988310752564,0.353580664125533
,2012,9.90988310752564,1.3110396366353
,2012,9.90988310752564,
,2012,9.90988310752564,5.5071728156296
,2012,71.6876678383128,11.4216557115735
,2012,71.6876678383128,0.353580664125533
,2012,71.6876678383128,1.3110396366353
,2012,71.6876678383128,
,2012,71.6876678383128,5.5071728156296
,2012,42.7041976592586,11.4216557115735
,2012,42.7041976592586,0.353580664125533
,2012,42.7041976592586,1.3110396366353
,2012,42.7041976592586,
,2012,42.7041976592586,5.5071728156296
,2012,,11.4216557115735
,2012,,0.353580664125533
,2012,,1.3110396366353
,2012,,
,2012,,5.5071728156296
,2012,14.8921211502289,11.4216557115735
,2012,14.8921211502289,0.353580664125533
,2012,14.8921211502289,1.3110396366353
,2012,14.8921211502289,
,2012,14.8921211502289,5.5071728156296
,2013,10.3849989396956,11.3783127707903
,2013,10.3849989396956,0.312209377105146
,2013,10.3849989396956,1.32263688168554
,2013,10.3849989396956,
,2013,10.3849989396956,5.65922879946676
,2013,74.1188094907247,11.3783127707903
,2013,74.1188094907247,0.312209377105146
,2013,74.1188094907247,1.32263688168554
,2013,74.1188094907247,
,2013,74.1188094907247,5.65922879946676
,2013,42.8131798651281,11.3783127707903
,2013,42.8131798651281,0.312209377105146
,2013,42.8131798651281,1.32263688168554
,2013,42.8131798651281,
,2013,42.8131798651281,5.65922879946676
,2013,,11.3783127707903
,2013,,0.312209377105146
,2013,,1.32263688168554
,2013,,
,2013,,5.65922879946676
,2013,14.8259845213021,11.3783127707903
,2013,14.8259845213021,0.312209377105146
,2013,14.8259845213021,1.32263688168554
,2013,14.8259845213021,
,2013,14.8259845213021,5.65922879946676
,2014,10.5213333961469,11.1698377464114
,2014,10.5213333961469,0.317918809645999
,2014,10.5213333961469,1.3820244904311
,2014,10.5213333961469,
,2014,10.5213333961469,5.66618542857904
,2014,74.0960764487469,11.1698377464114
,2014,74.0960764487469,0.317918809645999
,2014,74.0960764487469,1.3820244904311
,2014,74.0960764487469,
,2014,74.0960764487469,5.66618542857904
,2014,41.9557899562686,11.1698377464114
,2014,41.9557899562686,0.317918809645999
,2014,41.9557899562686,1.3820244904311
,2014,41.9557899562686,
,2014,41.9557899562686,5.66618542857904
,2014,,11.1698377464114
,2014,,0.317918809645999
,2014,,1.3820244904311
,2014,,
,2014,,5.66618542857904
,2014,14.9878569564675,11.1698377464114
,2014,14.9878569564675,0.317918809645999
,2014,14.9878569564675,1.3820244904311
,2014,14.9878569564675,
,2014,14.9878569564675,5.66618542857904
,2015,10.6050781624931,11.0722052355661
,2015,10.6050781624931,0.279146848768295
,2015,10.6050781624931,1.38635276604793
,2015,10.6050781624931,
,2015,10.6050781624931,5.55537045664119
,2015,77.0014591898632,11.0722052355661
,2015,77.0014591898632,0.279146848768295
,2015,77.0014591898632,1.38635276604793
,2015,77.0014591898632,
,2015,77.0014591898632,5.55537045664119
,2015,41.6750820203892,11.0722052355661
,2015,41.6750820203892,0.279146848768295
,2015,41.6750820203892,1.38635276604793
,2015,41.6750820203892,
,2015,41.6750820203892,5.55537045664119
,2015,,11.0722052355661
,2015,,0.279146848768295
,2015,,1.38635276604793
,2015,,
,2015,,5.55537045664119
,2015,14.9421101553882,11.0722052355661
,2015,14.9421101553882,0.279146848768295
,2015,14.9421101553882,1.38635276604793
,2015,14.9421101553882,
,2015,14.9421101553882,5.55537045664119
,2016,10.7845732962853,10.911165873122
,2016,10.7845732962853,0.279512807213786
,2016,10.7845732962853,1.40090673030052
,2016,10.7845732962853,
,2016,10.7845732962853,5.53536771323201
,2016,76.9877810393742,10.911165873122
,2016,76.9877810393742,0.279512807213786
,2016,76.9877810393742,1.40090673030052
,2016,76.9877810393742,
,2016,76.9877810393742,5.53536771323201
,2016,41.045675670811,10.911165873122
,2016,41.045675670811,0.279512807213786
,2016,41.045675670811,1.40090673030052
,2016,41.045675670811,
,2016,41.045675670811,5.53536771323201
,2016,,10.911165873122
,2016,,0.279512807213786
,2016,,1.40090673030052
,2016,,
,2016,,5.53536771323201
,2016,15.3003881820305,10.911165873122
,2016,15.3003881820305,0.279512807213786
,2016,15.3003881820305,1.40090673030052
,2016,15.3003881820305,
,2016,15.3003881820305,5.53536771323201
,2017,11.0890197580437,10.8502823626887
,2017,11.0890197580437,0.349203538965264
,2017,11.0890197580437,1.44668831196218
,2017,11.0890197580437,
,2017,11.0890197580437,5.61189961410108
,2017,73.6994749888377,10.8502823626887
,2017,73.6994749888377,0.349203538965264
,2017,73.6994749888377,1.44668831196218
,2017,73.6994749888377,
,2017,73.6994749888377,5.61189961410108
,2017,40.3045480579492,10.8502823626887
,2017,40.3045480579492,0.349203538965264
,2017,40.3045480579492,1.44668831196218
,2017,40.3045480579492,
,2017,40.3045480579492,5.61189961410108
,2017,,10.8502823626887
,2017,,0.349203538965264
,2017,,1.44668831196218
,2017,,
,2017,,5.61189961410108
,2017,15.539599266802,10.8502823626887
,2017,15.539599266802,0.349203538965264
,2017,15.539599266802,1.44668831196218
,2017,15.539599266802,
,2017,15.539599266802,5.61189961410108
,2018,11.4686788378903,10.8856944591474
,2018,11.4686788378903,0.345413860792655
,2018,11.4686788378903,1.46412422382333
,2018,11.4686788378903,
,2018,11.4686788378903,5.79068687800619
,2018,73.1015300989534,10.8856944591474
,2018,73.1015300989534,0.345413860792655
,2018,73.1015300989534,1.46412422382333
,2018,73.1015300989534,
,2018,73.1015300989534,5.79068687800619
,2018,40.5042813848529,10.8856944591474
,2018,40.5042813848529,0.345413860792655
,2018,40.5042813848529,1.46412422382333
,2018,40.5042813848529,
,2018,40.5042813848529,5.79068687800619
,2018,,10.8856944591474
,2018,,0.345413860792655
,2018,,1.46412422382333
,2018,,
,2018,,5.79068687800619
,2018,15.6712129165035,10.8856944591474
,2018,15.6712129165035,0.345413860792655
,2018,15.6712129165035,1.46412422382333
,2018,15.6712129165035,
,2018,15.6712129165035,5.79068687800619
,2019,11.7839130112794,10.6106622964601
,2019,11.7839130112794,0.353018594210945
,2019,11.7839130112794,1.43793392095921
,2019,11.7839130112794,
,2019,11.7839130112794,5.89983190863863
,2019,72.5005003490808,10.6106622964601
,2019,72.5005003490808,0.353018594210945
,2019,72.5005003490808,1.43793392095921
,2019,72.5005003490808,
,2019,72.5005003490808,5.89983190863863
,2019,41.4201607411296,10.6106622964601
,2019,41.4201607411296,0.353018594210945
,2019,41.4201607411296,1.43793392095921
,2019,41.4201607411296,
,2019,41.4201607411296,5.89983190863863
,2019,,10.6106622964601
,2019,,0.353018594210945
,2019,,1.43793392095921
,2019,,
,2019,,5.89983190863863
,2019,16.1357826998964,10.6106622964601
,2019,16.1357826998964,0.353018594210945
,2019,16.1357826998964,1.43793392095921
,2019,16.1357826998964,
,2019,16.1357826998964,5.89983190863863
,2020,12.7831808525723,9.76986664948722
,2020,12.7831808525723,0.327677277949076
,2020,12.7831808525723,1.33743346959611
,2020,12.7831808525723,
,2020,12.7831808525723,5.84449174468886
,2020,74.5621747727499,9.76986664948722
,2020,74.5621747727499,0.327677277949076
,2020,74.5621747727499,1.33743346959611
,2020,74.5621747727499,
,2020,74.5621747727499,5.84449174468886
,2020,43.3396056818626,9.76986664948722
,2020,43.3396056818626,0.327677277949076
,2020,43.3396056818626,1.33743346959611
,2020,43.3396056818626,
,2020,43.3396056818626,5.84449174468886
,2020,,9.76986664948722
,2020,,0.327677277949076
,2020,,1.33743346959611
,2020,,
,2020,,5.84449174468886
,2020,16.8249228694968,9.76986664948722
,2020,16.8249228694968,0.327677277949076
,2020,16.8249228694968,1.33743346959611
,2020,16.8249228694968,
,2020,16.8249228694968,5.84449174468886
,2021,,10.3129384573961
,2021,,0.316511811299149
,2021,,1.43746375080732
,2021,,
,2021,,6.11385707253371
,2021,,10.3129384573961
,2021,,0.316511811299149
,2021,,1.43746375080732
,2021,,
,2021,,6.11385707253371
,2021,,10.3129384573961
,2021,,0.316511811299149
,2021,,1.43746375080732
,2021,,
,2021,,6.11385707253371
,2021,,10.3129384573961
,2021,,0.316511811299149
,2021,,1.43746375080732
,2021,,
,2021,,6.11385707253371
,2021,,10.3129384573961
,2021,,0.316511811299149
,2021,,1.43746375080732
,2021,,
,2021,,6.11385707253371
,2022,,10.2076894742643
,2022,,0.310567761975077
,2022,,1.49930857303608
,2022,,
,2022,,6.10883179060396
,2022,,10.2076894742643
,2022,,0.310567761975077
,2022,,1.49930857303608
,2022,,
,2022,,6.10883179060396
,2022,,10.2076894742643
,2022,,0.310567761975077
,2022,,1.49930857303608
,2022,,
,2022,,6.10883179060396
,2022,,10.2076894742643
,2022,,0.310567761975077
,2022,,1.49930857303608
,2022,,
,2022,,6.10883179060396
,2022,,10.2076894742643
,2022,,0.310567761975077
,2022,,1.49930857303608
,2022,,
,2022,,6.10883179060396
,2023,,9.79510077277787
,2023,,0.310243136988554
,2023,,1.55112372978341
,2023,,
,2023,,6.31695832255068
,2023,,9.79510077277787
,2023,,0.310243136988554
,2023,,1.55112372978341
,2023,,
,2023,,6.31695832255068
,2023,,9.79510077277787
,2023,,0.310243136988554
,2023,,1.55112372978341
,2023,,
,2023,,6.31695832255068
,2023,,9.79510077277787
,2023,,0.310243136988554
,2023,,1.55112372978341
,2023,,
,2023,,6.31695832255068
,2023,,9.79510077277787
,2023,,0.310243136988554
,2023,,1.55112372978341
,2023,,
,2023,,6.31695832255068
,2024,,9.75478670141617
,2024,,0.30473529656669
,2024,,1.59677554835042
,2024,,
,2024,,6.38040407867685
,2024,,9.75478670141617
,2024,,0.30473529656669
,2024,,1.59677554835042
,2024,,
,2024,,6.38040407867685
,2024,,9.75478670141617
,2024,,0.30473529656669
,2024,,1.59677554835042
,2024,,
,2024,,6.38040407867685
,2024,,9.75478670141617
,2024,,0.30473529656669
,2024,,1.59677554835042
,2024,,
,2024,,6.38040407867685
,2024,,9.75478670141617
,2024,,0.30473529656669
,2024,,1.59677554835042
,2024,,
,2024,,6.38040407867685
ABW,2000,0.2,2.9683843334658
ABW,2001,0.2,2.97356707750522
ABW,2002,0.2,3.22566631187957
ABW,2003,0.2,3.67666008074908
ABW,2004,0.2,3.67255986041329
ABW,2005,0.2,3.94633072156501
ABW,2006,0.2,4.26739097630904
ABW,2007,0.2,4.57413879181228
ABW,2008,0.2,4.50370106126817
ABW,2009,0.3,4.85512381402307
ABW,2010,5.5,4.74086293917791
ABW,2011,5.7,2.83358189314852
ABW,2012,6.9,3.60580155604649
ABW,2013,6.9,3.90631653655075
ABW,2014,6.9,4.12987912777252
ABW,2015,6.7,4.28613793486924
ABW,2016,7.0,4.46439246921188
ABW,2017,6.8,4.29576493309422
ABW,2018,8.6,4.27241341315606
ABW,2019,8.3,4.66562273930203
ABW,2020,9.1,4.50053873852303
ABW,2021,8.8,4.71123491179201
ABW,2022,8.8,4.99021526418787
ABW,2023,,5.00284093555268
ABW,2024,,5.14838649937497
AFE,2000,65.3858665294723,1.0622421586223
AFE,2001,65.8173627780445,1.06415409635223
AFE,2002,65.0992811815578,1.06934927513265
AFE,2003,64.6151241962775,1.09630907924875
AFE,2004,63.6780350675331,1.15053019878162
AFE,2005,63.1090982683818,1.15252506257628
AFE,2006,62.7381235737246,1.14239262022554
AFE,2007,61.5051686589556,1.160496830435
AFE,2008,61.9080266133138,1.19288937244139
AFE,2009,61.3046006287143,1.10870336991863
AFE,2010,62.8763868126774,1.10738321159763
AFE,2011,62.8052791594478,1.06523535264226
AFE,2012,61.4099642987411,1.0733508354952
AFE,2013,60.8017990466951,1.08764447453486
AFE,2014,61.2358816947099,1.09673469389234
AFE,2015,61.6702780479896,1.04629121620399
AFE,2016,61.8228841937413,1.02549175379521
AFE,2017,61.4269497576408,1.0130084445419
AFE,2018,61.5875298317964,0.998509432404654
AFE,2019,62.6907096127666,0.984697077678186
AFE,2020,65.7823798017466,0.897581461901748
AFE,2021,,0.899169592257325
AFE,2022,,0.858131540848484
AFE,2023,,0.838104192853686
AFE,2024,,0.837679788408201
AFG,2000,45.0,0.0501382814099344
AFG,2001,45.6,0.0463511028500998
AFG,2002,37.8,0.0439140640871224
AFG,2003,36.7,0.0447454276810823
AFG,2004,44.2,0.038301143932592
AFG,2005,33.9,0.052297588398106
AFG,2006,31.9,0.0557935319150409
AFG,2007,28.8,0.0796685368947688
AFG,2008,21.2,0.14737589049906
AFG,2009,16.5,0.224491273806937
AFG,2010,15.2,0.278191742360873
AFG,2011,12.6,0.392640542832169
AFG,2012,15.4,0.323442048526517
AFG,2013,16.9,0.266539509081829
AFG,2014,19.1,0.242701667084292
AFG,2015,17.7,0.24909135686806
AFG,2016,20.2,0.219353479990497
AFG,2017,19.5,0.2913283907183
AFG,2018,18.3,0.321418704642259
AFG,2019,18.9,0.319752781855278
AFG,2020,18.2,0.310824605884889
AFG,2021,20.0,0.312156784785117
AFG,2022,20.0,0.278420956418618
AFG,2023,,0.280995468771367
AFG,2024,,0.2829802981146
AFW,2000,83.1015124875548,0.533537609815205
AFW,2001,81.9392428609391,0.55040539489395
AFW,2002,81.7355279822687,0.501426636040901
AFW,2003,80.7104497731199,0.529020104417553
AFW,2004,80.7905367283385,0.510638914894486
AFW,2005,80.9340336358309,0.500670870803654
AFW,2006,81.8733098332193,0.464210073462585
AFW,2007,82.3300149481968,0.436969665674297
AFW,2008,81.2111702741465,0.450434266332399
AFW,2009,82.3902132632194,0.416420043996867
AFW,2010,80.6878062215966,0.456012723102961
AFW,2011,79.282287064176,0.472775570240807
AFW,2012,78.4812300030604,0.468721100231262
AFW,2013,76.7014987422216,0.498999335377968
AFW,2014,75.7410088804396,0.51224822440794
AFW,2015,76.181670524591,0.502266448055976
AFW,2016,75.7968398295924,0.513942323028134
AFW,2017,76.1016805879549,0.490966546343485
AFW,2018,75.4765777368905,0.507304967920327
AFW,2019,75.0787881678252,0.51707519235084
AFW,2020,75.846980103796,0.499254271303253
AFW,2021,,0.527371718442601
AFW,2022,,0.52259737711558
AFW,2023,,0.495058505707121
AFW,2024,,0.503085151918467
AGO,2000,73.8,1.0195821898899
AGO,2001,72.8,0.966865641126569
AGO,2002,70.8,0.918500488726172
AGO,2003,65.6,0.965781216283453
AGO,2004,62.3,0.951069768682142
AGO,2005,68.9,0.810676972733782
AGO,2006,62.6,0.815392081219552
AGO,2007,58.9,0.820841250748789
AGO,2008,55.4,0.88603761448524
AGO,2009,53.0,0.940848252177258
AGO,2010,53.1,0.976178185498281
AGO,2011,51.7,0.976536306021153
AGO,2012,49.0,0.981682218580684
AGO,2013,46.8,1.09052642360471
AGO,2014,47.5,1.13720270585859
AGO,2015,47.1,1.17503861630089
AGO,2016,48.1,1.07167614647808
AGO,2017,52.5,0.92592191412033
AGO,2018,52.5,0.824809795011719
AGO,2019,51.0,0.833846270553112
AGO,2020,60.1,0.613970253682297
AGO,2021,52.9,0.740292552255736
AGO,2022,,0.748810952279567
AGO,2023,,0.743838637301548
AGO,2024,,0.741712294740973
ALB,2000,41.4,1.04657550743325
ALB,2001,39.0,1.12398874181296
ALB,2002,35.8,1.31323725585954
ALB,2003,33.7,1.38556975617973
ALB,2004,35.8,1.45837098137756
ALB,2005,36.8,1.3776914859669
ALB,2006,31.6,1.3817995172674
ALB,2007,32.0,1.42962144661125
ALB,2008,35.8,1.42332985219763
ALB,2009,37.1,1.46321851369709
ALB,2010,37.0,1.56778821711206
ALB,2011,35.8,1.72129581663193
ALB,2012,39.9,1.58649537107597
ALB,2013,41.1,1.69345614437421
ALB,2014,38.6,1.83944794209463
ALB,2015,38.5,1.78508860089342
ALB,2016,39.4,1.68739628528903
ALB,2017,36.9,2.0244422333699
ALB,2018,37.8,2.04549315439886
ALB,2019,40.1,1.94096037816015
ALB,2020,44.4,1.80646079858255
ALB,2021,41.9,2.0532886275877
ALB,2022,,1.84525761573088
ALB,2023,,1.75091161350407
ALB,2024,,1.7852214941728
AND,2000,14.5,
AND,2001,15.4,
AND,2002,15.8,
AND,2003,16.5,
AND,2004,16.6,
AND,2005,16.6,
AND,2006,17.6,
AND,2007,16.6,
AND,2008,17.0,
AND,2009,17.1,
AND,2010,18.7,
AND,2011,18.6,
AND,2012,18.8,
AND,2013,19.1,
AND,2014,19.4,
AND,2015,19.0,
AND,2016,18.9,
AND,2017,18.0,
AND,2018,17.6,
AND,2019,17.2,
AND,2020,20.9,
AND,2021,18.4,
AND,2022,18.7,
AND,2023,,
AND,2024,,
ARB,2000,6.68620917917034,3.51215227162771
ARB,2001,6.51598735228951,3.633115264201
ARB,2002,6.35988226243436,3.66779172215313
ARB,2003,6.46595494634639,3.68950797028463
ARB,2004,6.74118351399042,3.80568021763045
ARB,2005,6.40448670890967,3.97948589176681
ARB,2006,6.19564709639159,4.0799244861769
ARB,2007,5.60004577861799,4.13897390481685
ARB,2008,5.13130870182265,4.33298977663114
ARB,2009,5.05522238152558,4.37657957919495
ARB,2010,4.83562159152557,4.54319728443172
ARB,2011,4.65946283874801,4.56520875403576
ARB,2012,4.44428218260031,4.77443109767095
ARB,2013,4.48323739439238,4.75135321426347
ARB,2014,4.35137245136187,4.81372596274567
ARB,2015,4.21496941236506,4.80405395156763
ARB,2016,4.29077756155343,4.75246713161632
ARB,2017,4.3581617981618,4.73116992781887
ARB,2018,4.50425823426351,4.61885878026092
ARB,2019,4.70633158020559,4.57737026452394
ARB,2020,5.17060073389405,4.36164535072922
ARB,2021,,4.49856109572882
ARB,2022,,4.51655911861293
ARB,2023,,4.55256379383056
ARB,2024,,4.57571631886073
ARE,2000,0.1,25.3198800655489
ARE,2001,0.1,27.1939982651151
ARE,2002,0.1,26.1619793238318
ARE,2003,0.1,25.956044391153
ARE,2004,0.1,25.9698706267172
ARE,2005,0.1,26.2522643034306
ARE,2006,0.1,25.3932243317163
ARE,2007,0.1,24.382755503246
ARE,2008,0.1,26.0607102012736
ARE,2009,0.1,24.6511808903397
ARE,2010,0.1,25.0301244367043
ARE,2011,0.1,24.9498559934509
ARE,2012,0.1,25.0303188225095
ARE,2013,0.1,25.3545579109196
ARE,2014,0.1,24.5815838321273
ARE,2015,0.1,24.3205333372838
ARE,2016,0.1,23.7748451471417
ARE,2017,0.2,22.1639068763908
ARE,2018,0.3,20.0375833141554
ARE,2019,0.7,20.945786930361
ARE,2020,0.9,20.8141058466097
ARE,2021,1.0,20.8269278649571
ARE,2022,,19.3731459635094
ARE,2023,,18.3804823292732
ARE,2024,,18.2552064370494
ARG,2000,9.8,3.67485781688948
ARG,2001,11.5,3.49042420795313
ARG,2002,11.6,3.26103662726385
ARG,2003,10.8,3.51848864736106
ARG,2004,9.3,3.85579719412006
ARG,2005,9.6,3.91742679391727
ARG,2006,9.2,4.1027920897206
ARG,2007,7.7,4.32534235715168
ARG,2008,7.7,4.43359004127929
ARG,2009,8.6,4.03429401041948
ARG,2010,8.8,4.2945461050427
ARG,2011,8.8,4.42921822947444
ARG,2012,8.6,4.47886128746974
ARG,2013,8.9,4.53658672333476
ARG,2014,9.8,4.41674615124171
ARG,2015,9.4,4.51258701954955
ARG,2016,9.4,4.4223010437306
ARG,2017,10.4,4.32102910494897
ARG,2018,10.5,4.25075806940885
ARG,2019,10.7,4.07504069344001
ARG,2020,9.8,3.72002854932287
ARG,2021,9.2,4.09769704597303
ARG,2022,,4.2953116708492
ARG,2023,,4.16990486776205
ARG,2024,,4.01066531653131
ARM,2000,7.2,1.10822389866816
ARM,2001,5.4,1.13126595678436
ARM,2002,8.9,0.969248078004875
ARM,2003,9.8,1.09058915946583
ARM,2004,8.7,1.18777844481658
ARM,2005,6.5,1.41835113145182
ARM,2006,7.7,1.42166863867481
ARM,2007,7.0,1.65871789920834
ARM,2008,6.4,1.82971073175472
ARM,2009,7.8,1.46836268754077
ARM,2010,9.4,1.41194823962165
ARM,2011,8.0,1.61963737243634
ARM,2012,6.6,1.87480572732383
ARM,2013,6.8,1.81763732627399
ARM,2014,7.1,1.91144070608534
ARM,2015,10.7,1.86953338214737
ARM,2016,13.2,1.79624369214317
ARM,2017,12.6,1.90951198227831
ARM,2018,11.1,2.00458066689121
ARM,2019,10.3,2.16867510548523
ARM,2020,8.4,2.33479655579943
ARM,2021,9.1,2.51946122945009
ARM,2022,,2.61828101845615
ARM,2023,,2.52966973653139
ARM,2024,,2.47028185264546
ASM,2000,0.0,0.00175886025855246
ASM,2001,0.0,0.00175275620913887
ASM,2002,0.0,0.00175247975885879
ASM,2003,0.0,0.0017552790015973
ASM,2004,0.0,0.00176000563201802
ASM,2005,0.0,0.00176625395199322
ASM,2006,0.0,0.00177386738567425
ASM,2007,0.0,0.00178211822572309
ASM,2008,0.0,0.00179121587733754
ASM,2009,0.0,0.00180089324304855
ASM,2010,0.0,0.00181067574418773
ASM,2011,0.0,0.0018216595318335
ASM,2012,0.1,0.00183523279928059
ASM,2013,0.2,0.00185164611339481
ASM,2014,0.2,0.00187034751056746
ASM,2015,0.2,0.00189114565603843
ASM,2016,0.2,0.00191405876160398
ASM,2017,0.3,0.00193851044857132
ASM,2018,0.3,0.00196432780702444
ASM,2019,0.4,0.00199167479933876
ASM,2020,0.4,0.00200960591627982
ASM,2021,0.4,0.00203148806500762
ASM,2022,0.4,0.00206859459683091
ASM,2023,,0.00210433282127901
ASM,2024,,0.0021383513311237
ATG,2000,0.0,1.81145877829987
ATG,2001,0.0,1.74315424154386
ATG,2002,0.0,1.94854086613356
ATG,2003,0.0,2.10184376765446
ATG,2004,0.0,2.11384799095517
ATG,2005,0.0,2.16678599690997
ATG,2006,0.0,2.43412237606074
ATG,2007,0.0,2.62655439146186
ATG,2008,0.0,2.78729255113856
ATG,2009,0.0,3.16847445142742
ATG,2010,0.0,3.26887013595874
ATG,2011,0.1,2.46490293286383
ATG,2012,0.1,2.59912903965162
ATG,2013,0.1,2.95012718023256
ATG,2014,0.1,3.15101672956683
ATG,2015,0.4,3.25470590209039
ATG,2016,0.4,3.50009447698652
ATG,2017,0.4,3.06406685236769
ATG,2018,0.7,3.15861249807536
ATG,2019,0.7,3.74983582154897
ATG,2020,0.9,3.54941968076998
ATG,2021,0.9,3.58964363447357
ATG,2022,0.9,3.69452822059457
ATG,2023,,3.68747053024133
ATG,2024,,3.79857526767052
AUS,2000,8.4,18.5978917642845
AUS,2001,8.4,18.6995326153179
AUS,2002,8.7,18.9093269577501
AUS,2003,7.2,18.6676694689453
AUS,2004,6.7,19.1634087908315
AUS,2005,6.7,19.0378039300894
AUS,2006,6.8,19.0793285754815
AUS,2007,7.0,19.2389222350972
AUS,2008,6.8,19.02811960112
AUS,2009,7.1,18.9151698120932
AUS,2010,8.2,18.8509537372201
AUS,2011,8.3,18.480821685778
AUS,2012,8.3,18.1834489375025
AUS,2013,9.2,17.5432435542019
AUS,2014,9.3,16.8873574131124
AUS,2015,9.4,16.8219551608068
AUS,2016,9.6,16.8911897350521
AUS,2017,9.9,16.7209445382487
AUS,2018,9.8,16.3939979308791
AUS,2019,10.3,16.1007065925773
AUS,2020,11.2,15.3043785143331
AUS,2021,12.3,14.9787241100123
AUS,2022,,14.530502863688
AUS,2023,,14.1596700845561
AUS,2024,,14.0986639619808
AUT,2000,26.4,8.32478943567338
AUT,2001,25.5,8.87460827403329
AUT,2002,24.7,9.05961266559572
AUT,2003,22.6,9.625074325029
AUT,2004,23.2,9.7416827235943
AUT,2005,24.4,9.77338007389313
AUT,2006,26.6,9.4660900140664
AUT,2007,29.0,9.09435455688135
AUT,2008,29.7,9.04182372977167
AUT,2009,31.3,8.15744518101481
AUT,2010,31.1,8.82413428790478
AUT,2011,31.6,8.6022725227944
AUT,2012,34.4,8.18751763791919
AUT,2013,34.6,8.2087562440867
AUT,2014,35.7,7.71395434498633
AUT,2015,34.8,7.79423187131705
AUT,2016,34.6,7.75747687791272
AUT,2017,34.0,7.96641934826064
AUT,2018,34.1,7.60710822359904
AUT,2019,34.0,7.74519365039325
AUT,2020,35.8,7.05586627765098
AUT,2021,36.0,7.39223990896623
AUT,2022,,6.92858132698714
AUT,2023,,6.40359510066021
AUT,2024,,6.32278424603578
AZE,2000,2.1,3.57759113386179
AZE,2001,1.8,3.41713926422724
AZE,2002,2.4,3.36350565042615
AZE,2003,2.9,3.61612076608251
AZE,2004,3.1,3.55156804911816
AZE,2005,3.4,3.72019280611546
AZE,2006,2.9,3.76443064157793
AZE,2007,3.8,3.37022362579096
AZE,2008,3.1,3.67789898897688
AZE,2009,3.3,3.12751089916749
AZE,2010,4.4,2.94181834728393
AZE,2011,3.5,3.21257348402642
AZE,2012,2.8,3.47266029417207
AZE,2013,2.5,3.52686650169203
AZE,2014,2.1,3.64178419497101
AZE,2015,2.3,3.57774691556657
AZE,2016,1.9,3.52696895574541
AZE,2017,1.9,3.47329869912147
AZE,2018,1.9,3.49731397232391
AZE,2019,1.7,3.68923143929596
AZE,2020,1.3,3.50800312410799
AZE,2021,1.3,3.69156864195704
AZE,2022,,3.91289240245969
AZE,2023,,4.1112835014681
AZE,2024,,3.81144251153847
BDI,2000,93.2,0.0452072998120304
BDI,2001,94.7,0.0355422108973504
BDI,2002,94.6,0.0326341870292075
BDI,2003,95.8,0.026280839521612
BDI,2004,96.0,0.0299699507130413
BDI,2005,96.0,0.0242510542948156
BDI,2006,95.3,0.0292923047818543
BDI,2007,95.3,0.0456757847523743
BDI,2008,95.0,0.0259474981121343
BDI,2009,94.6,0.0248556994767115
BDI,2010,93.2,0.034117411675471
BDI,2011,92.1,0.0427455176375168
BDI,2012,91.7,0.0396483854478411
BDI,2013,90.8,0.0433169105214592
BDI,2014,91.3,0.0375470437605934
BDI,2015,91.2,0.0393751391707505
BDI,2016,89.6,0.043231648947978
BDI,2017,88.2,0.0474764316842566
BDI,2018,85.7,0.0654752338347002
BDI,2019,84.8,0.0624381085920451
BDI,2020,83.4,0.0733769801401851
BDI,2021,83.1,0.0692145551715359
BDI,2022,83.0,0.0698215770067585
BDI,2023,,0.0693599815916636
BDI,2024,,0.0689574855425617
BEL,2000,1.4,12.1836556517498
BEL,2001,1.6,12.225212096938
BEL,2002,1.7,11.4676730426502
BEL,2003,1.9,11.8899015654483
BEL,2004,2.0,11.7049703885478
BEL,2005,2.5,11.3572144110239
BEL,2006,2.9,11.0047176903814
BEL,2007,3.4,10.6264716677489
BEL,2008,4.0,10.6675992553856
BEL,2009,4.9,9.93765290266015
BEL,2010,6.2,10.5458393885377
BEL,2011,6.7,9.46659728377578
BEL,2012,7.7,9.27476642514783
BEL,2013,8.3,9.35170659157785
BEL,2014,9.1,8.72331187181937
BEL,2015,9.4,9.08415110044211
BEL,2016,9.2,8.94429666461985
BEL,2017,9.7,8.77081443615992
BEL,2018,10.7,8.79128601300038
BEL,2019,10.2,8.73127988733552
BEL,2020,12.3,7.96694296814415
BEL,2021,11.7,8.2875698190821
BEL,2022,,7.6776616173853
BEL,2023,,7.27763098404696
BEL,2024,,7.30661519351762
BEN,2000,70.3,0.214093266343738
BEN,2001,66.9,0.249449473218799
BEN,2002,64.0,0.279189715333064
BEN,2003,61.7,0.303295686756215
BEN,2004,60.7,0.313564226616338
BEN,2005,59.2,0.332477109339693
BEN,2006,57.3,0.443919541179229
BEN,2007,54.5,0.49124583746046
BEN,2008,54.8,0.47312305208688
BEN,2009,52.8,0.492616639306086
BEN,2010,47.2,0.518653564527383
BEN,2011,48.7,0.491508351362043
BEN,2012,50.3,0.454419683203629
BEN,2013,52.0,0.464168181148386
BEN,2014,51.0,0.494995287399714
BEN,2015,49.9,0.511448213359745
BEN,2016,45.4,0.610993036151454
BEN,2017,45.4,0.601713652575047
BEN,2018,44.0,0.666298053345352
BEN,2019,46.5,0.639872457668903
BEN,2020,46.2,0.666089321415813
BEN,2021,54.5,0.502981455061003
BEN,2022,,0.513056396449261
BEN,2023,,0.488426291085402
BEN,2024,,0.487328666439324
BFA,2000,83.9,0.0731706539893436
BFA,2001,81.7,0.0829849464835342
BFA,2002,81.8,0.0853882812864106
BFA,2003,80.8,0.0921992776321892
BFA,2004,82.0,0.0791894660751542
BFA,2005,85.4,0.0817032694873567
BFA,2006,84.8,0.0799863250308358
BFA,2007,82.9,0.110310889211461
BFA,2008,83.5,0.124543742130815
BFA,2009,83.3,0.117256031897002
BFA,2010,82.1,0.121305612623944
BFA,2011,81.4,0.133063992431119
BFA,2012,79.2,0.15032942321544
BFA,2013,78.7,0.171824228532949
BFA,2014,78.9,0.15105767526533
BFA,2015,78.8,0.209618038878152
BFA,2016,77.1,0.203332261693596
BFA,2017,74.6,0.228245053999348
BFA,2018,73.7,0.264797129779167
BFA,2019,72.7,0.271887847085997
BFA,2020,73.1,0.265430526722067
BFA,2021,71.2,0.292658735345638
BFA,2022,71.4,0.288261986140856
BFA,2023,,0.272029919860247
BFA,2024,,0.274990879570369
BGD,2000,60.2,0.200508674079581
BGD,2001,55.9,0.238535190866528
BGD,2002,54.4,0.247202877217844
BGD,2003,52.6,0.255292689169796
BGD,2004,52.0,0.265286510438952
BGD,2005,50.6,0.279053178068632
BGD,2006,48.6,0.297067114877888
BGD,2007,47.2,0.312314517812567
BGD,2008,45.2,0.343404266569929
BGD,2009,43.1,0.365403611658953
BGD,2010,40.3,0.399267470769648
BGD,2011,38.4,0.425203089273234
BGD,2012,37.3,0.450583313929743
BGD,2013,37.0,0.460477953853579
BGD,2014,35.4,0.485260877115325
BGD,2015,33.1,0.536099232905876
BGD,2016,30.2,0.584484613989962
BGD,2017,28.1,0.622997104678737
BGD,2018,27.0,0.643225929977613
BGD,2019,26.1,0.662908100271382
BGD,2020,27.2,0.626122292349066
BGD,2021,25.0,0.702428158073895
BGD,2022,,0.713556533909868
BGD,2023,,0.693947563901367
BGD,2024,,0.715539343541092
BGR,2000,8.0,5.89680364134317
BGR,2001,7.2,6.2958054683011
BGR,2002,8.7,6.07329618467708
BGR,2003,9.2,6.87596804610276
BGR,2004,9.6,6.66896898479433
BGR,2005,9.8,6.8534654520215
BGR,2006,10.0,7.10899139615699
BGR,2007,8.8,7.63903485834564
BGR,2008,9.9,7.28226303396129
BGR,2009,11.6,6.25111912335147
BGR,2010,14.3,6.69444084245238
BGR,2011,13.2,7.4553286135295
BGR,2012,15.6,6.83236589446759
BGR,2013,18.2,6.20837555281037
BGR,2014,17.1,6.68898259606321
BGR,2015,17.9,7.138544362474
BGR,2016,17.7,6.83625613002581
BGR,2017,17.1,7.2438350558862
BGR,2018,19.6,6.90134019828938
BGR,2019,19.3,6.74590424327681
BGR,2020,21.1,6.01693316252197
BGR,2021,20.4,7.04917445804336
BGR,2022,,7.64769654654833
BGR,2023,,5.73490257494032
BGR,2024,,5.30760215797104
BHR,2000,0.0,27.8732774764658
BHR,2001,0.0,27.8270902261551
BHR,2002,0.0,27.0590652632527
BHR,2003,0.0,26.0244049510998
BHR,2004,0.0,24.1830866740881
BHR,2005,0.0,26.2934535823821
BHR,2006,0.0,26.4976718615945
BHR,2007,0.0,24.8744581663532
BHR,2008,0.0,25.0739468018008
BHR,2009,0.0,23.4684724821052
BHR,2010,0.0,23.4711361344292
BHR,2011,0.0,24.2703050994962
BHR,2012,0.0,24.9936309104324
BHR,2013,0.0,25.6391882801584
BHR,2014,0.0,25.3239482048013
BHR,2015,0.0,24.4242594076429
BHR,2016,0.0,23.4996762017411
BHR,2017,0.0,22.4846714044751
BHR,2018,0.0,22.5016316377385
BHR,2019,0.0,24.8338675631303
BHR,2020,0.0,25.0238418045325
BHR,2021,0.0,24.8329361557867
BHR,2022,,25.4678810750754
BHR,2023,,24.5323732339754
BHR,2024,,23.8999918170545
BHS,2000,0.0,3.07965476245619
BHS,2001,0.4,3.02803840944863
BHS,2002,0.4,3.27760589118674
BHS,2003,1.5,2.4122663265975
BHS,2004,1.6,2.57223749345168
BHS,2005,1.7,2.50251530995016
BHS,2006,2.0,3.1443128812343
BHS,2007,3.5,3.71829487114175
BHS,2008,2.0,3.80207751591645
BHS,2009,1.5,3.12119291089
BHS,2010,1.3,3.49136546949749
BHS,2011,1.4,2.29791057463905
BHS,2012,1.4,2.70887876229462
BHS,2013,1.4,2.87924887782918
BHS,2014,1.4,2.97228863347441
BHS,2015,1.4,2.90751688093298
BHS,2016,1.2,3.20959657780469
BHS,2017,1.1,3.51818891890854
BHS,2018,1.1,3.08262692982478
BHS,2019,1.1,3.67517577753848
BHS,2020,1.4,2.96390417897101
BHS,2021,1.1,3.65514300923625
BHS,2022,1.1,3.53551107063979
BHS,2023,,3.52944121770479
BHS,2024,,3.63633645083395
BIH,2000,19.4,3.43316975862373
BIH,2001,20.3,3.3728936761354
BIH,2002,21.2,3.54063823274201
BIH,2003,20.1,3.63494469217951
BIH,2004,20.1,3.87204789582773
BIH,2005,19.7,4.11237124047325
BIH,2006,18.1,4.59986434577848
BIH,2007,14.8,4.91480591136147
BIH,2008,14.3,5.48500536029491
BIH,2009,17.4,5.58279640620095
BIH,2010,19.6,5.82913897832648
BIH,2011,14.2,6.75293000851462
BIH,2012,15.3,6.35152105670861
BIH,2013,19.5,6.42871959276172
BIH,2014,23.6,5.83357574795313
BIH,2015,25.2,5.92032322488213
BIH,2016,23.0,6.7682636611601
BIH,2017,18.5,6.99679935322086
BIH,2018,35.4,7.10487156775908
BIH,2019,36.8,6.75452909895075
BIH,2020,37.7,6.83055960433407
BIH,2021,36.6,7.09101986590062
BIH,2022,,6.98907452004835
BIH,2023,,6.53950474604507
BIH,2024,,6.44935787372249
BLR,2000,5.7,5.63748483157157
BLR,2001,6.3,5.53944992364947
BLR,2002,6.5,5.59425588928258
BLR,2003,6.2,5.69894155704101
BLR,2004,6.3,6.08289947550633
BLR,2005,6.8,6.21065065245296
BLR,2006,7.2,6.50329976582844
BLR,2007,7.3,6.38627760224321
BLR,2008,7.1,6.79739735106636
BLR,2009,7.4,6.48177831683936
BLR,2010,7.3,6.97190461749866
BLR,2011,7.5,6.65434111179211
BLR,2012,7.2,6.80323020321301
BLR,2013,7.0,6.82283812148219
BLR,2014,6.7,6.77047133861776
BLR,2015,6.8,6.25386583936119
BLR,2016,6.7,6.23725167194174
BLR,2017,7.3,6.3666212107869
BLR,2018,7.2,6.722115187495
BLR,2019,7.8,6.50202478662403
BLR,2020,8.4,6.20046882969124
BLR,2021,8.2,6.30387145078492
BLR,2022,,6.05700801391753
BLR,2023,,5.86387585149229
BLR,2024,,5.93649429972465
BLZ,2000,34.5,0.580151910929863
BLZ,2001,23.9,0.573720000483133
BLZ,2002,25.7,0.555449222488272
BLZ,2003,24.4,0.567518386534233
BLZ,2004,26.3,0.504991019110156
BLZ,2005,25.6,0.539446825700405
BLZ,2006,32.7,0.606159553699831
BLZ,2007,28.0,0.568726781492739
BLZ,2008,29.8,0.534891132569547
BLZ,2009,25.1,0.629210464022725
BLZ,2010,29.4,0.72850473855954
BLZ,2011,42.2,0.45829794254777
BLZ,2012,47.9,0.487120754513866
BLZ,2013,38.0,0.602118684998551
BLZ,2014,37.4,0.586089194464108
BLZ,2015,30.3,0.693733109198418
BLZ,2016,33.3,0.715098504270575
BLZ,2017,37.2,0.762857648136934
BLZ,2018,35.5,0.748502206582401
BLZ,2019,30.4,1.03206342706225
BLZ,2020,31.4,0.815225735136076
BLZ,2021,26.6,0.850141395132365
BLZ,2022,30.8,0.88023578897185
BLZ,2023,,0.913632980301917
BLZ,2024,,0.932452909809338
BMU,2000,0.5,2.44354183590577
BMU,2001,0.5,2.40354308435838
BMU,2002,0.5,2.66486434295645
BMU,2003,0.5,2.74099958323983
BMU,2004,0.5,2.76556630165454
BMU,2005,0.5,2.9659868284671
BMU,2006,0.4,3.68590253684311
BMU,2007,0.5,4.3977146484685
BMU,2008,0.5,4.40600315955766
BMU,2009,0.4,3.84960276881932
BMU,2010,0.4,4.84896037661828
BMU,2011,0.4,2.40691635416503
BMU,2012,0.4,2.79200578198159
BMU,2013,1.5,3.1144807625759
BMU,2014,0.4,4.28150923200428
BMU,2015,0.6,3.63513172822387
BMU,2016,1.1,4.91260697568126
BMU,2017,0.6,4.48740130233729
BMU,2018,0.7,4.71401043380176
BMU,2019,0.8,4.71867346779603
BMU,2020,0.9,3.32701686806872
BMU,2021,0.9,3.78511322856082
BMU,2022,0.9,3.97689539606789
BMU,2023,,3.99239543726236
BMU,2024,,4.1354663036079
BOL,2000,29.2,0.953345248599693
BOL,2001,29.0,0.906722195208447
BOL,2002,28.1,0.951411488642869
BOL,2003,27.0,0.996508557349155
BOL,2004,25.8,1.02693451431925
BOL,2005,24.6,1.06158115040733
BOL,2006,23.7,1.13232011673559
BOL,2007,22.1,1.23849365473324
BOL,2008,21.3,1.30378490888814
BOL,2009,20.6,1.36372054481332
BOL,2010,19.9,1.45277929592839
BOL,2011,18.1,1.55521407094396
BOL,2012,17.4,1.62055085263547
BOL,2013,16.0,1.69450194184791
BOL,2014,15.0,1.7940087500212
BOL,2015,14.2,1.81142391012742
BOL,2016,13.6,1.91061375561046
BOL,2017,14.3,1.92014923064189
BOL,2018,14.3,1.90865464156169
BOL,2019,13.5,1.88492609189688
BOL,2020,16.9,1.57121108732946
BOL,2021,12.8,1.83202986254917
BOL,2022,,1.93607699297368
BOL,2023,,1.99475521348588
BOL,2024,,2.29073378062186
BRA,2000,42.7,2.00787868943563
BRA,2001,41.3,1.9928207750233
BRA,2002,42.9,1.96879630651915
BRA,2003,45.1,1.91839410561756
BRA,2004,45.2,1.99978275095698
BRA,2005,46.1,1.99935674253319
BRA,2006,46.7,2.00204169117872
BRA,2007,47.2,2.08496718576573
BRA,2008,47.0,2.16839391882541
BRA,2009,48.9,2.00746250710986
BRA,2010,46.8,2.27112813109879
BRA,2011,45.2,2.37418967936326
BRA,2012,43.5,2.52901988702936
BRA,2013,42.3,2.63744450973958
BRA,2014,41.7,2.7310345760982
BRA,2015,43.7,2.56818858918394
BRA,2016,45.4,2.37533549789759
BRA,2017,45.3,2.41694955353585
BRA,2018,46.9,2.28562350357953
BRA,2019,47.5,2.25869881785082
BRA,2020,50.0,2.1466461829
BRA,2021,46.5,2.41580858865319
BRA,2022,,2.27889577215227
BRA,2023,,2.27447826989363
BRA,2024,,2.31826466114939
BRB,2000,11.9,2.24373528502688
BRB,2001,10.8,2.15261503286653
BRB,2002,9.8,2.29454699638082
BRB,2003,8.6,2.39750767563663
BRB,2004,8.7,2.35953879191015
BRB,2005,8.7,2.40299807224253
BRB,2006,8.8,2.58479566818024
BRB,2007,8.6,2.47559788859072
BRB,2008,7.6,2.90450801939028
BRB,2009,8.5,2.91365554878649
BRB,2010,8.2,2.98063892633055
BRB,2011,4.1,2.45854442871163
BRB,2012,3.8,2.32398587409456
BRB,2013,3.1,2.63158842490051
BRB,2014,3.0,2.39628091453864
BRB,2015,3.0,2.57894548191691
BRB,2016,2.8,2.76396826872867
BRB,2017,4.3,2.43387074322467
BRB,2018,4.9,2.77224618914114
BRB,2019,3.4,3.08882780300633
BRB,2020,4.7,2.38766338419158
BRB,2021,5.5,2.30908001857188
BRB,2022,5.5,2.4401561359885
BRB,2023,,2.44602176130568
BRB,2024,,2.52348061897496
BRN,2000,0.0,18.6101512143715
BRN,2001,0.0,17.5847845325414
BRN,2002,0.0,16.3425943622298
BRN,2003,0.0,18.6157276920813
BRN,2004,0.0,17.7642521768945
BRN,2005,0.0,16.7426361599929
BRN,2006,0.0,23.6259231125724
BRN,2007,0.0,22.0679316100121
BRN,2008,0.0,23.5785205125558
BRN,2009,0.0,20.8361042415678
BRN,2010,0.0,18.8093247555642
BRN,2011,0.0,19.6830658831365
BRN,2012,0.0,18.7948919633985
BRN,2013,0.0,18.9425148710366
BRN,2014,0.0,19.4524295140972
BRN,2015,0.0,17.4445539207791
BRN,2016,0.0,18.4753627527107
BRN,2017,0.0,18.188792250885
BRN,2018,0.0,18.3419748292638
BRN,2019,0.0,17.1760639739767
BRN,2020,0.0,22.6370349840413
BRN,2021,0.0,22.1070085296012
BRN,2022,,20.9436282583394
BRN,2023,,21.14308997296
BRN,2024,,20.2426516194424
BTN,2000,91.4,0.679217843960842
BTN,2001,90.2,0.719064037957151
BTN,2002,89.7,0.764562970745137
BTN,2003,89.7,0.777840332589471
BTN,2004,90.9,0.770124695639342
BTN,2005,88.7,0.82025790757934
BTN,2006,91.6,0.847645867092825
BTN,2007,92.0,0.850670678606214
BTN,2008,87.8,0.844611576292597
BTN,2009,87.8,1.1543427263872
BTN,2010,84.8,1.28984994983125
BTN,2011,84.9,1.55939648452092
BTN,2012,82.8,1.47097572910959
BTN,2013,81.7,1.52604605438228
BTN,2014,82.1,1.54036274158106
BTN,2015,81.6,1.76825299952202
BTN,2016,80.8,1.90461927671535
BTN,2017,79.7,1.95350871960071
BTN,2018,80.0,2.30402009058136
BTN,2019,81.0,2.36171982050772
BTN,2020,83.9,1.83518050508697
BTN,2021,81.8,1.99176727595359
BTN,2022,82.5,1.94285158160822
BTN,2023,,1.98465128404026
BTN,2024,,2.01118348906666
BWA,2000,38.5,2.44404673473305
BWA,2001,37.5,2.31028807641857
BWA,2002,36.1,2.39310439297486
BWA,2003,36.2,2.32883716948916
BWA,2004,34.3,2.24298424145033
BWA,2005,33.0,2.38640952628899
BWA,2006,31.8,2.21315795650717
BWA,2007,29.0,2.3141992914403
BWA,2008,27.8,2.31254839818048
BWA,2009,28.9,2.0736203284015
BWA,2010,29.9,1.66355894980648
BWA,2011,28.9,1.93548698237551
BWA,2012,27.8,1.67156956431633
BWA,2013,26.7,2.57945832216088
BWA,2014,25.8,3.29095543184208
BWA,2015,26.1,3.21839372606118
BWA,2016,26.7,3.02151088073257
BWA,2017,26.7,3.28258954351765
BWA,2018,25.6,3.57037693642974
BWA,2019,26.2,3.14825844534693
BWA,2020,27.7,2.57488289838852
BWA,2021,27.4,2.72602991287315
BWA,2022,,2.80246010889007
BWA,2023,,2.7096930785842
BWA,2024,,2.73749285541178
CAF,2000,88.9,0.0668855141210868
CAF,2001,88.9,0.0697029993976253
CAF,2002,89.2,0.069694117212425
CAF,2003,90.2,0.0644393025152288
CAF,2004,90.6,0.0611282223493176
CAF,2005,91.0,0.0588974564039908
CAF,2006,90.8,0.0611753665667713
CAF,2007,90.9,0.0600972042027709
CAF,2008,93.6,0.0439790970970725
CAF,2009,93.9,0.0431878936120557
CAF,2010,93.8,0.044491480627065
CAF,2011,93.3,0.0476449067813708
CAF,2012,93.1,0.047952133750668
CAF,2013,95.1,0.0320522555159282
CAF,2014,94.8,0.0349759105308854
CAF,2015,92.9,0.0504177719405874
CAF,2016,92.1,0.0533555326292949
CAF,2017,91.6,0.0552204845258517
CAF,2018,91.4,0.0601599989505309
CAF,2019,91.3,0.0611563525655636
CAF,2020,90.9,0.0633426623175616
CAF,2021,90.9,0.0631247432561961
CAF,2022,90.9,0.0632596180609838
CAF,2023,,0.0645327701288385
CAF,2024,,0.0632938700243308
CAN,2000,20.3,17.6990281801997
CAN,2001,19.8,17.2263337035681
CAN,2002,20.1,17.6683722055528
CAN,2003,19.7,18.1301542885681
CAN,2004,20.4,17.5256514747091
CAN,2005,21.6,18.0601166179094
CAN,2006,21.5,17.6443460330114
CAN,2007,21.6,18.0804998989628
CAN,2008,21.6,17.3072079421311
CAN,2009,22.2,16.140062037934
CAN,2010,21.4,16.5297747432196
CAN,2011,21.5,16.7674945217889
CAN,2012,21.8,16.3390529794046
CAN,2013,22.2,16.396768369606
CAN,2014,22.2,16.3774543965685
CAN,2015,22.3,16.0870291468599
CAN,2016,22.1,15.8982424179268
CAN,2017,22.8,16.196245321702
CAN,2018,22.3,16.5238820455635
CAN,2019,22.4,16.190860373335
CAN,2020,23.9,14.4219048812634
CAN,2021,23.8,14.6897593568847
CAN,2022,,14.7839088196158
CAN,2023,,14.1600452924171
CAN,2024,,14.0072704088031
CEB,2000,9.93462832051322,7.03890471790379
CEB,2001,9.886920662836,7.20435542096812
CEB,2002,10.1651233390795,7.09742209478405
CEB,2003,10.2752610927543,7.42976308551137
CEB,2004,10.7849700389784,7.42881926216633
CEB,2005,11.281127395073,7.44169350173254
CEB,2006,11.1059202329456,7.68161711173249
CEB,2007,11.3862829485805,7.76060463348834
CEB,2008,12.1782191475117,7.59072482538242
CEB,2009,13.7392384371762,6.95809441703389
CEB,2010,14.5716532675985,7.2660102095693
CEB,2011,14.7499600707318,7.29945689539269
CEB,2012,15.6926044784711,7.05399470144635
CEB,2013,16.6612114024685,6.8403502548835
CEB,2014,17.0702957655506,6.68351960958198
CEB,2015,17.1594982078853,6.80725105793823
CEB,2016,16.8577627377285,6.92630565139744
CEB,2017,16.4703987047156,7.21192322255358
CEB,2018,18.1476863313142,7.20834934578621
CEB,2019,18.8601539560352,6.8563164746062
CEB,2020,19.6977838168354,6.45697745715754
CEB,2021,,7.0248875583285
CEB,2022,,6.77183501445676
CEB,2023,,6.09126991078499
CEB,2024,,5.93471167460506
CHE,2000,18.2,6.23089396944705
CHE,2001,18.7,6.38860757077529
CHE,2002,18.2,6.11934268739105
CHE,2003,18.0,6.24858887469834
CHE,2004,18.1,6.27946614341052
CHE,2005,18.7,6.32417274709346
CHE,2006,18.1,6.22760703127526
CHE,2007,19.3,5.90856955335217
CHE,2008,19.6,6.01237631044729
CHE,2009,20.0,5.76174764144517
CHE,2010,20.6,5.92014552501505
CHE,2011,20.6,5.34446068056738
CHE,2012,21.9,5.45216429296445
CHE,2013,21.8,5.51425294455201
CHE,2014,22.2,4.9941693678652
CHE,2015,23.9,4.85628796304837
CHE,2016,24.1,4.87123534246438
CHE,2017,25.0,4.71119898152355
CHE,2018,24.2,4.52389143055195
CHE,2019,24.8,4.47745146514166
CHE,2020,26.4,4.16061648264036
CHE,2021,27.7,4.32303993798183
CHE,2022,,3.92846693573085
CHE,2023,,3.78746475067225
CHE,2024,,3.74568795220564
CHI,2000,,
CHI,2001,,
CHI,2002,,
CHI,2003,,
CHI,2004,,
CHI,2005,,
CHI,2006,,
CHI,2007,,
CHI,2008,,
CHI,2009,,
CHI,2010,,
CHI,2011,,
CHI,2012,,
CHI,2013,,
CHI,2014,,
CHI,2015,,
CHI,2016,,
CHI,2017,,
CHI,2018,,
CHI,2019,,
CHI,2020,,
CHI,2021,,
CHI,2022,,
CHI,2023,,
CHI,2024,,
CHL,2000,31.4,3.47382404191017
CHL,2001,32.1,3.29401921683893
CHL,2002,33.1,3.29162863363271
CHL,2003,31.6,3.37761857406592
CHL,2004,31.4,3.61395788630139
CHL,2005,32.3,3.6175914799259
CHL,2006,32.9,3.65616252034094
CHL,2007,30.5,4.06392771027535
CHL,2008,30.8,4.23564646521513
CHL,2009,31.5,4.01098641712794
CHL,2010,27.0,4.2093619030369
CHL,2011,28.8,4.55717718537356
CHL,2012,30.3,4.64341271955513
CHL,2013,30.2,4.82901967693119
CHL,2014,27.0,4.4057176939683
CHL,2015,25.1,4.67539634716479
CHL,2016,24.6,4.86474105721938
CHL,2017,24.1,4.83609776199712
CHL,2018,25.5,4.75406192633103
CHL,2019,25.3,4.96139546396702
CHL,2020,26.7,4.51770681212954
CHL,2021,24.2,4.57991726498939
CHL,2022,,4.62474983424569
CHL,2023,,3.91719041336885
CHL,2024,,3.93744000373189
CHN,2000,29.6,2.88907594771294
CHN,2001,28.4,3.00747564571294
CHN,2002,27.0,3.22795454545455
CHN,2003,23.9,3.70467882645141
CHN,2004,20.2,4.24069749050016
CHN,2005,17.4,4.78299420120885
CHN,2006,16.4,5.28052516361306
CHN,2007,14.9,5.7076324565497
CHN,2008,14.1,5.85225866357655
CHN,2009,13.4,6.24909018523805
CHN,2010,12.3,6.80718476794211
CHN,2011,11.3,7.40185065816131
CHN,2012,11.5,7.58441651466929
CHN,2013,11.5,7.89327631231478
CHN,2014,11.9,7.93164331637339
CHN,2015,12.2,7.79057049265868
CHN,2016,12.6,7.76322483949301
CHN,2017,13.1,7.87802652170332
CHN,2018,13.5,8.2177362485386
CHN,2019,14.3,8.39147587098516
CHN,2020,14.9,8.47858302033874
CHN,2021,15.2,8.88715660313235
CHN,2022,,8.86482511020235
CHN,2023,,9.23027553501428
CHN,2024,,9.31508933799393
CIV,2000,63.7,0.393649269755518
CIV,2001,64.7,0.384346412791568
CIV,2002,65.3,0.396005933281089
CIV,2003,70.3,0.304012299363856
CIV,2004,75.4,0.305981117632049
CIV,2005,77.9,0.318684175934195
CIV,2006,74.8,0.305580401271205
CIV,2007,76.3,0.296468595840396
CIV,2008,74.2,0.321574734065806
CIV,2009,73.7,0.291450017592556
CIV,2010,75.4,0.325279209216089
CIV,2011,79.1,0.307997563310417
CIV,2012,74.9,0.384376785213736
CIV,2013,72.2,0.409402344006993
CIV,2014,71.9,0.426425227791211
CIV,2015,64.5,0.44620325590139
CIV,2016,64.0,0.43877495464017
CIV,2017,62.5,0.461221278034062
CIV,2018,60.5,0.449429152663727
CIV,2019,61.1,0.467605284700189
CIV,2020,61.8,0.459550187168112
CIV,2021,58.2,0.580322307864011
CIV,2022,,0.605701555801839
CIV,2023,,0.575152377678325
CIV,2024,,0.589054440955677
CMR,2000,84.6,0.383989921027349
CMR,2001,85.3,0.372337680745734
CMR,2002,85.2,0.357348891560271
CMR,2003,85.3,0.354943027188784
CMR,2004,85.5,0.33936994141111
CMR,2005,86.3,0.320435144753662
CMR,2006,85.5,0.317753314780677
CMR,2007,80.8,0.373237607574027
CMR,2008,80.8,0.3805792337441
CMR,2009,79.2,0.403568614250496
CMR,2010,78.7,0.398005579196246
CMR,2011,78.6,0.367209784906356
CMR,2012,78.6,0.360945218894671
CMR,2013,77.7,0.382158504270741
CMR,2014,76.9,0.402109837976095
CMR,2015,78.1,0.403515922523748
CMR,2016,78.8,0.413632361438979
CMR,2017,79.2,0.408780434472765
CMR,2018,78.7,0.425229264580814
CMR,2019,78.9,0.402691984014017
CMR,2020,78.9,0.39632883817277
CMR,2021,79.2,0.384499667443882
CMR,2022,,0.377591519866032
CMR,2023,,0.364184752751828
CMR,2024,,0.353419532873246
COD,2000,97.9,0.0371727398112935
COD,2001,98.3,0.0350106917650027
COD,2002,98.3,0.0356238387555068
COD,2003,98.0,0.0419088893806427
COD,2004,97.9,0.0388664526195872
COD,2005,97.4,0.0422504365918147
COD,2006,97.3,0.0421028090513797
COD,2007,97.2,0.0451232624374833
COD,2008,97.0,0.0449242144792916
COD,2009,97.0,0.0423191311503679
COD,2010,96.8,0.0429619235950426
COD,2011,96.2,0.0475516268605633
COD,2012,95.5,0.0411769262109865
COD,2013,93.9,0.0439415039531586
COD,2014,92.9,0.0473985501773001
COD,2015,95.8,0.0443348733039091
COD,2016,97.0,0.0356208635159088
COD,2017,96.7,0.0373745177008366
COD,2018,96.4,0.0462188660927098
COD,2019,96.3,0.0478324083410493
COD,2020,96.2,0.0482487769194453
COD,2021,96.3,0.0466742294309333
COD,2022,,0.0610125487309351
COD,2023,,0.0580434409082674
COD,2024,,0.0568247825820182
COG,2000,64.9,1.43173787700172
COG,2001,61.2,1.34418648284191
COG,2002,68.6,0.853385683474042
COG,2003,62.1,1.03507128920732
COG,2004,63.1,1.01524195118066
COG,2005,63.1,1.17157455930687
COG,2006,69.3,1.25545648118301
COG,2007,60.2,1.07141690721857
COG,2008,56.8,1.07747214852886
COG,2009,55.9,1.14836451954455
COG,2010,54.5,1.18584852172315
COG,2011,64.3,1.05242743383335
COG,2012,65.1,0.944931388370302
COG,2013,62.3,1.11984540566293
COG,2014,62.1,1.0605360257884
COG,2015,64.2,1.12810370252086
COG,2016,67.7,1.07043781028987
COG,2017,69.8,1.03367382350737
COG,2018,70.6,1.17123140519682
COG,2019,69.8,1.28891524697681
COG,2020,71.4,1.28685363330599
COG,2021,71.4,1.20634406636725
COG,2022,,1.38493056623382
COG,2023,,1.27244805620677
COG,2024,,1.33536271579755
COL,2000,27.9,1.62232046746357
COL,2001,27.1,1.58737525769177
COL,2002,28.6,1.50246201581761
COL,2003,30.6,1.46690208610805
COL,2004,29.0,1.44656025415104
COL,2005,28.9,1.46901976755809
COL,2006,30.6,1.38318811487663
COL,2007,31.0,1.41654840316635
COL,2008,30.8,1.39852072752987
COL,2009,31.4,1.47547382640238
COL,2010,30.6,1.52200045741908
COL,2011,29.6,1.61663552853102
COL,2012,29.6,1.61000537888315
COL,2013,32.0,1.8121783209001
COL,2014,32.1,1.82364474726519
COL,2015,31.1,1.83556759919216
COL,2016,30.5,1.8654751539246
COL,2017,32.2,1.68289187289759
COL,2018,30.4,1.74191600051117
COL,2019,31.5,1.72438739011403
COL,2020,32.0,1.66507219030647
COL,2021,29.7,1.80057803586778
COL,2022,,1.70753982802254
COL,2023,,1.77360964835025
COL,2024,,1.79780371737796
COM,2000,69.9,0.168071929562752
COM,2001,69.5,0.177442344943533
COM,2002,70.3,0.179631183544066
COM,2003,64.4,0.228853032127175
COM,2004,63.5,0.241431090538381
COM,2005,65.7,0.228961137347999
COM,2006,61.8,0.26738188979633
COM,2007,74.4,0.17360238731649
COM,2008,73.4,0.16939268115562
COM,2009,68.5,0.206714884562121
COM,2010,66.0,0.238074876763037
COM,2011,69.0,0.210760774545846
COM,2012,68.3,0.213312207502604
COM,2013,63.6,0.250792884721456
COM,2014,68.0,0.217145957220138
COM,2015,67.0,0.235591359081414
COM,2016,64.0,0.270175168960594
COM,2017,59.5,0.344536382486926
COM,2018,57.7,0.268666001373787
COM,2019,55.3,0.287320520024715
COM,2020,50.8,0.334969326682981
COM,2021,41.2,0.485471305614698
COM,2022,39.3,0.515231578493098
COM,2023,,0.515412394592109
COM,2024,,0.514984514693732
CPV,2000,27.9,0.618110505452035
CPV,2001,26.0,0.705637496116604
CPV,2002,26.0,0.773585471238379
CPV,2003,24.8,0.767243437132301
CPV,2004,24.4,0.81252477209671
CPV,2005,23.9,1.25186811374623
CPV,2006,21.2,1.34616325133271
CPV,2007,21.0,1.50950240835164
CPV,2008,23.8,1.44687895802376
CPV,2009,22.1,1.3990172698912
CPV,2010,21.2,1.47081901354299
CPV,2011,20.8,1.70437992597473
CPV,2012,24.3,1.46106591399635
CPV,2013,25.9,1.42808336180389
CPV,2014,26.1,1.51095201102423
CPV,2015,26.4,1.54334359887118
CPV,2016,23.9,1.62012197739165
CPV,2017,21.8,1.73155024537282
CPV,2018,21.9,1.55059746988304
CPV,2019,19.7,1.62982587180804
CPV,2020,23.4,1.22076090145508
CPV,2021,22.6,1.2540428801759
CPV,2022,21.8,1.3085363671521
CPV,2023,,1.24595323654924
CPV,2024,,1.28830183071462
CRI,2000,33.0,1.30313360027163
CRI,2001,32.1,1.379963366939
CRI,2002,32.5,1.38535541703828
CRI,2003,33.3,1.46632440832863
CRI,2004,39.2,1.47144886356872
CRI,2005,41.7,1.49160807652233
CRI,2006,42.4,1.59797655356903
CRI,2007,41.2,1.76101901079574
CRI,2008,40.7,1.71851436108013
CRI,2009,40.7,1.62647554075289
CRI,2010,40.4,1.58829243966477
CRI,2011,38.0,1.66999542065841
CRI,2012,38.1,1.63797343615926
CRI,2013,37.8,1.68258114091864
CRI,2014,37.6,1.68785381694898
CRI,2015,38.3,1.61015749564449
CRI,2016,34.1,1.69149442839303
CRI,2017,33.3,1.70887391193112
CRI,2018,33.1,1.70246265595066
CRI,2019,33.4,1.63874650393745
CRI,2020,36.4,1.42529676301864
CRI,2021,34.2,1.59152551349924
CRI,2022,,1.61315999460817
CRI,2023,,1.58608566210135
CRI,2024,,1.63283566378358
CSS,2000,11.3438453713123,6.18566316560543
CSS,2001,10.4633576642336,6.7832981823572
CSS,2002,10.9455765407555,7.10349567382868
CSS,2003,10.0274405050996,7.92816077057707
CSS,2004,10.0686854460094,8.36697039064895
CSS,2005,8.82919141160347,9.97526094785784
CSS,2006,9.42070063694267,10.8026680553479
CSS,2007,8.52536082474227,11.0452065271887
CSS,2008,8.71866048862679,10.8484530539161
CSS,2009,8.57920034028073,10.4818805570138
CSS,2010,7.763243873979,11.4353149219988
CSS,2011,8.84632068164214,11.278360679697
CSS,2012,7.93956806787505,10.6508420944342
CSS,2013,6.8601581027668,10.4297831543079
CSS,2014,6.01613766730402,10.4323620929298
CSS,2015,6.1973602484472,10.3162562807256
CSS,2016,6.68268450932684,9.75370928698628
CSS,2017,7.41293833131802,9.31910108242063
CSS,2018,7.1973830973831,9.21371394967577
CSS,2019,5.88822815533981,9.57560586739
CSS,2020,6.28843567906768,8.74085226791099
CSS,2021,,8.53848494597321
CSS,2022,,8.59213618807687
CSS,2023,,8.14450926391357
CSS,2024,,8.13172771454883
CUB,2000,34.4,2.6101013141558
CUB,2001,34.0,2.49667717503705
CUB,2002,34.8,2.3766937945776
CUB,2003,33.6,2.30143800064642
CUB,2004,33.8,2.25263365447208
CUB,2005,26.3,2.32679017565643
CUB,2006,22.0,2.3753319353995
CUB,2007,18.6,2.44623324395833
CUB,2008,18.7,2.36176603793102
CUB,2009,19.0,2.38540684367623
CUB,2010,15.6,2.49451002437816
CUB,2011,19.2,2.45522503021925
CUB,2012,19.4,2.55579516374824
CUB,2013,18.2,2.56876181773557
CUB,2014,23.2,2.38402768086374
CUB,2015,21.1,2.61116898217438
CUB,2016,19.2,2.42368545978683
CUB,2017,22.0,2.35681925818751
CUB,2018,24.0,2.38546526365894
CUB,2019,23.1,1.98985150737589
CUB,2020,24.5,1.6536430395816
CUB,2021,20.9,1.95602152386118
CUB,2022,,1.78698206661591
CUB,2023,,1.81740702369189
CUB,2024,,1.9129886264601
CUW,2000,0.1,
CUW,2001,0.6,
CUW,2002,0.6,
CUW,2003,0.6,
CUW,2004,0.6,
CUW,2005,0.6,
CUW,2006,0.6,
CUW,2007,0.6,
CUW,2008,0.5,
CUW,2009,0.5,
CUW,2010,0.5,
CUW,2011,0.5,
CUW,2012,0.6,
CUW,2013,1.1,
CUW,2014,1.4,
CUW,2015,1.3,
CUW,2016,1.4,
CUW,2017,1.9,
CUW,2018,2.5,
CUW,2019,2.5,
CUW,2020,2.8,
CUW,2021,2.8,
CUW,2022,,
CUW,2023,,
CUW,2024,,
CYM,2000,0.0,3.32963653778293
CYM,2001,0.0,3.1833337389569
CYM,2002,0.0,3.36830220633203
CYM,2003,0.0,3.43242135931169
CYM,2004,0.0,3.08475921679308
CYM,2005,0.0,3.14396853894161
CYM,2006,0.0,3.4105987725991
CYM,2007,0.0,4.13387807676052
CYM,2008,0.0,4.35768606674356
CYM,2009,0.0,4.32551598312365
CYM,2010,0.0,4.56940054344812
CYM,2011,0.0,3.58954069704708
CYM,2012,0.0,3.34290114813778
CYM,2013,0.0,3.69448469866167
CYM,2014,0.0,3.85804521276596
CYM,2015,0.0,4.07027675935239
CYM,2016,0.0,4.17115689381933
CYM,2017,0.0,4.35422638878128
CYM,2018,0.0,4.68904020260536
CYM,2019,0.0,5.84460914640486
CYM,2020,0.0,4.83227534797042
CYM,2021,0.0,4.48023050151195
CYM,2022,0.0,5.00342221787655
CYM,2023,,4.92072619732194
CYM,2024,,4.99617228736049
CYP,2000,3.1,7.52680002574744
CYP,2001,3.0,7.25889846462136
CYP,2002,3.2,7.31170524942941
CYP,2003,3.2,7.84731740013405
CYP,2004,3.3,7.65231487166892
CYP,2005,3.4,7.63016201306566
CYP,2006,3.5,7.59803038263763
CYP,2007,4.3,7.74568058214957
CYP,2008,5.7,7.78551565223927
CYP,2009,6.3,7.47035932974632
CYP,2010,6.5,7.01719074742689
CYP,2011,7.6,6.67871500305715
CYP,2012,8.6,6.11139379970946
CYP,2013,9.7,5.440262861149
CYP,2014,9.5,5.67256975156453
CYP,2015,10.4,5.62213100101517
CYP,2016,10.3,5.83770911607033
CYP,2017,10.9,5.87048294831676
CYP,2018,12.0,5.67702050070156
CYP,2019,12.0,5.60889302704421
CYP,2020,15.0,5.22358661605671
CYP,2021,15.6,5.25252617267475
CYP,2022,,5.425313774533
CYP,2023,,5.35563459868429
CYP,2024,,5.40469504859816
CZE,2000,5.9,12.902573099746
CZE,2001,6.3,12.9423815445542
CZE,2002,7.3,12.4942776816049
CZE,2003,6.7,12.8180719674459
CZE,2004,7.1,12.8990092380177
CZE,2005,7.5,12.6378778002542
CZE,2006,7.9,12.7739538554172
CZE,2007,8.3,12.8496660008304
CZE,2008,9.0,12.1449804099396
CZE,2009,10.2,11.4624026803688
CZE,2010,10.9,11.551447766509
CZE,2011,12.2,11.253602294493
CZE,2012,12.8,10.8487615339863
CZE,2013,13.9,10.41753532722
CZE,2014,14.8,10.1886522126064
CZE,2015,14.8,10.2684424579836
CZE,2016,14.8,10.3928969863904
CZE,2017,14.5,10.4187499138699
CZE,2018,14.7,10.2865042924091
CZE,2019,15.9,9.72456561033821
CZE,2020,17.0,8.86715826663618
CZE,2021,17.2,9.4724309646164
CZE,2022,,9.15364691432385
CZE,2023,,7.88005974203708
CZE,2024,,7.12966532502255
DEU,2000,3.7,10.5993032021746
DEU,2001,3.9,10.7525841705381
DEU,2002,4.4,10.546202837135
DEU,2003,5.4,10.6369632865784
DEU,2004,6.3,10.4632650583049
DEU,2005,7.3,10.2067903422435
DEU,2006,8.6,10.3846207212787
DEU,2007,10.5,10.0478127320359
DEU,2008,10.2,10.1072965484379
DEU,2009,10.7,9.37864424258525
DEU,2010,11.6,9.96567124737992
DEU,2011,12.5,9.81776726131477
DEU,2012,13.6,9.94745307113612
DEU,2013,13.6,10.1408601249876
DEU,2014,14.0,9.61630846170469
DEU,2015,14.6,9.60884887243027
DEU,2016,14.2,9.58423383867929
DEU,2017,15.2,9.36976518940283
DEU,2018,16.0,9.00657809367265
DEU,2019,17.1,8.38218043063623
DEU,2020,18.5,7.72103264767393
DEU,2021,17.6,8.06128144646434
DEU,2022,,7.91182860265874
DEU,2023,,7.07982839106762
DEU,2024,,6.94395663386317
DJI,2000,31.4,0.981643691172968
DJI,2001,31.7,0.978850349987618
DJI,2002,32.4,0.984069363754974
DJI,2003,32.9,1.01644829438526
DJI,2004,33.6,0.958088616236788
DJI,2005,33.1,0.898629235897026
DJI,2006,33.0,0.845443369901048
DJI,2007,32.5,0.857834168831644
DJI,2008,33.1,0.903852659358779
DJI,2009,34.4,0.798988949312527
DJI,2010,32.5,0.872452703625151
DJI,2011,32.0,0.661108756660109
DJI,2012,32.3,0.82337985015728
DJI,2013,29.9,0.888889791475431
DJI,2014,29.4,0.881106034903168
DJI,2015,24.8,0.800048612533605
DJI,2016,23.6,0.718448267388038
DJI,2017,23.3,0.641423683758974
DJI,2018,24.7,0.686269570717672
DJI,2019,23.4,0.765677513458601
DJI,2020,27.5,0.674907798492202
DJI,2021,26.6,0.731060389851309
DJI,2022,26.9,0.762292717589368
DJI,2023,,0.763263436905869
DJI,2024,,0.765537056716653
DMA,2000,11.1,0.791113835734408
DMA,2001,9.4,0.798090440487348
DMA,2002,13.6,0.719645442976875
DMA,2003,10.6,0.817148443769973
DMA,2004,11.4,0.871097903829626
DMA,2005,10.0,0.856926702941776
DMA,2006,9.8,0.908351015899776
DMA,2007,7.8,1.09808706261711
DMA,2008,8.0,1.06892845731548
DMA,2009,7.5,1.0891031598513
DMA,2010,10.3,1.12258383072656
DMA,2011,13.8,0.861656988110582
DMA,2012,11.3,0.785613009635695
DMA,2013,11.4,0.859212508068565
DMA,2014,9.9,0.950648686285933
DMA,2015,8.7,1.02826303081949
DMA,2016,10.7,1.11628307904491
DMA,2017,9.7,1.01027797243635
DMA,2018,7.9,1.04878692756769
DMA,2019,7.6,1.26988803771361
DMA,2020,8.6,1.14098826454353
DMA,2021,8.8,1.13687092646052
DMA,2022,8.9,1.21509592074941
DMA,2023,,1.22387610885581
DMA,2024,,1.27331772524734
DNK,2000,10.7,9.95378693898587
DNK,2001,11.1,10.2155097528674
DNK,2002,11.9,10.0932099016896
DNK,2003,12.7,11.0731621530472
DNK,2004,14.4,10.0130575815849
DNK,2005,16.1,9.34585026622716
DNK,2006,15.3,10.777426621291
DNK,2007,17.7,9.86357439194586
DNK,2008,18.5,9.21101037002735
DNK,2009,19.3,8.7648139313193
DNK,2010,21.2,8.75320381499808
DNK,2011,23.8,7.80618220175594
DNK,2012,26.9,6.9026384708987
DNK,2013,27.0,7.18355983652162
DNK,2014,30.2,6.41399137942491
DNK,2015,32.5,5.99477468305967
DNK,2016,32.0,6.2287600754887
DNK,2017,35.0,5.81887534735593
DNK,2018,34.6,5.78874820578994
DNK,2019,37.2,5.17323991963432
DNK,2020,39.5,4.76521606117498
DNK,2021,39.5,5.04788249694838
DNK,2022,,4.8270407249692
DNK,2023,,4.4073670007762
DNK,2024,,4.2782054919933
DOM,2000,19.1,2.21497893219978
DOM,2001,18.9,2.19583469940138
DOM,2002,17.9,2.374394715007
DOM,2003,18.9,2.09259494333353
DOM,2004,20.7,1.91386125173149
DOM,2005,19.4,2.03684886147845
DOM,2006,18.0,2.20308284293328
DOM,2007,17.9,2.19492921592553
DOM,2008,17.7,2.16443315822516
DOM,2009,17.3,2.04647320109352
DOM,2010,16.9,2.13109236851685
DOM,2011,16.8,2.12429168575798
DOM,2012,16.5,2.17318836341436
DOM,2013,16.6,2.10753894045547
DOM,2014,17.3,2.10372169025182
DOM,2015,14.9,2.28789566173054
DOM,2016,15.3,2.35715917178999
DOM,2017,16.9,2.23015375777069
DOM,2018,15.9,2.37696846787898
DOM,2019,14.4,2.61257459696093
DOM,2020,16.0,2.44597258432274
DOM,2021,14.8,2.66716087668998
DOM,2022,,2.85936787390744
DOM,2023,,2.89366632939923
DOM,2024,,2.99473457012728
DZA,2000,0.4,2.84556706172908
DZA,2001,0.4,2.73923253741053
DZA,2002,0.5,2.82473516050838
DZA,2003,0.5,2.9993425497372
DZA,2004,0.4,2.96141820014695
DZA,2005,0.6,3.06259438261496
DZA,2006,0.4,3.13780186991803
DZA,2007,0.4,3.18566716670446
DZA,2008,0.3,3.26590250079552
DZA,2009,0.3,3.27099589762822
DZA,2010,0.3,3.27777236779378
DZA,2011,0.2,3.38189926038203
DZA,2012,0.2,3.72600758334859
DZA,2013,0.1,3.79361564251901
DZA,2014,0.1,3.95441595238121
DZA,2015,0.1,4.11245469680565
DZA,2016,0.1,3.93495625205734
DZA,2017,0.1,3.98952018838216
DZA,2018,0.2,4.1125786627396
DZA,2019,0.2,4.19651934911155
DZA,2020,0.1,3.90423106841135
DZA,2021,0.1,4.05087238809753
DZA,2022,,4.16005852930563
DZA,2023,,4.12827519079225
DZA,2024,,3.98080005796518
EAP,2000,31.6527774362387,2.46536037993299
EAP,2001,30.4766600589993,2.56176205126637
EAP,2002,29.2833650336476,2.72437122952603
EAP,2003,26.642756693053,3.07461623107266
EAP,2004,23.2719848484571,3.46303280644141
EAP,2005,20.7412125979338,3.84561991877033
EAP,2006,19.7794500219053,4.18936745129756
EAP,2007,18.442744793017,4.49082287984058
EAP,2008,17.7862359678226,4.58671691508385
EAP,2009,16.97060416335,4.84328525865724
EAP,2010,15.7296949227323,5.24990739192369
EAP,2011,14.7055801193074,5.65774152841963
EAP,2012,14.7136828117177,5.78131370124571
EAP,2013,14.6049166091883,5.97762312203748
EAP,2014,14.8403680079479,6.02446626280268
EAP,2015,14.5349935193322,5.93749878650864
EAP,2016,14.9330102136904,5.92120471537406
EAP,2017,15.1598217902853,6.03063050404931
EAP,2018,15.2617412584325,6.30349613208098
EAP,2019,15.6869369882801,6.46382495043622
EAP,2020,16.1762699381612,6.47851984777322
EAP,2021,,6.74065000258692
EAP,2022,,6.77992863279642
EAP,2023,,7.05574473677688
EAP,2024,,7.14637561812689
EAR,2000,30.4115078474481,1.65322501372533
EAR,2001,30.2824344933359,1.65183810159944
EAR,2002,29.6019530457092,1.67372641046833
EAR,2003,29.033800310868,1.71450590265813
EAR,2004,28.3764922132302,1.77960530826857
EAR,2005,27.8795150462726,1.82588565073927
EAR,2006,27.1651772172781,1.89253355001028
EAR,2007,26.2096590198511,1.97042433177719
EAR,2008,25.9491221333158,2.01353644127267
EAR,2009,25.4129390516275,2.02076563233461
EAR,2010,24.8615971543891,2.09018483671092
EAR,2011,24.0855008274837,2.13572777035487
EAR,2012,23.7687952198121,2.21417129401198
EAR,2013,24.0275019293983,2.20096155382828
EAR,2014,23.4924369677916,2.27180089363971
EAR,2015,23.2788830905664,2.27042313979255
EAR,2016,23.2789953267586,2.27572767470134
EAR,2017,22.9476250496601,2.34041885787167
EAR,2018,23.0553629444334,2.34914194747078
EAR,2019,23.4235915027361,2.34551136850619
EAR,2020,24.9895503831566,2.20669817747014
EAR,2021,,2.33798703980314
EAR,2022,,2.41944100399443
EAR,2023,,2.48578818948767
EAR,2024,,2.53313315432389
EAS,2000,22.4699992122275,3.29458155101208
EAS,2001,21.7860879921779,3.37533083666071
EAS,2002,21.1665092061506,3.54131258790211
EAS,2003,19.8363938905982,3.85738325374365
EAS,2004,17.9775346321832,4.21050109862321
EAS,2005,16.4297576010523,4.55307793288689
EAS,2006,15.9686753943731,4.85228375111041
EAS,2007,15.0789487832137,5.14665987964942
EAS,2008,14.735235141223,5.19942886939859
EAS,2009,14.2636176245449,5.3996691604112
EAS,2010,13.434787598045,5.81654975558353
EAS,2011,12.7263364615484,6.21926979429324
EAS,2012,12.7952806131987,6.34131468170175
EAS,2013,12.807588042962,6.51542193314512
EAS,2014,13.1772220799983,6.52225101968073
EAS,2015,12.9820393664344,6.42689753242251
EAS,2016,13.3311956056945,6.41015459262032
EAS,2017,13.5844394239657,6.50728334868125
EAS,2018,13.7870493058758,6.7326608826646
EAS,2019,14.2375892668268,6.8464646686446
EAS,2020,14.8081424064458,6.80323279009124
EAS,2021,,7.05688175402826
EAS,2022,,7.06418419646893
EAS,2023,,7.28175538742866
EAS,2024,,7.35284100773285
ECA,2000,7.62529126114546,4.91955639128355
ECA,2001,7.46341990667124,4.77907593510346
ECA,2002,7.52963978899774,4.92047412617728
ECA,2003,7.30693300291376,5.20226980845506
ECA,2004,7.38659560693208,5.20431719119578
ECA,2005,7.2836157568398,5.23536657316969
ECA,2006,7.07847885220545,5.51850740971202
ECA,2007,6.63494298230947,5.7371560641892
ECA,2008,6.45158501915867,5.82820400839687
ECA,2009,7.42803913844124,5.2662310971512
ECA,2010,7.81163686125183,5.55900732896062
ECA,2011,7.06633152811845,5.8400494288861
ECA,2012,7.4990959908438,5.75096653814929
ECA,2013,8.04245729281583,5.66418623848333
ECA,2014,7.75696722378988,5.27685510918522
ECA,2015,8.89374944135576,4.94184733439809
ECA,2016,9.05362050305208,5.09254482303989
ECA,2017,8.68104031424437,5.23354010943634
ECA,2018,9.10455322874983,5.25258078297865
ECA,2019,10.0324286162535,5.06146841130229
ECA,2020,10.0604471757322,5.0718908381966
ECA,2021,,5.39013877576093
ECA,2022,,5.05570589189862
ECA,2023,,5.12273494733516
ECA,2024,,5.14090335677955
ECS,2000,7.60963626922575,8.07673509027769
ECS,2001,7.60911900870341,8.11616229728235
ECS,2002,7.57546823402183,8.09738684259982
ECS,2003,7.6788565938799,8.35827816230675
ECS,2004,7.93527297018763,8.35307533496453
ECS,2005,8.29181865284284,8.31420714903516
ECS,2006,8.57521802832624,8.42774247217405
ECS,2007,9.14113260306134,8.40985851496313
ECS,2008,9.47387156015955,8.27516075856126
ECS,2009,10.4249676128482,7.62289467853445
ECS,2010,10.8681448886901,7.92280229585391
ECS,2011,10.7258330443851,7.92228943715823
ECS,2012,11.5800703095476,7.81794465668212
ECS,2013,12.2761565609349,7.61128185120956
ECS,2014,12.4321725847963,7.27217510271339
ECS,2015,12.8744480605886,7.22573350402057
ECS,2016,12.8866548739741,7.20080851277939
ECS,2017,12.8819075023182,7.26694645380688
ECS,2018,13.4797382823169,7.24932413163467
ECS,2019,14.0059727126658,7.04139138576711
ECS,2020,15.106449203531,6.6167455075942
ECS,2021,,7.0922837354562
ECS,2022,,6.85482239935502
ECS,2023,,6.6297580426646
ECS,2024,,6.61623076737496
ECU,2000,19.4,1.73867458688905
ECU,2001,17.1,1.88347840635006
ECU,2002,17.1,1.84934747358749
ECU,2003,16.6,1.86512333773995
ECU,2004,16.7,1.96681520153907
ECU,2005,16.2,2.08473639953538
ECU,2006,14.2,2.19912763838417
ECU,2007,15.9,2.20911448593679
ECU,2008,15.3,2.24142348078606
ECU,2009,12.9,2.38705043871039
ECU,2010,11.8,2.53722052479008
ECU,2011,13.2,2.50021091296638
ECU,2012,13.2,2.48269447452299
ECU,2013,11.8,2.60378102840693
ECU,2014,12.2,2.71026279559796
ECU,2015,13.1,2.66047592480738
ECU,2016,14.8,2.548787986578
ECU,2017,17.0,2.44983761168802
ECU,2018,16.3,2.47598953802116
ECU,2019,17.7,2.41784020907472
ECU,2020,20.2,2.08585799722046
ECU,2021,18.9,2.32777079470983
ECU,2022,,2.47809443692364
ECU,2023,,2.60232947756693
ECU,2024,,2.64474970000791
EGY,2000,8.3,1.75027301728806
EGY,2001,7.8,1.89148509278964
EGY,2002,7.3,1.90141842765088
EGY,2003,7.4,1.89914658738482
EGY,2004,7.6,2.0184066565906
EGY,2005,6.5,2.1995658648073
EGY,2006,6.2,2.28386190572735
EGY,2007,6.0,2.39637572755543
EGY,2008,5.9,2.35283522329508
EGY,2009,5.7,2.40386934022582
EGY,2010,5.4,2.37407988100642
EGY,2011,5.4,2.40787061503775
EGY,2012,5.3,2.50058176167515
EGY,2013,5.3,2.39951090462348
EGY,2014,5.4,2.39012321445552
EGY,2015,5.3,2.40381816615146
EGY,2016,5.1,2.46076060182603
EGY,2017,4.9,2.52378641552398
EGY,2018,5.0,2.42443152195678
EGY,2019,6.2,2.20383858928624
EGY,2020,6.7,2.25205800434348
EGY,2021,6.1,2.35795200966486
EGY,2022,,2.29974804261299
EGY,2023,,2.40830000255291
EGY,2024,,2.50251380967098
EMU,2000,7.69138271481507,8.52236548959756
EMU,2001,7.87967318793515,8.63485379417168
EMU,2002,7.72741121092807,8.60677531449189
EMU,2003,8.27676091115823,8.76989286099687
EMU,2004,8.53780185867499,8.76920646534204
EMU,2005,8.86348553535542,8.69181336919018
EMU,2006,9.66669323919068,8.61344641173068
EMU,2007,10.7583861009619,8.49458702961589
EMU,2008,11.4399549852905,8.25408072494695
EMU,2009,12.5287114348868,7.58812570942578
EMU,2010,13.3754794114388,7.81274677656889
EMU,2011,13.4314628799734,7.5778267644778
EMU,2012,14.891399177858,7.44581645304157
EMU,2013,15.7321440646131,7.25259883158961
EMU,2014,16.3316892257358,6.89747143973225
EMU,2015,16.3581309358884,7.03426116556058
EMU,2016,16.3684648688886,7.00301910579466
EMU,2017,16.5848140905158,7.01273577131663
EMU,2018,17.5734985579415,6.81853132909868
EMU,2019,18.1503858953027,6.48602962527098
EMU,2020,19.8249328729026,5.81407530719613
EMU,2021,,6.19991469696055
EMU,2022,,6.07195738358754
EMU,2023,,5.52295041310514
EMU,2024,,5.40186008376873
ERI,2000,76.8,0.298304740789068
ERI,2001,74.8,0.318025465392835
ERI,2002,74.7,0.30322050599713
ERI,2003,75.0,0.28084492460212
ERI,2004,69.8,0.276105306425318
ERI,2005,74.7,0.227039153168759
ERI,2006,77.3,0.200998556686845
ERI,2007,79.1,0.1932399200648
ERI,2008,81.4,0.164434030565343
ERI,2009,81.7,0.166523251445262
ERI,2010,80.9,0.175472788475838
ERI,2011,77.1,0.205637180109289
ERI,2012,78.4,0.208858250345408
ERI,2013,79.7,0.193080836336668
ERI,2014,80.5,0.192428662307406
ERI,2015,81.2,0.185989838823833
ERI,2016,81.4,0.191122470075508
ERI,2017,81.6,0.186042997803099
ERI,2018,80.8,0.205182976484296
ERI,2019,80.6,0.207888786905969
ERI,2020,80.9,0.204024524264334
ERI,2021,80.7,0.212495854704056
ERI,2022,,0.219947692397037
ERI,2023,,0.220205798195592
ERI,2024,,0.220047329974547
ESP,2000,7.9,7.64971752025199
ESP,2001,8.9,7.60182785916578
ESP,2002,7.4,7.93091826283723
ESP,2003,8.9,7.96364196200096
ESP,2004,8.0,8.21253115688392
ESP,2005,7.3,8.42628442319919
ESP,2006,8.5,8.07106843546116
ESP,2007,9.0,8.21432370534791
ESP,2008,9.7,7.40131034210523
ESP,2009,12.2,6.47936608687463
ESP,2010,14.4,6.17799635729276
ESP,2011,14.7,6.19393014485236
ESP,2012,15.8,6.09265740713323
ESP,2013,16.9,5.5007234648845
ESP,2014,17.3,5.49369292128904
ESP,2015,16.3,5.84933711711804
ESP,2016,16.7,5.66204126256542
ESP,2017,15.2,5.97761510797052
ESP,2018,16.9,5.80969253331158
ESP,2019,16.7,5.3981216422823
ESP,2020,19.3,4.52823497177668
ESP,2021,19.0,4.91513320564969
ESP,2022,,4.99422196018416
ESP,2023,,4.57046216901007
ESP,2024,,4.50540688376633
EST,2000,19.8,12.7571162181412
EST,2001,18.9,13.1461730476221
EST,2002,19.3,12.7007648530105
EST,2003,19.9,14.2657873234504
EST,2004,20.0,14.7118270889142
EST,2005,18.9,14.813456108948
EST,2006,17.2,14.4285385466398
EST,2007,18.6,17.1806098397828
EST,2008,20.5,15.6166002288552
EST,2009,24.2,13.0675938449549
EST,2010,25.3,16.6849546555512
EST,2011,25.2,16.8260839104471
EST,2012,25.0,16.0506269014195
EST,2013,24.5,17.9337282254815
EST,2014,25.3,17.3074333704818
EST,2015,28.2,15.9815175075091
EST,2016,27.2,15.6467217413113
EST,2017,27.5,16.6729670316324
EST,2018,28.6,17.8889647853178
EST,2019,31.3,11.6534202327534
EST,2020,40.4,9.12576098778358
EST,2021,38.0,9.71169075504984
EST,2022,,11.1341597224282
EST,2023,,8.37350742837627
EST,2024,,7.75936884491537
ETH,2000,95.5,0.0575065136518114
ETH,2001,94.6,0.0688999021151379
ETH,2002,94.5,0.068704745999111
ETH,2003,94.2,0.0712516626956825
ETH,2004,94.1,0.0753366257956424
ETH,2005,94.7,0.0698363747100678
ETH,2006,94.5,0.071814738123469
ETH,2007,94.1,0.0764266442296692
ETH,2008,94.1,0.0802467343345623
ETH,2009,94.2,0.0785136417026359
ETH,2010,94.1,0.0760019100821557
ETH,2011,93.6,0.0854374939680603
ETH,2012,93.3,0.0938018335872736
ETH,2013,92.4,0.106072048801188
ETH,2014,91.4,0.122678387639653
ETH,2015,91.5,0.130068091316854
ETH,2016,90.4,0.15021997848876
ETH,2017,90.8,0.144744318001779
ETH,2018,90.0,0.155059082147088
ETH,2019,89.3,0.159693432847017
ETH,2020,90.7,0.151498089800296
ETH,2021,90.6,0.156331429015701
ETH,2022,,0.146229646781817
ETH,2023,,0.147767891652244
ETH,2024,,0.146636636122491
EUU,2000,8.97097778304585,8.29081461709286
EUU,2001,8.95821365646506,8.40120844371485
EUU,2002,8.85977327804269,8.35754022508724
EUU,2003,9.24891789838676,8.55607280870197
EUU,2004,9.54963915397878,8.53969129432432
EUU,2005,10.0205156530631,8.45772065007797
EUU,2006,10.6866219026938,8.46638087717496
EUU,2007,11.7554752685425,8.35184886586125
EUU,2008,12.456805484523,8.12232302916334
EUU,2009,13.6219724174621,7.47936172783522
EUU,2010,14.469048952148,7.7121715794747
EUU,2011,14.6250037786311,7.50585258859823
EUU,2012,16.0530317099573,7.34621232551448
EUU,2013,16.7974520279699,7.14912584618353
EUU,2014,17.4415753867716,6.82268606570061
EUU,2015,17.6122764341327,6.94479495177865
EUU,2016,17.523235814157,6.9487174244534
EUU,2017,17.6857102209371,6.99426005138854
EUU,2018,18.7249884796166,6.83457757497087
EUU,2019,19.3440009483852,6.50775335523423
EUU,2020,21.0591470733795,5.90418586587991
EUU,2021,,6.31584352673514
EUU,2022,,6.14633675709531
EUU,2023,,5.59079756161286
EUU,2024,,5.46920331874023
FIN,2000,31.7,11.1139059493154
FIN,2001,29.2,12.2543758606386
FIN,2002,29.5,12.6383158244494
FIN,2003,28.4,14.2135432592354
FIN,2004,31.1,13.4759720988521
FIN,2005,31.5,11.1028086409399
FIN,2006,31.2,13.2647256083435
FIN,2007,31.8,12.8705811614152
FIN,2008,34.6,11.2598169269803
FIN,2009,32.5,10.6915488312042
FIN,2010,33.4,12.2771915772077
FIN,2011,35.1,10.8053750812877
FIN,2012,38.7,9.66512380653683
FIN,2013,38.5,9.80540072646081
FIN,2014,41.2,9.05273118506377
FIN,2015,43.2,8.39046261440988
FIN,2016,42.4,8.88160307084068
FIN,2017,44.4,8.36494370044446
FIN,2018,44.2,8.6010307269027
FIN,2019,45.4,7.99426833424913
FIN,2020,47.3,7.13874546232844
FIN,2021,50.2,7.09479866241161
FIN,2022,,6.68162198489374
FIN,2023,,5.88954587564164
FIN,2024,,5.53521221243539
FJI,2000,50.1,1.71635694230886
FJI,2001,40.4,1.84040414502893
FJI,2002,49.0,1.50783929589103
FJI,2003,40.8,1.76073490740933
FJI,2004,35.7,2.26335424753479
FJI,2005,40.0,1.96151540324509
FJI,2006,39.1,2.08992941097191
FJI,2007,36.0,1.92029243778346
FJI,2008,42.1,1.42982226015304
FJI,2009,41.6,1.17223796596046
FJI,2010,28.0,1.86342771844612
FJI,2011,33.4,1.36409091456743
FJI,2012,33.3,1.31727652095598
FJI,2013,32.8,1.49844164687806
FJI,2014,33.2,1.70000599399511
FJI,2015,32.7,1.76054728068819
FJI,2016,27.7,1.73254885406989
FJI,2017,28.6,1.67682711135347
FJI,2018,25.8,1.80433502693037
FJI,2019,26.5,1.76959423936413
FJI,2020,31.8,1.17414583977713
FJI,2021,29.7,1.46469279849375
FJI,2022,28.4,1.56000182723494
FJI,2023,,1.55581645737411
FJI,2024,,1.62222863442953
FRA,2000,9.3,6.58034817935345
FRA,2001,9.4,6.59967427030181
FRA,2002,8.7,6.46436747006761
FRA,2003,8.8,6.49767617932604
FRA,2004,8.9,6.46668310699496
FRA,2005,8.6,6.45391402908229
FRA,2006,8.5,6.24021668362979
FRA,2007,9.4,6.09003030294036
FRA,2008,10.5,5.94290191259616
FRA,2009,11.2,5.71717317269645
FRA,2010,11.9,5.80194807906
FRA,2011,10.6,5.56604040689413
FRA,2012,12.3,5.55949763606406
FRA,2013,13.4,5.45712098979101
FRA,2014,13.2,4.93048874498212
FRA,2015,13.3,4.99116340691761
FRA,2016,14.2,5.01727531627851
FRA,2017,14.1,5.06155143263354
FRA,2018,15.2,4.89217066506758
FRA,2019,15.5,4.79214044818249
FRA,2020,16.8,4.24677642127474
FRA,2021,16.2,4.66820869200128
FRA,2022,,4.51246828877731
FRA,2023,,4.15598361008436
FRA,2024,,4.00355772602595
FRO,2000,2.8,0.0393408226603138
FRO,2001,2.6,0.0385976198134448
FRO,2002,3.4,0.0380268300411957
FRO,2003,3.1,0.0395569620253165
FRO,2004,3.4,0.0392691798941799
FRO,2005,3.8,0.0392894807584938
FRO,2006,4.3,0.0413778835212579
FRO,2007,4.5,0.04134110546116
FRO,2008,4.5,0.041197190351618
FRO,2009,5.1,0.0409920065587211
FRO,2010,3.4,0.0411048997040447
FRO,2011,5.0,0.0412014338098966
FRO,2012,4.7,0.0414164423276041
FRO,2013,4.5,0.0414550730645663
FRO,2014,6.5,0.0412992751977203
FRO,2015,7.5,0.0409014683627142
FRO,2016,6.3,0.0404342639953096
FRO,2017,6.0,0.0398573108272385
FRO,2018,5.9,0.0411788928760515
FRO,2019,5.4,0.0405483684108901
FRO,2020,5.3,0.0399535777477597
FRO,2021,5.1,0.0394062787337449
FRO,2022,7.9,0.0389588705637905
FRO,2023,,0.0386043604544285
FRO,2024,,0.0384333821376281
FSM,2000,1.3,0.00178501303059512
FSM,2001,1.4,0.0017799136741868
FSM,2002,1.6,0.00177859988616961
FSM,2003,0.9,0.00178118181413368
FSM,2004,1.0,0.00178691087781997
FSM,2005,1.4,0.00179513876422647
FSM,2006,1.4,0.00180621156156021
FSM,2007,1.2,0.0018201674554059
FSM,2008,1.4,0.00183594036865683
FSM,2009,1.1,0.0018525894569134
FSM,2010,2.0,0.00185977310768086
FSM,2011,1.6,0.00185704469906591
FSM,2012,1.4,0.00185373992028918
FSM,2013,1.4,0.0018497794138049
FSM,2014,1.5,0.00184508653455847
FSM,2015,1.7,0.0018396556164686
FSM,2016,1.9,0.00183360073344029
FSM,2017,1.7,0.00182680099743334
FSM,2018,2.0,0.00181968719577105
FSM,2019,2.0,0.0018135325801128
FSM,2020,2.0,0.00180316636012839
FSM,2021,2.1,0.00179172937719487
FSM,2022,2.0,0.00178389853185151
FSM,2023,,0.00177572582793217
FSM,2024,,0.00176740897843761
GAB,2000,72.8,5.17720677468618
GAB,2001,72.4,5.14741647952144
GAB,2002,79.8,4.81148732283377
GAB,2003,83.6,5.31146236481354
GAB,2004,85.8,4.66035316321154
GAB,2005,85.2,4.36742182241825
GAB,2006,86.2,3.78376980741041
GAB,2007,87.3,3.3257145280571
GAB,2008,87.3,3.43403798590695
GAB,2009,87.9,3.27951630880933
GAB,2010,85.8,3.46431347786676
GAB,2011,79.7,3.26602075775049
GAB,2012,75.5,3.1891467218658
GAB,2013,82.2,3.17695376880692
GAB,2014,81.3,3.16776342891399
GAB,2015,81.9,3.15596997338055
GAB,2016,81.5,3.12287828535461
GAB,2017,90.2,2.66535305299272
GAB,2018,90.3,2.44580571147547
GAB,2019,90.2,2.49273935862938
GAB,2020,91.3,2.3804551828839
GAB,2021,91.3,2.25718447508796
GAB,2022,,2.29694822208975
GAB,2023,,2.06073835645602
GAB,2024,,2.0474983378969
GBR,2000,1.0,9.37230154582975
GBR,2001,0.8,9.52500193970965
GBR,2002,1.0,9.21604321231769
GBR,2003,0.9,9.40083618149317
GBR,2004,1.1,9.35478076788979
GBR,2005,1.4,9.2634507993102
GBR,2006,1.6,9.20229684969568
GBR,2007,1.8,8.97579081257711
GBR,2008,2.4,8.63835719565399
GBR,2009,3.0,7.76330695463938
GBR,2010,3.2,7.97797355319206
GBR,2011,4.0,7.25917227971883
GBR,2012,4.2,7.55583494216069
GBR,2013,5.2,7.33137453615641
GBR,2014,6.6,6.6645615066776
GBR,2015,7.7,6.38967382119317
GBR,2016,7.7,5.9729506447581
GBR,2017,8.8,5.77150870171609
GBR,2018,10.2,5.64035331211248
GBR,2019,11.4,5.38832172660143
GBR,2020,13.6,4.79017680551393
GBR,2021,12.2,5.04516109767386
GBR,2022,,4.80505795730085
GBR,2023,,4.4477512185156
GBR,2024,,4.22077337220883
GEO,2000,47.2,1.27849706080084
GEO,2001,53.1,0.966228100876525
GEO,2002,56.8,0.903226455096939
GEO,2003,55.3,1.00105371411451
GEO,2004,54.5,1.09804600569342
GEO,2005,41.5,1.27593582421795
GEO,2006,37.2,1.46419894921769
GEO,2007,36.2,1.70871244130422
GEO,2008,36.3,1.47617910488095
GEO,2009,36.7,1.69653622216123
GEO,2010,39.1,1.66699456914275
GEO,2011,31.5,2.01914524945287
GEO,2012,28.7,2.21884676178385
GEO,2013,32.4,2.46103202330063
GEO,2014,30.7,2.64568558380433
GEO,2015,27.5,2.8580432698141
GEO,2016,27.2,2.95779616660474
GEO,2017,27.5,2.99648283639181
GEO,2018,27.4,2.98855589984192
GEO,2019,24.7,3.20488817553864
GEO,2020,23.4,3.1000484592432
GEO,2021,25.2,3.32825506052133
GEO,2022,,3.62639535278365
GEO,2023,,3.64859696572424
GEO,2024,,3.53241610924853
GHA,2000,71.6,0.306420193585739
GHA,2001,69.3,0.322486128251954
GHA,2002,65.7,0.370502978669703
GHA,2003,64.5,0.338470199967554
GHA,2004,62.4,0.307147817356431
GHA,2005,61.4,0.316524627476198
GHA,2006,58.6,0.375018955585641
GHA,2007,54.5,0.385855356837638
GHA,2008,57.3,0.356759557320251
GHA,2009,51.9,0.398915417913382
GHA,2010,51.9,0.436820497903925
GHA,2011,50.1,0.459557752784739
GHA,2012,46.5,0.541462365829504
GHA,2013,46.2,0.562243171221352
GHA,2014,47.7,0.529042716262329
GHA,2015,44.0,0.543997874552012
GHA,2016,45.2,0.546382156439567
GHA,2017,45.3,0.578922122819532
GHA,2018,42.1,0.621997458350585
GHA,2019,42.6,0.648665525979844
GHA,2020,40.0,0.71957907173867
GHA,2021,39.0,0.753155149511826
GHA,2022,,0.717599050497581
GHA,2023,,0.687364126711107
GHA,2024,,0.702085843566409
GIB,2000,0.0,12.3136886932044
GIB,2001,0.0,12.6550240445457
GIB,2002,0.0,12.7986777334627
GIB,2003,0.0,12.8209662587536
GIB,2004,0.0,13.7140867142608
GIB,2005,0.0,13.9320371703871
GIB,2006,0.0,14.3610191254984
GIB,2007,0.0,14.0571885622875
GIB,2008,0.0,14.17485943511
GIB,2009,0.0,15.3035071213055
GIB,2010,0.0,15.194572452637
GIB,2011,0.0,14.5041061276058
GIB,2012,0.0,14.6304911174248
GIB,2013,0.0,15.4225938840374
GIB,2014,0.0,16.3746076250267
GIB,2015,0.0,17.6904769077818
GIB,2016,0.0,18.1918117535207
GIB,2017,0.0,18.9750328515112
GIB,2018,0.0,19.7882595971768
GIB,2019,0.0,20.2118667943878
GIB,2020,0.0,17.6761673071075
GIB,2021,0.0,17.4073471159585
GIB,2022,,16.9028689941238
GIB,2023,,16.3551766265499
GIB,2024,,16.1483892293219
GIN,2000,85.5,0.173226848037783
GIN,2001,84.8,0.184473931962211
GIN,2002,84.3,0.195755946519199
GIN,2003,83.5,0.202721722021996
GIN,2004,83.2,0.201970135696478
GIN,2005,81.6,0.189522990005023
GIN,2006,81.1,0.196659927036593
GIN,2007,80.4,0.200760048274315
GIN,2008,80.2,0.208306604693263
GIN,2009,79.2,0.215694056923356
GIN,2010,75.7,0.241465874753248
GIN,2011,74.8,0.248995712600675
GIN,2012,76.4,0.229920924452238
GIN,2013,78.5,0.20281681180621
GIN,2014,78.6,0.206869669841795
GIN,2015,76.2,0.243671534205201
GIN,2016,75.3,0.267497057490953
GIN,2017,72.0,0.264023093159597
GIN,2018,73.2,0.294495596694597
GIN,2019,68.3,0.369331917381969
GIN,2020,65.8,0.403359971963588
GIN,2021,66.8,0.370350839534597
GIN,2022,66.6,0.371451377528373
GIN,2023,,0.348923061715176
GIN,2024,,0.352794025802477
GMB,2000,62.9,0.182944764700869
GMB,2001,59.6,0.199463415319352
GMB,2002,61.0,0.201668174131384
GMB,2003,62.4,0.200049315071966
GMB,2004,61.2,0.201565152173055
GMB,2005,61.7,0.199035774250961
GMB,2006,60.2,0.214426258180175
GMB,2007,57.3,0.219337242478369
GMB,2008,56.3,0.215089017147711
GMB,2009,53.9,0.232016081888532
GMB,2010,56.6,0.22879328153304
GMB,2011,56.2,0.233694797417461
GMB,2012,57.0,0.217513242170943
GMB,2013,59.3,0.212137920544533
GMB,2014,53.2,0.223512932149642
GMB,2015,49.0,0.228812481203886
GMB,2016,48.6,0.224978971165648
GMB,2017,48.0,0.223551557965647
GMB,2018,48.1,0.191821079232149
GMB,2019,47.4,0.189267206220664
GMB,2020,49.8,0.167744351248722
GMB,2021,48.6,0.185403006975905
GMB,2022,47.7,0.187713116401856
GMB,2023,,0.17562165357906
GMB,2024,,0.178370340740612
GNB,2000,91.2,0.16286816425469
GNB,2001,91.2,0.167687725020674
GNB,2002,91.0,0.17319381652314
GNB,2003,89.0,0.200560203699407
GNB,2004,88.6,0.199842467524673
GNB,2005,88.5,0.199263888939153
GNB,2006,88.3,0.204267213451819
GNB,2007,87.9,0.211787019309628
GNB,2008,88.4,0.195960630460991
GNB,2009,87.9,0.202505671927709
GNB,2010,87.8,0.200338749970473
GNB,2011,87.9,0.19800059201182
GNB,2012,87.8,0.193894092164487
GNB,2013,87.7,0.194283753338054
GNB,2014,87.3,0.195965590004606
GNB,2015,87.2,0.202915603342258
GNB,2016,86.8,0.206780636205281
GNB,2017,86.8,0.163339498964344
GNB,2018,86.6,0.183438700467389
GNB,2019,86.2,0.181227181434531
GNB,2020,87.2,0.167042923027634
GNB,2021,87.4,0.16319861514318
GNB,2022,87.4,0.163331875267451
GNB,2023,,0.152925294159443
GNB,2024,,0.155449923501557
GNQ,2000,45.9,3.90257636016432
GNQ,2001,46.1,4.80185000453432
GNQ,2002,31.3,4.02553019774249
GNQ,2003,29.5,4.23488728118491
GNQ,2004,7.2,6.97831022194269
GNQ,2005,7.1,6.75102679320686
GNQ,2006,7.0,6.44857387793926
GNQ,2007,8.5,6.88812444259124
GNQ,2008,7.2,6.0917632522844
GNQ,2009,9.2,4.82339546682892
GNQ,2010,5.7,4.8069734291493
GNQ,2011,5.6,4.80007408391614
GNQ,2012,4.4,4.3371269664928
GNQ,2013,3.7,4.25139167653382
GNQ,2014,4.9,4.08471612226645
GNQ,2015,5.5,3.71883517902943
GNQ,2016,4.8,3.57336561935995
GNQ,2017,5.0,3.12788819223808
GNQ,2018,4.8,3.28825022178614
GNQ,2019,7.4,3.0669803260373
GNQ,2020,6.5,2.86058347723348
GNQ,2021,5.2,2.86038210447434
GNQ,2022,4.2,2.82155421683407
GNQ,2023,,2.57914675064098
GNQ,2024,,2.55052004844345
GRC,2000,7.8,8.89024680060945
GRC,2001,7.1,9.03332789548129
GRC,2002,7.3,8.99722088251152
GRC,2003,7.6,9.31960538320124
GRC,2004,7.8,9.27329917524567
GRC,2005,8.0,9.43267845080244
GRC,2006,8.5,9.29067484353055
GRC,2007,8.1,9.59465620271688
GRC,2008,8.3,9.19276599113492
GRC,2009,9.2,8.6627939796977
GRC,2010,11.4,8.01145293539691
GRC,2011,11.4,7.75736006243731
GRC,2012,14.2,7.38387675666416
GRC,2013,16.6,6.73744445045335
GRC,2014,16.4,6.51907892218189
GRC,2015,17.5,6.41834866895798
GRC,2016,16.4,6.32529541885367
GRC,2017,16.4,6.35852543809071
GRC,2018,17.9,6.19923893694163
GRC,2019,18.5,5.7354129269356
GRC,2020,20.1,4.89415483279633
GRC,2021,21.5,5.08178234326352
GRC,2022,,5.28045887042343
GRC,2023,,4.92324127436463
GRC,2024,,5.04642227577271
GRD,2000,10.5,0.53419698281077
GRD,2001,10.4,0.539879800346338
GRD,2002,10.5,0.584849267554703
GRD,2003,10.4,0.639212372800411
GRD,2004,10.6,0.607374477465858
GRD,2005,10.6,0.649753039167441
GRD,2006,10.4,0.738184954828165
GRD,2007,9.9,0.818841497620383
GRD,2008,10.8,0.891826576251623
GRD,2009,10.5,0.955471263954555
GRD,2010,10.8,1.06464968723675
GRD,2011,11.4,0.819957351510988
GRD,2012,11.5,0.843272001773443
GRD,2013,10.8,1.08029994624935
GRD,2014,11.0,0.963796306031612
GRD,2015,10.5,1.02113781436395
GRD,2016,10.4,1.10831234256927
GRD,2017,10.2,1.10882031913235
GRD,2018,10.7,1.24037306272744
GRD,2019,10.4,1.55542718203844
GRD,2020,10.3,1.3202568312117
GRD,2021,10.2,1.37803373097491
GRD,2022,10.0,1.44894066528102
GRD,2023,,1.45113212220599
GRD,2024,,1.50076360626925
GRL,2000,9.2,0.0231378481801192
GRL,2001,8.7,0.0248319409709289
GRL,2002,9.5,0.0247371675943105
GRL,2003,9.5,0.0246691688252189
GRL,2004,6.7,10.6137298323315
GRL,2005,7.0,10.728023184333
GRL,2006,7.1,11.001321003963
GRL,2007,6.9,10.8796746529927
GRL,2008,6.9,11.2253231075131
GRL,2009,8.8,9.77220673614687
GRL,2010,10.1,11.3701489369229
GRL,2011,10.2,12.0038671119705
GRL,2012,10.1,9.48600598486182
GRL,2013,11.2,9.51436715471912
GRL,2014,12.5,8.54072297717382
GRL,2015,13.1,9.24546458994191
GRL,2016,12.4,9.18200263410814
GRL,2017,11.3,8.95641956846828
GRL,2018,11.4,9.0730592792246
GRL,2019,10.9,9.31791907514451
GRL,2020,11.8,9.35831248780315
GRL,2021,11.6,9.67998164263146
GRL,2022,11.7,10.4198655159634
GRL,2023,,10.2857645300273
GRL,2024,,10.4528819762123
GTM,2000,62.7,0.827443802109015
GTM,2001,61.3,0.849690152122634
GTM,2002,63.8,0.868651411396258
GTM,2003,64.3,0.848429989776336
GTM,2004,66.1,0.846049807759606
GTM,2005,65.2,0.898994004185174
GTM,2006,64.7,0.892331145358291
GTM,2007,63.3,0.930212627563353
GTM,2008,66.5,0.829648772236357
GTM,2009,65.3,0.858176268329233
GTM,2010,67.1,0.812345449469632
GTM,2011,67.1,0.820889438069957
GTM,2012,67.4,0.833631164466604
GTM,2013,67.2,0.87963888748261
GTM,2014,66.2,0.926919710682339
GTM,2015,63.3,1.06172507283645
GTM,2016,63.2,1.10787792062825
GTM,2017,65.0,1.02957279184604
GTM,2018,64.0,1.11243324329049
GTM,2019,62.8,1.14962736649855
GTM,2020,65.5,1.01505848395418
GTM,2021,62.1,1.14808238131902
GTM,2022,,1.06185178214753
GTM,2023,,1.11051475329048
GTM,2024,,1.1066501528086
GUM,2000,0.4,0.00187423859057258
GUM,2001,0.4,0.00185955407893187
GUM,2002,0.4,0.00184825801681915
GUM,2003,0.5,0.00183894518104415
GUM,2004,0.5,0.001831390025029
GUM,2005,0.4,0.00182520609618836
GUM,2006,0.4,0.00121330510376792
GUM,2007,0.4,0.00181524442266151
GUM,2008,0.4,0.00181057739313067
GUM,2009,0.5,0.00180534743911466
GUM,2010,0.5,0.00180156375734137
GUM,2011,0.5,0.00180133659175108
GUM,2012,0.5,0.001803632515887
GUM,2013,0.6,0.0018075991468132
GUM,2014,0.7,0.00120856144930689
GUM,2015,2.3,0.00121281950213759
GUM,2016,4.4,0.00182667308031882
GUM,2017,3.9,0.00183497461618448
GUM,2018,4.5,0.00184412247432059
GUM,2019,4.5,0.00247206565806388
GUM,2020,4.6,0.0024667299794028
GUM,2021,4.5,0.00183228485921945
GUM,2022,6.7,0.00181620050853614
GUM,2023,,0.00180173687434687
GUM,2024,,0.00178808775934723
GUY,2000,30.4,2.17315698087946
GUY,2001,31.0,2.1525827461127
GUY,2002,34.2,2.12623027242775
GUY,2003,34.6,2.12252375504684
GUY,2004,35.5,2.19499014976037
GUY,2005,34.7,1.94949757791288
GUY,2006,36.8,1.75844504233391
GUY,2007,33.1,2.12324323752974
GUY,2008,32.6,2.12760036363347
GUY,2009,31.3,2.1659526601728
GUY,2010,30.6,2.35059846033932
GUY,2011,32.8,2.45713680706236
GUY,2012,28.7,2.68341444589756
GUY,2013,26.9,2.63645951246698
GUY,2014,24.0,2.73802784035087
GUY,2015,25.0,2.73412223026143
GUY,2016,21.3,3.21708654858634
GUY,2017,22.1,3.21257965409595
GUY,2018,16.8,3.26041366624724
GUY,2019,11.3,3.45861217212582
GUY,2020,12.0,4.12368835923074
GUY,2021,13.2,4.07256076774227
GUY,2022,12.1,4.48373186699236
GUY,2023,,4.52651590785052
GUY,2024,,4.55860818422139
HKG,2000,0.0,6.28672168042011
HKG,2001,0.1,6.23399311916358
HKG,2002,0.1,6.07216678281757
HKG,2003,0.1,6.61398347893267
HKG,2004,0.1,6.00745927618486
HKG,2005,0.1,6.3120706863148
HKG,2006,0.1,6.18806784209068
HKG,2007,0.1,6.42411404941949
HKG,2008,0.1,6.19885596021731
HKG,2009,0.1,6.47451525929325
HKG,2010,0.1,6.01174510976339
HKG,2011,0.5,6.38924712936252
HKG,2012,0.2,6.24424833219116
HKG,2013,0.3,6.43354831520149
HKG,2014,0.2,6.57781312677225
HKG,2015,0.2,6.06825943247432
HKG,2016,0.2,6.14445383420113
HKG,2017,0.2,5.96964778445058
HKG,2018,0.2,5.91190993747149
HKG,2019,0.2,5.79498927796055
HKG,2020,0.3,4.55312124047587
HKG,2021,0.4,4.65895509301102
HKG,2022,,4.37404881501749
HKG,2023,,4.52746115364711
HKG,2024,,4.60070971943488
HND,2000,55.2,0.760181295401954
HND,2001,50.4,0.871087022434027
HND,2002,49.8,0.896055100701715
HND,2003,47.9,0.966806302887693
HND,2004,46.7,1.07270947201765
HND,2005,51.4,0.948804917659031
HND,2006,52.2,1.06403013674585
HND,2007,50.6,1.10621869255595
HND,2008,50.0,1.08143599564036
HND,2009,50.5,0.997594720032567
HND,2010,53.6,0.95425728178202
HND,2011,50.9,1.11128244992174
HND,2012,49.3,1.13935896829815
HND,2013,51.1,1.13847266335916
HND,2014,52.2,1.09616752372968
HND,2015,50.8,1.17120740302502
HND,2016,52.7,1.03396802934008
HND,2017,45.6,0.974871343619725
HND,2018,48.9,0.922263832523827
HND,2019,46.2,1.02100509944404
HND,2020,50.2,0.91129723982276
HND,2021,45.9,1.00784489455025
HND,2022,,1.01020922274279
HND,2023,,1.11312971877201
HND,2024,,1.13551979026212
HPC,2000,85.3583528760041,0.176574654881162
HPC,2001,84.9516479758069,0.181212470907238
HPC,2002,84.4545528836959,0.184459526456041
HPC,2003,84.270327212806,0.186195425918213
HPC,2004,83.9450364180269,0.190780737216307
HPC,2005,83.9256979376258,0.194949266989949
HPC,2006,83.1818878444874,0.206289837734264
HPC,2007,81.7362408698414,0.216202257567922
HPC,2008,81.2329236673649,0.221267603536441
HPC,2009,80.4451955986762,0.227586232198406
HPC,2010,79.6115171074584,0.239030837839657
HPC,2011,78.8967629817918,0.253509009667005
HPC,2012,77.8546208866133,0.262726510690289
HPC,2013,77.654981472332,0.266351420241159
HPC,2014,77.378161792632,0.270848108619095
HPC,2015,76.5530574120486,0.286094186501349
HPC,2016,76.0862841962469,0.296164315441431
HPC,2017,75.9193473348398,0.300575268544678
HPC,2018,75.2520183545811,0.308555039224415
HPC,2019,74.8448133256749,0.314811288498768
HPC,2020,76.0353291030768,0.30247455699499
HPC,2021,,0.32021206439102
HPC,2022,,0.322799962456987
HPC,2023,,0.315626280844994
HPC,2024,,0.317849216198668
HRV,2000,26.8,4.33677043315335
HRV,2001,26.9,4.77793267439475
HRV,2002,24.6,4.96469924275494
HRV,2003,24.8,5.28621677887642
HRV,2004,26.6,5.27995632579101
HRV,2005,26.8,5.30160818255534
HRV,2006,25.5,5.34348188039458
HRV,2007,22.7,5.68549100892136
HRV,2008,24.1,5.41153048758558
HRV,2009,27.2,5.03419020013328
HRV,2010,29.8,4.87506829937978
HRV,2011,27.2,4.77830091047516
HRV,2012,29.4,4.40975990806428
HRV,2013,32.8,4.34143567122871
HRV,2014,33.6,4.20723258150827
HRV,2015,33.1,4.34144843408463
HRV,2016,31.8,4.44976669563441
HRV,2017,29.8,4.65112768894595
HRV,2018,32.8,4.45402410514506
HRV,2019,31.6,4.5506268056586
HRV,2020,32.4,4.39207849561316
HRV,2021,34.1,4.5132213846884
HRV,2022,,4.57371420212618
HRV,2023,,4.83573016043274
HRV,2024,,4.83151414825927
HTI,2000,80.8,0.20415141191579
HTI,2001,80.9,0.204353921123644
HTI,2002,79.1,0.226717169082679
HTI,2003,79.0,0.221166605326629
HTI,2004,81.1,0.200981721863878
HTI,2005,81.1,0.201859054461774
HTI,2006,81.4,0.200877507252704
HTI,2007,79.3,0.232981013295643
HTI,2008,79.6,0.226980515958095
HTI,2009,80.3,0.219132282396937
HTI,2010,79.0,0.26510476988653
HTI,2011,79.0,0.296967070987273
HTI,2012,82.2,0.273948632992746
HTI,2013,80.4,0.291263408593826
HTI,2014,77.8,0.311214389725095
HTI,2015,76.1,0.332026955191185
HTI,2016,76.1,0.335286924737644
HTI,2017,76.2,0.331556809297013
HTI,2018,76.2,0.32453772280098
HTI,2019,76.4,0.323714293972993
HTI,2020,76.3,0.306345301003713
HTI,2021,76.7,0.299641674870628
HTI,2022,,0.294629353613119
HTI,2023,,0.290485897277037
HTI,2024,,0.298473814991934
HUN,2000,5.2,5.82337370265766
HUN,2001,5.1,5.9881860022443
HUN,2002,5.2,5.90458850267675
HUN,2003,5.0,6.18793407645274
HUN,2004,4.6,6.01747516064377
HUN,2005,7.3,6.06869292504807
HUN,2006,7.9,6.02496979060446
HUN,2007,9.0,5.88170186698595
HUN,2008,9.0,5.76183669801761
HUN,2009,12.3,5.15845609694043
HUN,2010,13.5,5.23461796037869
HUN,2011,14.7,5.15825393134008
HUN,2012,16.5,4.80352430687509
HUN,2013,17.2,4.5374057479924
HUN,2014,15.7,4.55934371452648
HUN,2015,15.6,4.85223400666785
HUN,2016,15.3,4.94531881179394
HUN,2017,14.6,5.2571073027842
HUN,2018,13.6,5.28069332491601
HUN,2019,13.6,5.31240175169761
HUN,2020,14.8,5.13443109342005
HUN,2021,15.3,5.29398400902426
HUN,2022,,4.95293425120931
HUN,2023,,4.48048025757632
HUN,2024,,4.45791782423566
IBD,2000,23.4541240735978,2.74091110535309
IBD,2001,22.9130162069356,2.77646219148845
IBD,2002,22.5539877436238,2.85139969841099
IBD,2003,21.5634346494163,3.05252392878104
IBD,2004,20.2986644309744,3.26330306885495
IBD,2005,19.3136973097539,3.45631112271134
IBD,2006,18.7796426080362,3.6577371350765
IBD,2007,18.0231697034131,3.83957986977398
IBD,2008,17.6316680788104,3.90809892331051
IBD,2009,17.4829469844672,3.95829068741931
IBD,2010,16.7512897977865,4.21123918567341
IBD,2011,15.9538657957954,4.44440748797947
IBD,2012,15.8795392491567,4.54474059723218
IBD,2013,16.0171385968997,4.61934254688742
IBD,2014,16.003291533954,4.63888659864221
IBD,2015,16.0209177851331,4.56688539173153
IBD,2016,16.2845965537743,4.54358113250659
IBD,2017,16.3923000534023,4.61557484280718
IBD,2018,16.6268066421204,4.74748004665205
IBD,2019,17.0666276982215,4.79938714812623
IBD,2020,18.0085051596372,4.67944517377764
IBD,2021,,4.93041084851231
IBD,2022,,4.94841494972312
IBD,2023,,5.10747696000828
IBD,2024,,5.174696773473
IBT,2000,29.2034754750625,2.24971603151954
IBT,2001,28.756966654433,2.27366635299085
IBT,2002,28.4620294366149,2.32360789796959
IBT,2003,27.4990846528317,2.47421856563765
IBT,2004,26.1171565862039,2.63284774227776
IBT,2005,25.0826783272947,2.77568987460094
IBT,2006,24.4584394602454,2.92455923436739
IBT,2007,23.5801717590485,3.05696346564385
IBT,2008,23.1916933385608,3.10104160424228
IBT,2009,23.1681701232033,3.12638544679278
IBT,2010,22.2914952493169,3.3136034466315
IBT,2011,21.5080308989151,3.48353040840946
IBT,2012,21.3971364601676,3.5465080959023
IBT,2013,21.5681055110978,3.59501894357807
IBT,2014,21.5287778759064,3.60438583004336
IBT,2015,21.6163623919511,3.54224505478623
IBT,2016,21.8132582722264,3.52320590887427
IBT,2017,21.8333716725747,3.57184446076402
IBT,2018,21.9590062576992,3.65811233148848
IBT,2019,22.4318628279228,3.68526951266311
IBT,2020,23.435247290857,3.58420747979918
IBT,2021,,3.76148601676729
IBT,2022,,3.75786275609309
IBT,2023,,3.85181364576541
IBT,2024,,3.88766822076006
IDA,2000,67.6196746762415,0.514384688424419
IDA,2001,67.3222664226306,0.518989739888587
IDA,2002,67.2435642247321,0.505269238020593
IDA,2003,67.1356806109481,0.507550680477357
IDA,2004,66.8527540120632,0.515725891321081
IDA,2005,66.7599113045394,0.519025718309743
IDA,2006,66.3967663862666,0.525664484070843
IDA,2007,65.6601255015347,0.531713122079211
IDA,2008,65.5967479591471,0.531860843460689
IDA,2009,66.5353503378893,0.512597278350827
IDA,2010,65.4798262712482,0.529651718211915
IDA,2011,64.9875878296829,0.540339528714405
IDA,2012,65.6347840271434,0.523253853742912
IDA,2013,65.9170351063927,0.522661119546902
IDA,2014,65.5180418773844,0.533696611536081
IDA,2015,65.4970691927081,0.534702268459544
IDA,2016,64.3516706620498,0.563834868729144
IDA,2017,63.4625486644428,0.582777757157638
IDA,2018,63.0596732632859,0.579675261574841
IDA,2019,63.4454503938806,0.580845300400756
IDA,2020,63.7525629244284,0.578436706920759
IDA,2021,,0.605148526249845
IDA,2022,,0.595698256123149
IDA,2023,,0.570099789795983
IDA,2024,,0.575459119201334
IDB,2000,58.7954757830609,0.995435878526737
IDB,2001,58.9012101457864,0.99249550955916
IDB,2002,59.097088474877,0.945245490531764
IDB,2003,59.3760404153803,0.932798630401785
IDB,2004,59.3834807906034,0.944022477315665
IDB,2005,60.1143669239581,0.917434522745802
IDB,2006,59.7728436369701,0.918608192669382
IDB,2007,59.7989247311828,0.9067776529195
IDB,2008,59.8816457785291,0.896566716962001
IDB,2009,61.5456166448889,0.837729308315599
IDB,2010,60.5940711914845,0.865763401647041
IDB,2011,60.1995707840284,0.877700872154449
IDB,2012,62.2040325368952,0.825252648140717
IDB,2013,61.9371685909771,0.841567797238397
IDB,2014,61.535451528507,0.847091995315993
IDB,2015,61.7521936459909,0.835069747645758
IDB,2016,60.4836460271951,0.873396941246111
IDB,2017,59.7969449026188,0.878420598139865
IDB,2018,60.0455922831853,0.846151144302452
IDB,2019,60.7067624481493,0.837924410402502
IDB,2020,60.0736911684857,0.857468769394705
IDB,2021,,0.898352013194244
IDB,2022,,0.885663927587803
IDB,2023,,0.828158040447366
IDB,2024,,0.841413342708494
IDN,2000,45.6,1.38408579613851
IDN,2001,44.3,1.45853518944239
IDN,2002,44.7,1.46310550665851
IDN,2003,43.0,1.57132250644049
IDN,2004,41.5,1.58011931285841
IDN,2005,41.6,1.57055662745946
IDN,2006,40.1,1.63888306289882
IDN,2007,40.0,1.69488500402322
IDN,2008,41.1,1.6541425247205
IDN,2009,38.2,1.69126327047376
IDN,2010,36.0,1.80134962735397
IDN,2011,32.4,2.00399300866727
IDN,2012,30.1,1.9954892890649
IDN,2013,30.6,1.85640226795234
IDN,2014,29.3,1.95102470107868
IDN,2015,26.6,1.95721455259026
IDN,2016,27.8,1.91626591013332
IDN,2017,25.2,2.00394276108737
IDN,2018,22.0,2.20953925241911
IDN,2019,19.8,2.33979466524606
IDN,2020,21.9,2.16976580881181
IDN,2021,20.2,2.24993200107532
IDN,2022,,2.5918955237502
IDN,2023,,2.74747187282401
IDN,2024,,2.86503978188758
IDX,2000,77.4297504047491,0.255044829784861
IDX,2001,76.6386299861006,0.262862332875574
IDX,2002,76.2397735224887,0.266990861682849
IDX,2003,75.598263871884,0.277042207195968
IDX,2004,75.0011327841767,0.283049276043587
IDX,2005,73.8050436381383,0.302156871432525
IDX,2006,73.3938956177054,0.311432096351901
IDX,2007,71.8570857444585,0.326605936699832
IDX,2008,71.6010224669511,0.331652645058839
IDX,2009,71.6363429921907,0.333461565490884
IDX,2010,70.5576135766612,0.343817718074239
IDX,2011,69.9942562944391,0.35337789259834
IDX,2012,69.2375680788855,0.355739199810505
IDX,2013,70.0688971913976,0.345596969533783
IDX,2014,69.5857709069388,0.359759347174699
IDX,2015,69.2695625897768,0.368230155256786
IDX,2016,68.2872983784982,0.392779747788245
IDX,2017,67.1926478978048,0.419970887749101
IDX,2018,66.0568216095439,0.433373652474116
IDX,2019,66.1344154982874,0.440166724160027
IDX,2020,67.3560634206125,0.426222706526291
IDX,2021,,0.44559896965503
IDX,2022,,0.438283191160251
IDX,2023,,0.430442329267002
IDX,2024,,0.432023607013772
IMN,2000,,
IMN,2001,,
IMN,2002,1.5,
IMN,2003,1.1,
IMN,2004,6.3,
IMN,2005,2.7,
IMN,2006,3.3,
IMN,2007,1.9,
IMN,2008,1.3,
IMN,2009,1.9,
IMN,2010,1.9,
IMN,2011,2.9,
IMN,2012,3.5,
IMN,2013,2.1,
IMN,2014,1.9,
IMN,2015,2.2,
IMN,2016,1.9,
IMN,2017,1.9,
IMN,2018,2.0,
IMN,2019,1.9,
IMN,2020,2.0,
IMN,2021,3.2,
IMN,2022,2.7,
IMN,2023,,
IMN,2024,,
IND,2000,46.9,0.942309744278839
IND,2001,47.1,0.939789720011458
IND,2002,45.8,0.957620477500199
IND,2003,45.6,0.969744882653011
IND,2004,44.9,1.02822643182898
IND,2005,44.2,1.05460489385527
IND,2006,43.2,1.10810989189174
IND,2007,41.5,1.18862350046436
IND,2008,39.4,1.25815998206335
IND,2009,37.4,1.32284533301467
IND,2010,36.2,1.39129863287623
IND,2011,35.0,1.46337391608571
IND,2012,34.8,1.57607553513255
IND,2013,34.9,1.59945855716817
IND,2014,33.9,1.70517686000076
IND,2015,33.4,1.71550269097521
IND,2016,33.0,1.7202923565219
IND,2017,32.5,1.79545339877531
IND,2018,32.9,1.85989309419052
IND,2019,33.5,1.83688223212799
IND,2020,36.1,1.68040016064392
IND,2021,34.9,1.83702951699406
IND,2022,,1.96929618962877
IND,2023,,2.09622858892568
IND,2024,,2.17365173535787
IRL,2000,2.0,11.5177387420391
IRL,2001,2.0,11.9109688656404
IRL,2002,2.2,11.4404136169689
IRL,2003,2.0,11.1268025365061
IRL,2004,2.3,11.0536619018628
IRL,2005,2.9,11.3160512452902
IRL,2006,3.2,11.1588123430623
IRL,2007,3.5,10.6718615521641
IRL,2008,4.2,10.3087084122575
IRL,2009,5.3,9.0783011327619
IRL,2010,5.3,8.97445371922665
IRL,2011,7.0,8.10989492769128
IRL,2012,6.9,8.17522126702863
IRL,2013,7.7,7.8579683966663
IRL,2014,8.8,7.75893459059544
IRL,2015,9.5,8.00687883789665
IRL,2016,8.6,8.29636917712182
IRL,2017,10.1,7.92618041220563
IRL,2018,10.8,7.76337876800063
IRL,2019,12.3,7.30821291296457
IRL,2020,13.7,6.80456776897729
IRL,2021,12.7,7.11906758228265
IRL,2022,,6.84581291258731
IRL,2023,,6.1870780177041
IRL,2024,,6.03605774131313
IRN,2000,0.4,5.32891818848676
IRN,2001,0.5,5.45816095459282
IRN,2002,0.7,5.65089777632155
IRN,2003,0.8,5.89791758943739
IRN,2004,0.7,6.19124691935171
IRN,2005,1.4,6.52930513401687
IRN,2006,1.4,6.89507643037261
IRN,2007,1.3,7.21864993317663
IRN,2008,0.7,7.35172418688277
IRN,2009,0.8,7.49713453135765
IRN,2010,0.9,7.44954181717631
IRN,2011,0.9,7.47503068180157
IRN,2012,0.9,7.46470417628295
IRN,2013,1.0,7.61840318570665
IRN,2014,0.9,7.8101095500119
IRN,2015,0.9,7.61916074830014
IRN,2016,1.0,7.66363471449536
IRN,2017,1.0,7.83730730212281
IRN,2018,1.0,7.68073939665899
IRN,2019,1.0,8.18571981543646
IRN,2020,0.9,8.38853190019001
IRN,2021,0.9,8.86620624375505
IRN,2022,,8.84742330027555
IRN,2023,,9.00722487961339
IRN,2024,,9.05329342087712
IRQ,2000,0.4,3.6362101364327
IRQ,2001,0.3,3.99450111596867
IRQ,2002,0.3,3.65491643857998
IRQ,2003,0.3,3.09254764611228
IRQ,2004,0.4,3.27515771880636
IRQ,2005,2.4,3.07089535110651
IRQ,2006,2.6,2.96556027175217
IRQ,2007,2.0,2.76243609599133
IRQ,2008,1.1,3.12972584066376
IRQ,2009,1.2,3.22209515764181
IRQ,2010,1.7,3.59130892513878
IRQ,2011,1.1,3.60389826022629
IRQ,2012,1.3,3.95321422100273
IRQ,2013,1.5,4.09302888224357
IRQ,2014,1.0,3.78352330429891
IRQ,2015,0.8,3.67151586099612
IRQ,2016,0.9,4.03030161950881
IRQ,2017,0.5,4.25410677734214
IRQ,2018,0.5,4.4937314270853
IRQ,2019,0.9,4.70108992313127
IRQ,2020,1.1,4.3658386045124
IRQ,2021,1.1,4.6367351965098
IRQ,2022,,5.04369459778254
IRQ,2023,,5.16873911194444
IRQ,2024,,5.18375227496016
ISL,2000,60.7,10.1434896250067
ISL,2001,62.1,10.3787091884001
ISL,2002,61.9,10.8822598539943
ISL,2003,61.9,10.7073407455763
ISL,2004,61.9,10.8729294630813
ISL,2005,62.7,10.5394056629844
ISL,2006,64.2,10.6711391721695
ISL,2007,67.6,11.1536560471939
ISL,2008,74.0,11.9081073928686
ISL,2009,74.7,12.0169922040572
ISL,2010,76.0,11.7481708333202
ISL,2011,77.1,11.2966829041986
ISL,2012,77.7,11.3655071776899
ISL,2013,76.8,11.4608171384095
ISL,2014,77.6,10.5804768682839
ISL,2015,78.0,10.9704819914454
ISL,2016,80.9,9.4768348343514
ISL,2017,80.8,9.69685497961561
ISL,2018,81.4,9.34052693205111
ISL,2019,81.7,8.81066554249882
ISL,2020,82.9,8.38201946717677
ISL,2021,82.4,8.49269837861054
ISL,2022,,8.48003811488391
ISL,2023,,8.34925829026897
ISL,2024,,8.5199194837855
ISR,2000,6.0,9.42660200349817
ISR,2001,6.3,9.19913029973598
ISR,2002,6.5,9.51086757990868
ISR,2003,6.5,9.6043768778869
ISR,2004,6.7,9.4006168306653
ISR,2005,7.0,8.92812513527943
ISR,2006,6.9,9.22039497001574
ISR,2007,6.7,9.38933998133731
ISR,2008,8.9,9.27417633537653
ISR,2009,8.5,8.95687720423213
ISR,2010,8.6,9.43716879164699
ISR,2011,9.1,9.16057585825028
ISR,2012,2.9,9.80845711396245
ISR,2013,3.3,8.47298219492524
ISR,2014,3.7,8.02420974475699
ISR,2015,3.7,8.11347119962769
ISR,2016,4.0,7.90452843435525
ISR,2017,3.9,7.78383620442312
ISR,2018,3.8,7.14844418426622
ISR,2019,4.5,7.21388336646786
ISR,2020,5.6,6.66216318867945
ISR,2021,6.2,6.50617837249504
ISR,2022,,6.65826837562124
ISR,2023,,6.14077571327038
ISR,2024,,5.76527164023915
ITA,2000,5.1,7.97861399862471
ITA,2001,5.4,7.96252086434695
ITA,2002,5.6,8.07424104162591
ITA,2003,6.2,8.37573927880229
ITA,2004,5.9,8.51073142040319
ITA,2005,6.7,8.4768648141216
ITA,2006,7.5,8.34804384209065
ITA,2007,8.7,8.17482777618523
ITA,2008,10.8,7.85286143845028
ITA,2009,12.5,6.94826035580217
ITA,2010,12.8,7.08186391750757
ITA,2011,11.9,6.9053125750862
ITA,2012,14.4,6.55333989010063
ITA,2013,16.3,5.99742374656768
ITA,2014,17.1,5.68586837020992
ITA,2015,16.6,5.87319309166979
ITA,2016,16.1,5.80834075921169
ITA,2017,16.4,5.7611454316748
ITA,2018,17.1,5.68452233279163
ITA,2019,17.3,5.56784056329278
ITA,2020,18.7,4.96667406979317
ITA,2021,17.5,5.58651571090224
ITA,2022,,5.60897190137329
ITA,2023,,5.1591446091273
ITA,2024,,5.07573834102673
JAM,2000,9.3,3.9283295741357
JAM,2001,7.9,3.92801715285343
JAM,2002,8.0,3.88537029098241
JAM,2003,8.1,3.97384197908397
JAM,2004,6.4,3.96703121930227
JAM,2005,5.4,3.95557831478646
JAM,2006,4.8,4.55799550383418
JAM,2007,5.3,4.50876999041934
JAM,2008,5.9,3.62135795878759
JAM,2009,7.4,2.94092608864832
JAM,2010,8.9,2.79862095462073
JAM,2011,9.8,2.75432585616922
JAM,2012,12.2,2.52991058385604
JAM,2013,11.4,2.68841288550042
JAM,2014,11.9,2.58240808318858
JAM,2015,12.1,2.53581223278647
JAM,2016,11.1,2.71374756887664
JAM,2017,11.0,2.59524590839289
JAM,2018,8.9,3.08184434790718
JAM,2019,9.2,2.98926316318908
JAM,2020,11.7,2.09235114929352
JAM,2021,10.5,2.28087572885193
JAM,2022,,2.64695978787973
JAM,2023,,2.7128452636924
JAM,2024,,2.84378384565939
JOR,2000,2.1,3.05659330102683
JOR,2001,2.1,3.00198549017311
JOR,2002,2.1,3.06397752448066
JOR,2003,2.0,3.07334179985886
JOR,2004,1.8,3.23277844279412
JOR,2005,1.7,3.36910305797064
JOR,2006,2.3,3.19629907780335
JOR,2007,2.3,3.12567606145218
JOR,2008,2.7,2.93181586027543
JOR,2009,2.8,2.94909387093057
JOR,2010,3.0,2.82145795221434
JOR,2011,3.0,2.80918568252281
JOR,2012,2.9,3.23339783293465
JOR,2013,3.1,3.015399892565
JOR,2014,3.1,2.93907556095458
JOR,2015,3.2,2.68560794130457
JOR,2016,4.7,2.52192429080405
JOR,2017,5.3,2.59425578446284
JOR,2018,7.2,2.4097651129684
JOR,2019,8.5,2.18238735759201
JOR,2020,10.7,1.9279853124113
JOR,2021,11.5,1.96480214444574
JOR,2022,,2.07333464045749
JOR,2023,,2.10161310922351
JOR,2024,,2.0898692239058
JPN,2000,3.7,9.80406329083986
JPN,2001,3.5,9.67360734256659
JPN,2002,3.7,9.92193416768018
JPN,2003,4.2,9.95886797475689
JPN,2004,4.3,9.91730575058116
JPN,2005,4.0,10.0074734098753
JPN,2006,4.4,9.82400472413847
JPN,2007,4.3,10.0916024093562
JPN,2008,4.4,9.53253711064086
JPN,2009,4.5,9.03961045553586
JPN,2010,4.7,9.50311626454283
JPN,2011,4.8,9.93397401297005
JPN,2012,4.7,10.2516011251361
JPN,2013,5.0,10.3847926556554
JPN,2014,5.6,10.0063625506773
JPN,2015,6.2,9.69456115651128
JPN,2016,6.4,9.66865261733136
JPN,2017,6.9,9.55283290804272
JPN,2018,7.3,9.17213648658239
JPN,2019,7.8,8.87456666113888
JPN,2020,8.5,8.39710520271501
JPN,2021,8.8,8.5947828493867
JPN,2022,,8.3956307081074
JPN,2023,,8.05063579850566
JPN,2024,,7.84242057238933
KAZ,2000,2.5,8.52997364123056
KAZ,2001,2.4,8.37700755350533
KAZ,2002,2.8,9.29533131455672
KAZ,2003,2.3,10.2972430969469
KAZ,2004,1.9,11.0129179145774
KAZ,2005,2.1,11.7482167747143
KAZ,2006,2.1,13.0524097667892
KAZ,2007,1.8,13.5081878112695
KAZ,2008,1.1,15.1238317294741
KAZ,2009,1.3,13.5068941072017
KAZ,2010,1.4,14.3850527504913
KAZ,2011,1.4,15.389052456457
KAZ,2012,1.3,14.9547390961317
KAZ,2013,1.2,15.7272046561439
KAZ,2014,1.3,13.07867493139
KAZ,2015,1.7,11.2116791211142
KAZ,2016,2.1,11.7692010281208
KAZ,2017,2.0,12.1409198865254
KAZ,2018,1.9,12.1155235587562
KAZ,2019,1.9,11.3909406022159
KAZ,2020,1.8,11.5744967551524
KAZ,2021,2.0,12.2524647603581
KAZ,2022,,12.3050866627844
KAZ,2023,,12.5643331681924
KAZ,2024,,12.5678187536661
KEN,2000,76.8,0.290677543795641
KEN,2001,78.3,0.26100621869581
KEN,2002,78.8,0.245465741018151
KEN,2003,81.6,0.214880306718519
KEN,2004,80.3,0.231964810186713
KEN,2005,79.2,0.252147669028053
KEN,2006,77.6,0.270940760689191
KEN,2007,78.2,0.262922185302275
KEN,2008,78.2,0.269606829771024
KEN,2009,75.6,0.308699389943664
KEN,2010,74.0,0.324116934124197
KEN,2011,74.7,0.324518228099931
KEN,2012,76.2,0.293759364539568
KEN,2013,74.3,0.308839543589584
KEN,2014,71.8,0.341036024063525
KEN,2015,69.2,0.361032749251909
KEN,2016,68.3,0.384366853070731
KEN,2017,68.1,0.391204755110222
KEN,2018,68.7,0.381159185292234
KEN,2019,68.1,0.380387200105182
KEN,2020,69.0,0.367016056392308
KEN,2021,67.7,0.404281044163676
KEN,2022,,0.405006512054817
KEN,2023,,0.3843202596187
KEN,2024,,0.38344092060836
KGZ,2000,35.2,0.979490695052754
KGZ,2001,36.0,0.815154801557025
KGZ,2002,28.3,1.00955696831549
KGZ,2003,30.5,1.12225943765481
KGZ,2004,27.7,1.09912153729309
KGZ,2005,28.0,1.0872925479987
KGZ,2006,27.8,1.07127259780012
KGZ,2007,24.5,1.27961415120573
KGZ,2008,22.0,1.47100933324484
KGZ,2009,24.7,1.30648727568783
KGZ,2010,25.6,1.20827304040436
KGZ,2011,26.0,1.42500243843647
KGZ,2012,22.4,1.84730353944285
KGZ,2013,24.8,1.67670910396995
KGZ,2014,26.6,1.68334843700684
KGZ,2015,23.5,1.70796995249697
KGZ,2016,22.2,1.57746831023662
KGZ,2017,24.7,1.5280901441896
KGZ,2018,23.4,1.78020784661392
KGZ,2019,28.3,1.55180160392437
KGZ,2020,30.0,1.38383515228208
KGZ,2021,27.6,1.53476225562031
KGZ,2022,,1.5054865652983
KGZ,2023,,1.44095214620233
KGZ,2024,,1.48784220370685
KHM,2000,81.6,0.160595894702245
KHM,2001,80.5,0.172816902877153
KHM,2002,81.0,0.17486253272109
KHM,2003,79.9,0.18528127568775
KHM,2004,80.7,0.182676416757728
KHM,2005,79.2,0.201001517798453
KHM,2006,78.0,0.220536243491838
KHM,2007,74.8,0.267119017293309
KHM,2008,74.1,0.291564814662618
KHM,2009,68.0,0.341665960393113
KHM,2010,64.8,0.355795978766856
KHM,2011,64.0,0.364412931860331
KHM,2012,64.4,0.376906521441665
KHM,2013,65.0,0.375413441925121
KHM,2014,63.7,0.456810037844296
KHM,2015,60.6,0.54531544042914
KHM,2016,58.0,0.668405454858677
KHM,2017,56.3,0.735875459113371
KHM,2018,58.1,0.756550637862052
KHM,2019,53.0,0.953249815669925
KHM,2020,51.4,1.1140611022444
KHM,2021,52.4,1.08885754085366
KHM,2022,,1.06878240808886
KHM,2023,,1.08564797278218
KHM,2024,,1.10207037315065
KIR,2000,54.7,0.365634839131956
KIR,2001,56.4,0.32324126861128
KIR,2002,53.0,0.468221624902454
KIR,2003,50.5,0.474648261215822
KIR,2004,50.5,0.482905760524536
KIR,2005,48.5,0.628347018921814
KIR,2006,48.1,0.661887479128548
KIR,2007,48.4,0.603519222479132
KIR,2008,49.7,0.658210358657481
KIR,2009,50.4,0.545708999032564
KIR,2010,50.1,0.562076832499264
KIR,2011,50.5,0.515151789022748
KIR,2012,48.7,0.496954151971786
KIR,2013,46.2,0.527943217554771
KIR,2014,48.0,0.526334044361202
KIR,2015,47.5,0.533321919274066
KIR,2016,48.1,0.57225814075187
KIR,2017,42.5,0.574516732488048
KIR,2018,42.3,0.621703089675961
KIR,2019,42.2,0.614100919133964
KIR,2020,42.2,0.584461415237234
KIR,2021,42.2,0.627059364216332
KIR,2022,41.9,0.580980922671286
KIR,2023,,0.573455066777333
KIR,2024,,0.592485763986976
KNA,2000,26.4,1.09839108910891
KNA,2001,26.0,1.11011560062062
KNA,2002,24.3,1.26032159930465
KNA,2003,26.3,1.30587318087318
KNA,2004,22.0,1.41206952391234
KNA,2005,25.3,1.30930077309042
KNA,2006,0.0,1.48811441087419
KNA,2007,0.0,1.63790519419347
KNA,2008,0.0,1.71666488737056
KNA,2009,0.0,1.92897945263876
KNA,2010,1.0,2.10690347094736
KNA,2011,0.9,1.65934394062193
KNA,2012,1.3,1.69668105372823
KNA,2013,1.4,1.93333191697295
KNA,2014,1.6,2.06629998513453
KNA,2015,1.6,2.16407925754455
KNA,2016,1.7,2.36856080722252
KNA,2017,1.3,2.21041445270988
KNA,2018,1.3,2.36342750170184
KNA,2019,1.3,2.77304481172261
KNA,2020,1.6,2.55173885214423
KNA,2021,1.6,2.48487051728931
KNA,2022,1.5,2.78533045023443
KNA,2023,,2.7909662517644
KNA,2024,,2.88410221377794
KOR,2000,0.7,9.9217579706617
KOR,2001,0.7,10.0719727295012
KOR,2002,0.7,10.3782797747059
KOR,2003,0.8,10.5024332706302
KOR,2004,0.8,10.8037309775721
KOR,2005,0.9,10.7084009751588
KOR,2006,0.9,10.8117127664204
KOR,2007,1.0,11.1126206303646
KOR,2008,1.1,11.2602688410662
KOR,2009,1.2,11.2836813865383
KOR,2010,1.3,12.3690482033055
KOR,2011,1.4,12.9702684429817
KOR,2012,1.6,12.8528563619499
KOR,2013,1.9,12.7317329769662
KOR,2014,2.9,12.4261677995393
KOR,2015,2.7,12.6198190502874
KOR,2016,2.6,12.6677788190173
KOR,2017,2.8,12.952944838832
KOR,2018,3.2,13.1917269531809
KOR,2019,3.2,12.6531894575046
KOR,2020,3.6,11.9094442789339
KOR,2021,3.6,12.3387268331673
KOR,2022,,11.8737409785064
KOR,2023,,11.4162657281001
KOR,2024,,11.3622569893006
KWT,2000,0.0,28.6596112260188
KWT,2001,0.0,29.3184026261366
KWT,2002,0.0,29.894552067162
KWT,2003,0.0,30.7689391013048
KWT,2004,0.0,31.975599354755
KWT,2005,0.0,34.5288422505843
KWT,2006,0.0,33.802251670696
KWT,2007,0.0,31.1914372537519
KWT,2008,0.0,31.5351654829618
KWT,2009,0.0,30.5211548340109
KWT,2010,0.0,29.4966453441835
KWT,2011,0.0,29.3265415693367
KWT,2012,0.0,27.5578052739662
KWT,2013,0.0,26.7612812884495
KWT,2014,0.0,25.1870221469575
KWT,2015,0.0,24.9282188842881
KWT,2016,0.0,24.5748353685826
KWT,2017,0.0,23.4582455235038
KWT,2018,0.0,22.9164695855109
KWT,2019,0.1,21.7968059903888
KWT,2020,0.1,21.1232409306072
KWT,2021,0.1,22.9081845000934
KWT,2022,,22.3585581710822
KWT,2023,,22.6972114508944
KWT,2024,,23.6726718577295
LAC,2000,28.674511536762,2.5293993566051
LAC,2001,28.0352220038788,2.49526141093717
LAC,2002,28.6116677151485,2.47045037360633
LAC,2003,29.2538816925734,2.47790386221147
LAC,2004,29.0387512109203,2.55556954193838
LAC,2005,29.0811513732994,2.59683275892816
LAC,2006,29.1070203496388,2.63937847776098
LAC,2007,29.3016422221868,2.69003454715923
LAC,2008,29.3729295120062,2.7275758294091
LAC,2009,30.2607803843605,2.61803681013849
LAC,2010,29.3767775506778,2.78331778189066
LAC,2011,28.7011302255696,2.84156487542888
LAC,2012,28.0419793983269,2.95802630870592
LAC,2013,27.7875791624106,2.98461148361235
LAC,2014,27.8888829813823,2.97762361114845
LAC,2015,28.4779962097861,2.92168775010794
LAC,2016,29.1948567179388,2.82882496831155
LAC,2017,29.7622014930472,2.7837872729431
LAC,2018,30.6220212475155,2.67476024363292
LAC,2019,31.0995992132705,2.64399334098882
LAC,2020,34.8009281991427,2.34638435441369
LAC,2021,,2.54310228944895
LAC,2022,,2.53612262742399
LAC,2023,,2.57710764795332
LAC,2024,,2.59304670790239
LAO,2000,81.5,0.172061042728584
LAO,2001,81.1,0.186381120141295
LAO,2002,80.2,0.20574279762084
LAO,2003,78.7,0.210602243440398
LAO,2004,74.0,0.217585848686857
LAO,2005,73.9,0.221926040668041
LAO,2006,69.8,0.28652401395224
LAO,2007,70.7,0.298205023714399
LAO,2008,69.3,0.343065642386553
LAO,2009,66.4,0.423077773444872
LAO,2010,64.8,0.467525939369713
LAO,2011,63.6,0.486447711772495
LAO,2012,62.4,0.511690636170271
LAO,2013,58.6,0.596607216188438
LAO,2014,58.2,0.654511028510084
LAO,2015,53.3,1.31255012574164
LAO,2016,51.7,2.29721448088974
LAO,2017,50.6,2.74206282655521
LAO,2018,50.2,2.78650036580858
LAO,2019,50.5,2.67630204116372
LAO,2020,50.6,2.645846687138
LAO,2021,51.5,3.19548907488521
LAO,2022,49.2,3.17918742501495
LAO,2023,,3.35860711157858
LAO,2024,,3.35435098295083
LBN,2000,4.9,3.53598931938817
LBN,2001,4.6,3.7525460492449
LBN,2002,5.7,3.68898515605677
LBN,2003,7.0,3.63952510966725
LBN,2004,6.1,3.62889487678395
LBN,2005,6.4,3.54858446679178
LBN,2006,6.4,3.39584048951661
LBN,2007,7.3,3.08582491177961
LBN,2008,5.1,3.71794595880824
LBN,2009,4.3,4.31860187525276
LBN,2010,5.7,4.09800035229092
LBN,2011,6.2,4.11737002602031
LBN,2012,5.6,4.47632828355561
LBN,2013,5.9,4.02278357415317
LBN,2014,4.2,3.93405377982319
LBN,2015,4.2,4.15689901334406
LBN,2016,4.0,4.40699597979459
LBN,2017,4.0,4.75585896916428
LBN,2018,4.7,4.59444406102218
LBN,2019,5.1,4.66025747446672
LBN,2020,6.3,3.82658313221911
LBN,2021,6.8,2.92316253483224
LBN,2022,,1.81652362812428
LBN,2023,,1.87387427333851
LBN,2024,,1.89531037233795
LBR,2000,91.3,0.136333350067637
LBR,2001,91.6,0.152619706314848
LBR,2002,91.1,0.150446784296923
LBR,2003,90.3,0.161626808123783
LBR,2004,89.6,0.172701505151269
LBR,2005,87.8,0.206360770853813
LBR,2006,87.6,0.205397808574399
LBR,2007,89.8,0.182417792071517
LBR,2008,91.8,0.146715404306147
LBR,2009,91.8,0.132537734959021
LBR,2010,88.6,0.1956938966072
LBR,2011,87.1,0.209775565020002
LBR,2012,86.2,0.223437089459216
LBR,2013,87.5,0.202986909648455
LBR,2014,91.2,0.259010541172532
LBR,2015,91.9,0.264624586135088
LBR,2016,92.8,0.291277161616349
LBR,2017,93.6,0.253788210788989
LBR,2018,94.4,0.129815079743549
LBR,2019,89.7,0.20014984968439
LBR,2020,93.0,0.162113991303559
LBR,2021,93.2,0.159868484974207
LBR,2022,92.8,0.161651307373094
LBR,2023,,0.152830013156671
LBR,2024,,0.154485706553412
LBY,2000,2.0,9.29018000117247
LBY,2001,2.9,9.0214945891093
LBY,2002,2.9,9.05829449877551
LBY,2003,2.9,9.57214634023075
LBY,2004,2.8,9.27889988186574
LBY,2005,2.7,9.85289132685578
LBY,2006,2.9,9.61121605909892
LBY,2007,3.1,8.80448137239163
LBY,2008,2.9,9.16430783442361
LBY,2009,2.6,9.46592937047626
LBY,2010,2.5,9.79867306653797
LBY,2011,3.2,6.97396882931226
LBY,2012,2.6,10.1719960487613
LBY,2013,2.4,9.93067314994636
LBY,2014,2.3,9.61533793913791
LBY,2015,2.9,8.3409996510926
LBY,2016,2.8,7.71283597446731
LBY,2017,2.9,8.22031320255774
LBY,2018,2.9,8.36151848685695
LBY,2019,3.0,8.26849764632106
LBY,2020,3.2,6.48685759316115
LBY,2021,3.1,8.1793228617378
LBY,2022,,8.05301361263212
LBY,2023,,8.65140297405067
LBY,2024,,8.66457129316627
LCA,2000,24.0,0.610278912593938
LCA,2001,22.2,0.646542309204491
LCA,2002,21.7,0.603188547460112
LCA,2003,20.0,0.696421559002553
LCA,2004,18.4,0.669755660957507
LCA,2005,18.4,0.697491689332124
LCA,2006,16.9,0.768127509166522
LCA,2007,16.3,0.824997913661346
LCA,2008,15.5,0.886213923510734
LCA,2009,15.1,0.949555245512719
LCA,2010,13.2,1.06666822697857
LCA,2011,12.9,0.821881129911933
LCA,2012,12.4,0.845370740554039
LCA,2013,12.1,0.96153291534242
LCA,2014,11.7,1.02102929860226
LCA,2015,11.5,1.04285183385266
LCA,2016,11.2,1.11815811347825
LCA,2017,10.2,1.11317780222522
LCA,2018,10.2,1.46426614392968
LCA,2019,10.0,1.65877710921361
LCA,2020,10.0,1.55736325385694
LCA,2021,9.7,1.58075755369086
LCA,2022,9.7,1.65621626459187
LCA,2023,,1.65658030510082
LCA,2024,,1.71076642335766
LCN,2000,28.4987826663039,2.59771712595697
LCN,2001,27.9199322021845,2.56476838808799
LCN,2002,28.526904727315,2.53283732618343
LCN,2003,29.0446078906691,2.55952270600089
LCN,2004,28.8693246970421,2.64384858831863
LCN,2005,28.9373842994788,2.69542675882435
LCN,2006,28.9856660718838,2.72845652251084
LCN,2007,29.0767468358782,2.79172258908552
LCN,2008,29.1895755585886,2.82785013757327
LCN,2009,30.0250169872657,2.71418890068631
LCN,2010,29.068340737703,2.87822277644003
LCN,2011,28.4958595093532,2.94234816753586
LCN,2012,27.9411911085897,3.05046654190152
LCN,2013,27.7426663261076,3.07651164763731
LCN,2014,27.7215959010541,3.05718932785295
LCN,2015,28.2446666189275,3.01161034623996
LCN,2016,28.8850327404841,2.92485125500611
LCN,2017,29.4068241645848,2.87877740028326
LCN,2018,30.252639118551,2.77811814725285
LCN,2019,30.6248117743588,2.76052351195346
LCN,2020,34.1964972995889,2.45399184590214
LCN,2021,,2.64468495316375
LCN,2022,,2.64191207893057
LCN,2023,,2.65941897849103
LCN,2024,,2.67617567587541
LDC,2000,83.8156995400155,0.180533729375834
LDC,2001,83.0408137064604,0.189510590131596
LDC,2002,82.6109209826965,0.191247732299939
LDC,2003,81.4191737213528,0.203136736687804
LDC,2004,80.9903617758661,0.207569287902984
LDC,2005,80.759987018664,0.2129653814389
LDC,2006,80.1005342660568,0.220473331711668
LDC,2007,78.8471069800247,0.230949829494594
LDC,2008,78.1739617762925,0.240284908310227
LDC,2009,77.0426428856211,0.253531188654488
LDC,2010,75.9030638297872,0.266424083540553
LDC,2011,75.2902390351355,0.276966058992756
LDC,2012,74.1186152161421,0.287593636337324
LDC,2013,73.4516390735312,0.301474901913462
LDC,2014,72.8033051049145,0.315103723140562
LDC,2015,72.6420499355701,0.325759957413613
LDC,2016,71.7069864304561,0.349493082149882
LDC,2017,70.6528427025745,0.36952286928289
LDC,2018,69.6689273124056,0.377754255114035
LDC,2019,69.5024909470932,0.384313692798812
LDC,2020,70.885707743194,0.367373626347293
LDC,2021,,0.389385127332277
LDC,2022,,0.386744545236052
LDC,2023,,0.379124058812586
LDC,2024,,0.379115119323131
LIE,2000,54.0,
LIE,2001,51.6,
LIE,2002,51.3,
LIE,2003,50.2,
LIE,2004,50.3,
LIE,2005,49.9,
LIE,2006,50.8,
LIE,2007,53.4,
LIE,2008,53.0,
LIE,2009,55.1,
LIE,2010,52.3,
LIE,2011,55.3,
LIE,2012,55.5,
LIE,2013,53.5,
LIE,2014,55.0,
LIE,2015,55.5,
LIE,2016,55.8,
LIE,2017,55.3,
LIE,2018,56.8,
LIE,2019,56.1,
LIE,2020,55.2,
LIE,2021,53.6,
LIE,2022,56.9,
LIE,2023,,
LIE,2024,,
LKA,2000,64.2,0.594343435725624
LKA,2001,62.9,0.58030560864131
LKA,2002,62.1,0.600769917749147
LKA,2003,61.3,0.644522289804371
LKA,2004,61.6,0.661039481809803
LKA,2005,60.1,0.713777502007764
LKA,2006,62.2,0.648296656351918
LKA,2007,60.2,0.689226252766555
LKA,2008,61.6,0.64492492211835
LKA,2009,63.5,0.615577771423657
LKA,2010,61.9,0.647461199097336
LKA,2011,56.4,0.757197565544141
LKA,2012,52.9,0.845279080834285
LKA,2013,56.9,0.720767549186301
LKA,2014,54.2,0.860549619790163
LKA,2015,51.3,0.939966618979494
LKA,2016,45.1,1.10736008298364
LKA,2017,45.8,1.09125530228872
LKA,2018,47.9,1.01443931702815
LKA,2019,46.1,1.09952758794661
LKA,2020,49.3,1.03172589990419
LKA,2021,48.8,1.02995125473912
LKA,2022,,0.937608764257698
LKA,2023,,0.979275763488678
LKA,2024,,1.06473352801606
LMY,2000,33.860073099648,1.9078979425711
LMY,2001,33.2713805784655,1.93561259064353
LMY,2002,32.6657077468558,1.9950989122715
LMY,2003,31.4386353508847,2.13838248361142
LMY,2004,29.4888107885243,2.30682914023912
LMY,2005,27.9193887771685,2.4588760588244
LMY,2006,27.1612933367489,2.60596796426791
LMY,2007,26.0356980684312,2.74309304523372
LMY,2008,25.5598205553574,2.79804953970638
LMY,2009,25.2924412634656,2.85453332901142
LMY,2010,24.2911816358034,3.03277078535915
LMY,2011,23.408245686256,3.19145465493399
LMY,2012,23.216711782471,3.26550055273223
LMY,2013,23.2437945857219,3.33044519776065
LMY,2014,23.2603600821106,3.34966996265427
LMY,2015,23.351980133742,3.28465811677895
LMY,2016,23.5956286475448,3.27085216805047
LMY,2017,23.6364337035659,3.32296174176909
LMY,2018,23.7294321628033,3.40389550520737
LMY,2019,24.2477140331693,3.43301761575459
LMY,2020,25.2319411619148,3.34788666353901
LMY,2021,,3.50104409003516
LMY,2022,,3.50839005448517
LMY,2023,,3.60913005909379
LMY,2024,,3.64043241148153
LSO,2000,56.7,0.175057500001248
LSO,2001,56.5,0.182472175617099
LSO,2002,56.2,0.193214045969301
LSO,2003,55.9,0.197475238771241
LSO,2004,55.4,0.206480651443919
LSO,2005,55.3,0.208850039629794
LSO,2006,55.5,0.21305222504361
LSO,2007,55.3,0.274309516154465
LSO,2008,55.0,0.22196333562331
LSO,2009,54.0,0.25857155622013
LSO,2010,53.0,0.261640445014179
LSO,2011,42.3,0.270207332737838
LSO,2012,40.8,0.283333185866373
LSO,2013,46.1,0.2825669193933
LSO,2014,43.2,0.288016522369956
LSO,2015,46.0,0.283472812790582
LSO,2016,45.1,0.308624300725396
LSO,2017,41.5,0.333455410247971
LSO,2018,42.5,0.346995310044912
LSO,2019,41.6,0.354575100536117
LSO,2020,43.2,0.314528562744915
LSO,2021,33.6,0.33799947115729
LSO,2022,34.9,0.42915695220265
LSO,2023,,0.428947441284169
LSO,2024,,0.428078272524913
LTE,2000,21.6296317925485,3.60189515212813
LTE,2001,20.8661376739642,3.68939772426963
LTE,2002,20.665536308967,3.82881891603299
LTE,2003,19.5085643879237,4.18338685548287
LTE,2004,18.0329223717659,4.55430308816547
LTE,2005,16.8127063266169,4.91821465761441
LTE,2006,16.2710933355579,5.26903887750382
LTE,2007,15.5877124923454,5.55479788071223
LTE,2008,15.0816450798626,5.67291749462691
LTE,2009,15.0489853771052,5.801226757631
LTE,2010,14.227913389653,6.25099647060376
LTE,2011,13.4939401643027,6.6771694357772
LTE,2012,13.5583905267186,6.7996309470761
LTE,2013,13.6510906148841,6.98819757369364
LTE,2014,13.7969449361474,6.99220864732356
LTE,2015,13.7947562846974,6.89029215736923
LTE,2016,14.1053604502349,6.85735322133352
LTE,2017,14.3601698499908,6.95412251368193
LTE,2018,14.7113402854056,7.19363947293177
LTE,2019,15.1930553100861,7.32180660373432
LTE,2020,15.8291260683112,7.29083625236159
LTE,2021,,7.65511511562528
LTE,2022,,7.60831061200635
LTE,2023,,7.85166425274322
LTE,2024,,7.95633098734332
LTU,2000,17.2,3.33092730007635
LTU,2001,17.6,3.57013822101879
LTU,2002,17.9,3.62197424563623
LTU,2003,18.1,3.65786848433758
LTU,2004,18.1,3.86899905983728
LTU,2005,17.5,4.20098792244941
LTU,2006,17.5,4.34082416360822
LTU,2007,17.1,4.81800789405111
LTU,2008,18.3,4.95001768164964
LTU,2009,20.1,4.17668379432144
LTU,2010,21.5,4.53332954506564
LTU,2011,22.7,4.72911365651569
LTU,2012,23.9,4.8479177448757
LTU,2013,26.3,4.51309413254538
LTU,2014,27.7,4.49797821297655
LTU,2015,29.0,4.69257592209704
LTU,2016,31.5,4.69887829841954
LTU,2017,33.8,4.91240709777077
LTU,2018,33.7,4.97247446083995
LTU,2019,33.5,5.08575146500164
LTU,2020,31.7,5.07196741780172
LTU,2021,33.2,5.10322677130588
LTU,2022,,4.65112254775415
LTU,2023,,4.51994281903548
LTU,2024,,4.49056496639174
LUX,2000,6.8,20.1714416685767
LUX,2001,3.4,21.1410452409263
LUX,2002,1.3,22.4851235501765
LUX,2003,1.3,23.1479308283329
LUX,2004,1.4,25.9341402984097
LUX,2005,1.9,26.0434089062211
LUX,2006,2.1,25.2671712117333
LUX,2007,3.6,23.6288862545912
LUX,2008,4.0,22.9460759234626
LUX,2009,3.7,21.3143076400761
LUX,2010,3.7,22.1192102620953
LUX,2011,3.8,21.3951272024339
LUX,2012,4.2,20.4689365773544
LUX,2013,5.7,18.9995583038869
LUX,2014,6.8,17.6515632218206
LUX,2015,9.1,16.3436352272807
LUX,2016,13.5,15.5348496771555
LUX,2017,15.3,15.408092082316
LUX,2018,16.0,15.6999753269183
LUX,2019,16.4,15.63174898105
LUX,2020,20.8,12.6787105084079
LUX,2021,20.5,13.0933781621838
LUX,2022,,11.1248914795982
LUX,2023,,10.4160977146887
LUX,2024,,10.5572722492364
LVA,2000,35.8,3.05416992249372
LVA,2001,35.4,3.28140443356709
LVA,2002,34.4,3.31793333226559
LVA,2003,34.3,3.45946489332177
LVA,2004,36.1,3.51629297934446
LVA,2005,36.3,3.58674450006454
LVA,2006,34.0,3.84969596868313
LVA,2007,33.1,4.05135604967448
LVA,2008,33.7,3.89409559082212
LVA,2009,38.4,3.61956025884485
LVA,2010,33.1,4.23345275809216
LVA,2011,35.5,3.99736079222842
LVA,2012,40.4,3.94598880509891
LVA,2013,39.6,3.86525804077913
LVA,2014,40.2,3.79876034591545
LVA,2015,38.1,3.86745667695055
LVA,2016,38.5,3.81753444818853
LVA,2017,42.6,3.82654532273942
LVA,2018,41.0,4.20714476222697
LVA,2019,41.5,4.13194121501373
LVA,2020,43.8,3.82914774350693
LVA,2021,44.0,3.99598830452802
LVA,2022,,3.68567769315781
LVA,2023,,3.66319656422698
LVA,2024,,3.647774745944
MAC,2000,0.2,3.38875986994891
MAC,2001,0.9,3.5946070523162
MAC,2002,1.4,3.90351277372263
MAC,2003,2.4,3.95897204688909
MAC,2004,2.5,4.47503848691445
MAC,2005,2.3,4.32397043294615
MAC,2006,2.8,4.07757065544197
MAC,2007,3.4,3.70071030908044
MAC,2008,4.7,2.95431847604957
MAC,2009,3.0,3.16579439252336
MAC,2010,5.5,3.20335195530726
MAC,2011,6.4,3.07296215429403
MAC,2012,11.1,3.06920232435288
MAC,2013,16.6,3.0667342456496
MAC,2014,11.4,3.36030239665434
MAC,2015,5.4,4.29149167833256
MAC,2016,5.4,4.02436781609195
MAC,2017,3.9,4.45172732880938
MAC,2018,8.4,3.22598269843679
MAC,2019,8.4,3.34419642857143
MAC,2020,11.0,3.25780566092793
MAC,2021,13.6,2.99970695970696
MAC,2022,11.0,2.47822235346228
MAC,2023,,2.47569239835003
MAC,2024,,2.52532751091703
MAF,2000,,
MAF,2001,,
MAF,2002,,
MAF,2003,,
MAF,2004,,
MAF,2005,,
MAF,2006,,
MAF,2007,,
MAF,2008,,
MAF,2009,,
MAF,2010,,
MAF,2011,,
MAF,2012,,
MAF,2013,,
MAF,2014,,
MAF,2015,,
MAF,2016,,
MAF,2017,,
MAF,2018,,
MAF,2019,,
MAF,2020,,
MAF,2021,,
MAF,2022,,
MAF,2023,,
MAF,2024,,
MAR,2000,15.5,1.18101840963276
MAR,2001,15.3,1.28395135764826
MAR,2002,15.1,1.3109395796486
MAR,2003,16.1,1.28858561553446
MAR,2004,22.4,1.42987260916412
MAR,2005,20.0,1.47108136782011
MAR,2006,18.2,1.47482491570521
MAR,2007,16.6,1.47563680503993
MAR,2008,14.4,1.56522177671636
MAR,2009,14.2,1.52837686302843
MAR,2010,13.9,1.60291293785669
MAR,2011,11.8,1.70993845880488
MAR,2012,10.9,1.75533733964027
MAR,2013,11.6,1.73118097184317
MAR,2014,11.1,1.73842954113431
MAR,2015,11.2,1.76683506518859
MAR,2016,11.1,1.74200393753249
MAR,2017,10.4,1.80163893690506
MAR,2018,10.9,1.81912490485427
MAR,2019,10.7,1.9847450344921
MAR,2020,11.1,1.84742826740981
MAR,2021,10.9,1.97891230504847
MAR,2022,,1.93751442575683
MAR,2023,,1.8573653487086
MAR,2024,,1.83925269318779
MCO,2000,,
MCO,2001,,
MCO,2002,,
MCO,2003,,
MCO,2004,,
MCO,2005,,
MCO,2006,,
MCO,2007,,
MCO,2008,,
MCO,2009,,
MCO,2010,,
MCO,2011,,
MCO,2012,,
MCO,2013,,
MCO,2014,,
MCO,2015,,
MCO,2016,,
MCO,2017,,
MCO,2018,,
MCO,2019,,
MCO,2020,,
MCO,2021,,
MCO,2022,,
MCO,2023,,
MCO,2024,,
MDA,2000,5.7,2.3577376987747
MDA,2001,5.6,2.46105817585547
MDA,2002,5.8,2.51059203781018
MDA,2003,5.9,2.7110792994484
MDA,2004,4.8,2.72501288836449
MDA,2005,4.3,2.88374636766892
MDA,2006,5.0,2.81572124915002
MDA,2007,4.4,2.79219385317951
MDA,2008,4.9,2.76331874319628
MDA,2009,4.8,2.7251028108556
MDA,2010,20.0,2.97129565385693
MDA,2011,20.4,2.98346662826114
MDA,2012,22.1,2.92022861745732
MDA,2013,23.8,2.62071970563283
MDA,2014,24.3,2.81365308811102
MDA,2015,24.7,2.92639787755758
MDA,2016,25.3,3.00493795274377
MDA,2017,26.1,3.01460262798668
MDA,2018,25.3,3.27363703423792
MDA,2019,22.0,3.41941968843461
MDA,2020,22.3,3.35786090249817
MDA,2021,21.4,3.71857097344219
MDA,2022,,3.27771217414482
MDA,2023,,3.33935095165033
MDA,2024,,3.41675873098598
MDG,2000,82.2,0.10257721778278
MDG,2001,84.1,0.100417197525336
MDG,2002,87.2,0.0664561698966827
MDG,2003,84.8,0.0857465979970843
MDG,2004,84.3,0.0900701514214735
MDG,2005,84.9,0.093326061823388
MDG,2006,85.9,0.0868890531095146
MDG,2007,86.2,0.0887561893464716
MDG,2008,86.4,0.0893717405600502
MDG,2009,87.2,0.0824187554067149
MDG,2010,86.7,0.0887332565790363
MDG,2011,84.5,0.100533250373538
MDG,2012,83.3,0.121500587449608
MDG,2013,81.4,0.126490659824491
MDG,2014,82.2,0.126540783548996
MDG,2015,83.9,0.134437411505432
MDG,2016,83.8,0.124571110322348
MDG,2017,81.9,0.132624692613867
MDG,2018,84.2,0.11912379760542
MDG,2019,82.5,0.142139028845034
MDG,2020,84.7,0.108038542830456
MDG,2021,83.6,0.138189637609379
MDG,2022,83.1,0.144033985186775
MDG,2023,,0.147269201638214
MDG,2024,,0.146494805123461
MDV,2000,2.3,2.22609114988706
MDV,2001,2.3,1.93432298695457
MDV,2002,1.8,2.30474322396576
MDV,2003,2.2,1.94778256338304
MDV,2004,1.7,2.45145365329299
MDV,2005,2.0,2.23477542921851
MDV,2006,1.6,2.66527747243119
MDV,2007,1.5,2.70587618921409
MDV,2008,1.5,2.84350179968468
MDV,2009,1.5,2.82592778694997
MDV,2010,1.4,2.92051930198009
MDV,2011,1.3,3.06229494158009
MDV,2012,1.2,3.72836837996164
MDV,2013,1.3,4.05254080535906
MDV,2014,1.2,5.30224821513622
MDV,2015,1.5,3.7098800898742
MDV,2016,1.2,3.91172728667202
MDV,2017,1.3,3.50893653976657
MDV,2018,1.3,2.93025349873916
MDV,2019,1.3,3.10683553024106
MDV,2020,1.6,2.40580899310521
MDV,2021,1.4,3.25639247201417
MDV,2022,1.2,3.4143856395462
MDV,2023,,3.41106552546227
MDV,2024,,3.56650922036609
MEA,2000,9.38184318723493,3.08301437280586
MEA,2001,9.24963116469611,3.16208828055599
MEA,2002,9.18439815609769,3.19317825059483
MEA,2003,9.25438557193234,3.2333311302443
MEA,2004,9.16325173786826,3.35098764844418
MEA,2005,9.03795942767874,3.48365939784946
MEA,2006,8.66259508825461,3.59967608731182
MEA,2007,8.16463294723801,3.69488439152568
MEA,2008,7.81608678497236,3.80095748431961
MEA,2009,7.6902671973751,3.83554581167641
MEA,2010,7.59280845232692,3.91183016985876
MEA,2011,7.43634228145233,3.91666504663019
MEA,2012,7.19138786591317,4.03363336593308
MEA,2013,7.23035612797874,4.02453545319464
MEA,2014,7.07122180407551,4.08899502911255
MEA,2015,7.08007314623562,4.07358261929456
MEA,2016,7.10925108984167,4.07369056806919
MEA,2017,7.14927454903901,4.1098953305679
MEA,2018,7.30858693459966,4.00141667341802
MEA,2019,7.59670819188084,4.0292139840215
MEA,2020,7.54675702757893,3.94396842035064
MEA,2021,,4.07701652507936
MEA,2022,,4.09432116464173
MEA,2023,,4.09068275111043
MEA,2024,,4.09239431844529
MEX,2000,12.2,4.02272121123337
MEX,2001,11.3,3.94395058441036
MEX,2002,10.7,3.94830756150866
MEX,2003,10.2,4.08541432161845
MEX,2004,10.2,4.12339368005276
MEX,2005,10.3,4.22758379844974
MEX,2006,9.8,4.32571227914951
MEX,2007,9.5,4.32899168517287
MEX,2008,9.8,4.27910076303278
MEX,2009,9.2,4.12122098054155
MEX,2010,9.4,4.19755809286418
MEX,2011,9.1,4.22179978144365
MEX,2012,9.0,4.33350424276325
MEX,2013,9.2,4.17443117084187
MEX,2014,9.8,4.01481960973153
MEX,2015,9.2,4.05069677949307
MEX,2016,9.2,4.06104469144067
MEX,2017,10.1,4.05743329599921
MEX,2018,10.3,3.83831705872518
MEX,2019,10.3,3.92542377851696
MEX,2020,12.3,3.46247141559905
MEX,2021,13.0,3.54662489893704
MEX,2022,,3.52183828963573
MEX,2023,,3.66576524934041
MEX,2024,,3.63738680384754
MHL,2000,19.6,0.00197215319686033
MHL,2001,19.1,0.0019560667409972
MHL,2002,18.6,0.00194457948468644
MHL,2003,18.6,0.00193652084664691
MHL,2004,18.4,0.00193083740418219
MHL,2005,18.4,0.00192655954995569
MHL,2006,17.0,0.00192337282658871
MHL,2007,15.2,0.00192178341500913
MHL,2008,14.8,0.00192196809532962
MHL,2009,14.0,0.0019223745170034
MHL,2010,13.7,0.00192145107985551
MHL,2011,12.3,0.00192652243435375
MHL,2012,12.0,0.00194480639452343
MHL,2013,12.4,0.00197312602355912
MHL,2014,12.2,0.0020081934291911
MHL,2015,11.7,0.00204918032786885
MHL,2016,12.1,0.00209604057934562
MHL,2017,12.0,0.00214919727481786
MHL,2018,12.0,0.0022082367229767
MHL,2019,12.1,0.00227236575999273
MHL,2020,12.0,0.00234159134547839
MHL,2021,12.1,0.00241738583895376
MHL,2022,12.2,0.00249519674626344
MHL,2023,,0.00257552733922271
MHL,2024,,0.00266325769681474
MIC,2000,32.2310164064876,2.03222871348668
MIC,2001,31.6115329749273,2.0634133658395
MIC,2002,30.9634878067641,2.13141027251765
MIC,2003,29.6994871094706,2.28906861046483
MIC,2004,27.7675276791111,2.47449702784311
MIC,2005,26.2212618069493,2.64011679973725
MIC,2006,25.4784722487914,2.80305870277846
MIC,2007,24.4020429130912,2.9582171482956
MIC,2008,23.9229934529198,3.02033118443066
MIC,2009,23.6037826745994,3.08709835225571
MIC,2010,22.6342653302965,3.28735807354043
MIC,2011,21.6951261636734,3.47010479696574
MIC,2012,21.5565386983821,3.55878094358033
MIC,2013,21.5276571634814,3.63822122293795
MIC,2014,21.5009500348231,3.6627381159115
MIC,2015,21.533134520195,3.59932725386878
MIC,2016,21.7581991859733,3.58897537552263
MIC,2017,21.8466187128767,3.64471581963846
MIC,2018,21.9723469245979,3.74077533860397
MIC,2019,22.4899574267419,3.7785532375866
MIC,2020,23.3730029547735,3.69313121395865
MIC,2021,,3.87201233374418
MIC,2022,,3.88805139766845
MIC,2023,,4.0083745045723
MIC,2024,,4.05179576840628
MKD,2000,19.4,4.4599896365386
MKD,2001,15.2,4.53166326106379
MKD,2002,14.6,4.30169536328117
MKD,2003,17.3,4.66800973933679
MKD,2004,18.2,4.56366624904647
MKD,2005,19.0,4.81870814279944
MKD,2006,19.8,4.83751837122741
MKD,2007,15.7,5.2251891516254
MKD,2008,15.6,5.14447680006979
MKD,2009,18.4,4.65666929755328
MKD,2010,22.3,4.71412907992507
MKD,2011,18.6,5.28745255234082
MKD,2012,18.3,4.98507374518155
MKD,2013,21.2,4.57514266277495
MKD,2014,21.2,4.35528122501704
MKD,2015,23.9,4.14802110404041
MKD,2016,21.4,3.99771705905588
MKD,2017,19.0,4.20312884317705
MKD,2018,20.9,3.99285143704431
MKD,2019,17.0,4.62504703500897
MKD,2020,20.0,4.08399438830595
MKD,2021,19.5,4.15543074626833
MKD,2022,,4.47897922817561
MKD,2023,,4.38791431960329
MKD,2024,,3.99992545326879
MLI,2000,83.5,0.0688623609235515
MLI,2001,82.1,0.069953739700229
MLI,2002,83.6,0.0710527707813689
MLI,2003,85.8,0.0707058085740154
MLI,2004,81.5,0.0697657965035285
MLI,2005,82.3,0.0697854076555803
MLI,2006,81.7,0.0811071283852147
MLI,2007,78.9,0.0935206143407267
MLI,2008,75.0,0.10451260181696
MLI,2009,78.7,0.130044049644136
MLI,2010,84.0,0.124608048140889
MLI,2011,83.6,0.131495145833861
MLI,2012,81.2,0.133938525684299
MLI,2013,84.8,0.157002316488651
MLI,2014,84.6,0.16153478747013
MLI,2015,81.2,0.189920713265439
MLI,2016,77.9,0.238623888160926
MLI,2017,77.0,0.260490442366382
MLI,2018,77.2,0.28284862119858
MLI,2019,74.9,0.290188080208255
MLI,2020,72.8,0.315153895424097
MLI,2021,71.2,0.326094093296463
MLI,2022,71.1,0.324748273279521
MLI,2023,,0.301946302024471
MLI,2024,,0.302799241541437
MLT,2000,0.0,5.47313804356464
MLT,2001,0.0,6.3478937887377
MLT,2002,0.1,5.86965141210549
MLT,2003,0.1,6.55699454566438
MLT,2004,0.1,6.49665560174248
MLT,2005,0.1,6.52471064843475
MLT,2006,0.2,6.56142982620624
MLT,2007,0.2,6.69594122795803
MLT,2008,0.2,6.675232486278
MLT,2009,0.3,6.10579498978125
MLT,2010,1.2,6.25971030715933
MLT,2011,2.0,6.20225431693044
MLT,2012,2.7,6.48623425104993
MLT,2013,3.2,5.60886043172242
MLT,2014,4.5,5.4659835148484
MLT,2015,6.0,3.76435099725361
MLT,2016,9.2,3.00436738869759
MLT,2017,7.3,3.33585952653145
MLT,2018,7.6,3.23907890630974
MLT,2019,7.4,3.32002413119751
MLT,2020,9.2,3.14341694310268
MLT,2021,8.6,3.14078934671427
MLT,2022,,3.3821427831742
MLT,2023,,3.23421022637843
MLT,2024,,3.17888641409729
MMR,2000,80.2,0.221722533260091
MMR,2001,82.5,0.191710326457028
MMR,2002,83.0,0.191306347918213
MMR,2003,79.9,0.234820213738165
MMR,2004,80.2,0.225863126405762
MMR,2005,79.6,0.236985402005318
MMR,2006,81.3,0.218804446194408
MMR,2007,80.5,0.226987849132935
MMR,2008,85.6,0.172766335943286
MMR,2009,85.8,0.160062197522633
MMR,2010,84.6,0.176083810704641
MMR,2011,83.8,0.185603670753961
MMR,2012,78.1,0.251973184982232
MMR,2013,75.6,0.28292574578925
MMR,2014,72.0,0.350073559191087
MMR,2015,70.0,0.386395865290602
MMR,2016,68.8,0.446262538135226
MMR,2017,59.5,0.650427600472324
MMR,2018,59.4,0.641233195886911
MMR,2019,58.5,0.653317518704581
MMR,2020,59.2,0.654863780011824
MMR,2021,62.9,0.596355651595398
MMR,2022,,0.577248041256632
MMR,2023,,0.577107115225871
MMR,2024,,0.575463259318228
MNA,2000,13.0038960774325,2.10765321389034
MNA,2001,12.848024215526,2.15871275378851
MNA,2002,12.8397048283667,2.15488868460953
MNA,2003,12.9698091599557,2.16902899688787
MNA,2004,12.706386923975,2.26625694680353
MNA,2005,12.4721454152737,2.36519224560584
MNA,2006,12.0275723840766,2.4365772897582
MNA,2007,11.4371725209298,2.49932441273345
MNA,2008,11.1816613915187,2.52313165351744
MNA,2009,11.0947663614785,2.54871392412828
MNA,2010,11.2058888704594,2.53950003026186
MNA,2011,11.0708127254411,2.49888498856892
MNA,2012,11.0420215371111,2.56432373134495
MNA,2013,11.1442150564461,2.55819903460459
MNA,2014,11.0400705993001,2.58326066621789
MNA,2015,11.2870521999878,2.53562689767356
MNA,2016,11.1503064832308,2.56443026052064
MNA,2017,10.9413685116146,2.65582551208189
MNA,2018,10.9619732223084,2.62040780980738
MNA,2019,11.4865470725413,2.65204425453706
MNA,2020,11.2181326344417,2.61907296888114
MNA,2021,,2.73551562037933
MNA,2022,,2.73637800434735
MNA,2023,,2.73271406164788
MNA,2024,,2.72400325211606
MNE,2000,,
MNE,2001,,
MNE,2002,,
MNE,2003,,
MNE,2004,,
MNE,2005,47.6,
MNE,2006,44.8,
MNE,2007,42.3,
MNE,2008,38.8,
MNE,2009,49.2,
MNE,2010,49.1,
MNE,2011,42.8,
MNE,2012,45.9,
MNE,2013,49.3,
MNE,2014,46.0,
MNE,2015,43.0,
MNE,2016,43.9,
MNE,2017,37.8,
MNE,2018,40.6,
MNE,2019,38.7,
MNE,2020,39.6,
MNE,2021,39.6,
MNE,2022,,
MNE,2023,,
MNE,2024,,
MNG,2000,5.7,3.78533006126955
MNG,2001,6.1,3.72755507080754
MNG,2002,6.5,3.94360699167465
MNG,2003,6.1,3.77463237398876
MNG,2004,5.8,3.81795335056602
MNG,2005,5.3,4.38774218806367
MNG,2006,4.5,4.95386355704029
MNG,2007,4.7,5.07731037530988
MNG,2008,4.7,4.99621481680735
MNG,2009,4.4,5.17581002669897
MNG,2010,4.5,5.44277377454793
MNG,2011,4.0,5.82704695840423
MNG,2012,3.0,6.21877976761671
MNG,2013,3.0,6.61573895373284
MNG,2014,3.3,6.59114249102211
MNG,2015,3.5,5.95530555717072
MNG,2016,3.4,6.18895798314975
MNG,2017,1.8,6.69287250187922
MNG,2018,2.1,7.1556569765684
MNG,2019,2.3,7.75337679137417
MNG,2020,2.9,6.76709333121744
MNG,2021,3.0,7.35537974094353
MNG,2022,,7.26765621705495
MNG,2023,,7.79990491634218
MNG,2024,,7.84665630954259
MNP,2000,0.0,0.00146292936977003
MNP,2001,0.0,0.00147093433749117
MNP,2002,0.0,0.00149749917637545
MNP,2003,0.0,0.00152856116537503
MNP,2004,0.0,0.00156401513966655
MNP,2005,0.0,0.00160374635147705
MNP,2006,0.0,0.001647935137273
MNP,2007,0.0,0.00169661186610339
MNP,2008,0.0,0.00174978127734033
MNP,2009,0.0,0.00180750112968821
MNP,2010,0.0,0.00184873638867834
MNP,2011,0.0,0.00186539322489181
MNP,2012,0.0,0.00187849870383589
MNP,2013,0.0,0.00189544713597938
MNP,2014,0.0,0.00191651653953774
MNP,2015,0.0,0.00194121986256163
MNP,2016,0.0,0.00196955074547496
MNP,2017,0.0,0.00200164134590364
MNP,2018,0.0,0.00203761436110602
MNP,2019,0.0,0.00207774938186956
MNP,2020,0.3,0.00210402289176906
MNP,2021,0.5,0.00212861065582494
MNP,2022,0.5,0.00217023308303312
MNP,2023,,0.00221518286334537
MNP,2024,,0.00225845792492886
MOZ,2000,93.6,0.0866536165915586
MOZ,2001,93.0,0.102310266807763
MOZ,2002,93.2,0.104824589581639
MOZ,2003,92.7,0.130236083841799
MOZ,2004,92.9,0.140133877928236
MOZ,2005,93.7,0.131290646947492
MOZ,2006,93.1,0.136002702062102
MOZ,2007,87.5,0.152388933763661
MOZ,2008,88.1,0.144341849016611
MOZ,2009,86.1,0.151975649954928
MOZ,2010,84.9,0.156770431712185
MOZ,2011,85.4,0.179664805829954
MOZ,2012,84.5,0.193192939095761
MOZ,2013,83.1,0.204274287988904
MOZ,2014,81.2,0.224549920070884
MOZ,2015,80.1,0.243268951299953
MOZ,2016,77.4,0.304783553342609
MOZ,2017,78.2,0.295110559594905
MOZ,2018,79.0,0.277593949600126
MOZ,2019,77.5,0.288756199727081
MOZ,2020,80.2,0.258364105041605
MOZ,2021,76.9,0.288380146210081
MOZ,2022,,0.333694203552974
MOZ,2023,,0.318684376705804
MOZ,2024,,0.292006477521244
MRT,2000,44.4,0.404906787641274
MRT,2001,44.2,0.436955904970957
MRT,2002,42.1,0.474576023632038
MRT,2003,40.2,0.486430272736422
MRT,2004,38.6,0.518255187780793
MRT,2005,38.8,0.523398815743406
MRT,2006,39.1,0.560912644425715
MRT,2007,35.6,0.608071168380558
MRT,2008,35.8,0.660578794943186
MRT,2009,33.4,0.638554789115249
MRT,2010,34.0,0.621327557199794
MRT,2011,33.3,0.646623526076628
MRT,2012,31.9,0.698114469220239
MRT,2013,35.1,0.620006116243983
MRT,2014,31.0,0.697074247358851
MRT,2015,28.3,0.695166036764374
MRT,2016,31.7,0.642260899312078
MRT,2017,25.5,0.90462166912079
MRT,2018,21.6,1.02255004685679
MRT,2019,21.2,1.00413903504884
MRT,2020,20.9,1.00766695557148
MRT,2021,22.1,0.931619299689918
MRT,2022,19.6,1.03090119301334
MRT,2023,,0.961166094335404
MRT,2024,,0.969475151347498
MUS,2000,20.4,2.05860273171603
MUS,2001,20.1,2.15968241734634
MUS,2002,17.9,2.18923628261503
MUS,2003,18.9,2.27589276148248
MUS,2004,19.1,2.28082977683101
MUS,2005,17.6,2.42563834516313
MUS,2006,16.4,2.69231018577046
MUS,2007,15.7,2.75428958640885
MUS,2008,12.7,2.80350544681747
MUS,2009,12.8,2.75622901183154
MUS,2010,12.8,2.93961932181702
MUS,2011,12.0,2.9195850540241
MUS,2012,11.4,2.98093292204204
MUS,2013,11.4,3.06387900172131
MUS,2014,10.6,3.16403004104002
MUS,2015,11.5,3.16000186874594
MUS,2016,10.3,3.21654571682465
MUS,2017,9.4,3.32606786218848
MUS,2018,9.2,3.29636205462015
MUS,2019,8.9,3.32168232640987
MUS,2020,9.4,2.95810314893832
MUS,2021,8.6,3.14916917653636
MUS,2022,,3.20778314533676
MUS,2023,,3.46174699494733
MUS,2024,,3.53634151803811
MWI,2000,82.6,0.273808402340698
MWI,2001,83.1,0.273146222506607
MWI,2002,83.3,0.263500341738185
MWI,2003,82.8,0.25920295685927
MWI,2004,82.4,0.251729158048841
MWI,2005,83.2,0.277904313470894
MWI,2006,82.8,0.286891869131667
MWI,2007,82.2,0.300478560389937
MWI,2008,80.4,0.306502016933238
MWI,2009,80.0,0.288827537610307
MWI,2010,81.2,0.302506403583916
MWI,2011,80.2,0.375983735889801
MWI,2012,80.2,0.361753852443003
MWI,2013,79.8,0.310800469452195
MWI,2014,82.8,0.299117927594907
MWI,2015,81.0,0.287318193984204
MWI,2016,78.9,0.279415248170622
MWI,2017,76.9,0.299783006549716
MWI,2018,73.2,0.294590681031673
MWI,2019,70.9,0.294726852321002
MWI,2020,71.5,0.266526561430064
MWI,2021,71.1,0.305223786714373
MWI,2022,62.9,0.272369783877739
MWI,2023,,0.222924211075164
MWI,2024,,0.221419380007265
MYS,2000,4.4,5.69323613529471
MYS,2001,4.2,5.88304152527669
MYS,2002,3.5,6.08030867532827
MYS,2003,3.3,6.34316955354466
MYS,2004,3.2,6.71466646648273
MYS,2005,3.0,7.01024161142768
MYS,2006,3.1,7.10605067191351
MYS,2007,2.8,7.58861945429411
MYS,2008,3.0,7.83922878075814
MYS,2009,2.3,7.03693732266971
MYS,2010,2.0,7.52034773024468
MYS,2011,2.2,7.48482299197254
MYS,2012,2.5,7.40984230399317
MYS,2013,2.8,7.85952532729463
MYS,2014,3.0,8.18962008151058
MYS,2015,3.4,8.09596053481984
MYS,2016,4.4,7.78504411100645
MYS,2017,5.2,7.35056919281223
MYS,2018,5.3,7.72644571640815
MYS,2019,5.7,7.63039929073035
MYS,2020,7.0,7.46778698028461
MYS,2021,7.5,7.5232628848407
MYS,2022,,7.98329915646393
MYS,2023,,8.03895132928611
MYS,2024,,8.32321620146515
NAC,2000,6.99794051078638,20.6833459817644
NAC,2001,6.29470806028373,20.2883077883494
NAC,2002,6.49353145956929,19.6866526686668
NAC,2003,6.90995667354364,19.7841024212898
NAC,2004,7.1669590453524,19.8268979459965
NAC,2005,7.50163259617031,19.7383286386826
NAC,2006,7.99064384156515,19.2286065633025
NAC,2007,7.94211967922515,19.353539846687
NAC,2008,8.39672268148695,18.5680985631244
NAC,2009,8.92392050805303,17.0829557090398
NAC,2010,8.88269795903184,17.714241417272
NAC,2011,9.86206424776275,16.9926177299797
NAC,2012,10.0055359347168,16.198256259364
NAC,2013,10.3906457230113,16.4836667571847
NAC,2014,10.4893842157596,16.4179821432052
NAC,2015,10.3923884465868,15.9615887086023
NAC,2016,10.724670511025,15.5421169539778
NAC,2017,11.2091690751112,15.2846155202833
NAC,2018,11.3114262085469,15.6734792437431
NAC,2019,11.5807525012806,15.1594364156996
NAC,2020,12.4628823400948,13.5675625559545
NAC,2021,,14.3528360081889
NAC,2022,,14.4549531403462
NAC,2023,,13.7597545276482
NAC,2024,,13.6637410857506
NAM,2000,34.8,1.05320053864219
NAM,2001,30.4,1.31962124834684
NAM,2002,33.8,1.1277956792965
NAM,2003,33.3,1.18656725758606
NAM,2004,34.8,1.23455137321699
NAM,2005,34.6,1.30663252282386
NAM,2006,35.8,1.27020193906485
NAM,2007,36.5,1.28732785098583
NAM,2008,32.5,1.44803073291595
NAM,2009,33.4,1.47083316886445
NAM,2010,31.2,1.27238885378833
NAM,2011,31.6,1.32617380871956
NAM,2012,31.9,1.36313058914982
NAM,2013,30.7,1.37810831304484
NAM,2014,30.2,1.38659483707511
NAM,2015,29.3,1.50195847197069
NAM,2016,29.2,1.59834340010487
NAM,2017,30.2,1.49737539456841
NAM,2018,30.9,1.47819814870212
NAM,2019,30.2,1.45542679968338
NAM,2020,31.2,1.29890404513109
NAM,2021,30.0,1.31835499696145
NAM,2022,,1.23886461461583
NAM,2023,,1.21960315143456
NAM,2024,,1.20450237960009
NCL,2000,7.5,9.66750038099848
NCL,2001,6.7,9.6791051658491
NCL,2002,5.3,10.5629618147057
NCL,2003,4.9,11.4822670463668
NCL,2004,5.2,10.1070366864298
NCL,2005,5.1,11.0495496785757
NCL,2006,4.5,10.9987194350972
NCL,2007,5.8,11.1345099212284
NCL,2008,7.8,10.6270067960209
NCL,2009,7.0,10.5434402332362
NCL,2010,4.8,13.4481730394293
NCL,2011,5.9,13.2999178368969
NCL,2012,6.2,13.1331612874724
NCL,2013,6.6,14.1805925829594
NCL,2014,4.3,17.031263334566
NCL,2015,5.1,16.1165809696011
NCL,2016,3.7,17.1997332608857
NCL,2017,5.1,15.4923716081341
NCL,2018,4.6,21.2498368842601
NCL,2019,5.2,20.3934331431634
NCL,2020,6.1,19.874303248691
NCL,2021,8.3,16.3459717966159
NCL,2022,9.6,16.0756888162913
NCL,2023,,16.7820057267051
NCL,2024,,17.0800884366062
NER,2000,87.6,0.0609576502459245
NER,2001,87.7,0.0592333620817729
NER,2002,87.7,0.0593968294482597
NER,2003,87.0,0.062264671113131
NER,2004,87.0,0.0627702618968002
NER,2005,87.5,0.0580683956722907
NER,2006,87.4,0.0561793776129525
NER,2007,86.2,0.0588032243486555
NER,2008,86.1,0.0592504254840624
NER,2009,83.2,0.071125383576873
NER,2010,80.7,0.0871239576683192
NER,2011,77.2,0.0858043617469507
NER,2012,72.7,0.11521705528619
NER,2013,78.7,0.109995206237097
NER,2014,78.1,0.114592549329829
NER,2015,78.9,0.108819188928427
NER,2016,80.2,0.104777428213515
NER,2017,82.0,0.0920857909837752
NER,2018,82.0,0.0913914590764974
NER,2019,80.7,0.103413157111608
NER,2020,81.9,0.101595383987419
NER,2021,79.6,0.116675523035947
NER,2022,,0.127125609686768
NER,2023,,0.120906578003627
NER,2024,,0.118901709547783
NGA,2000,86.0,0.792790969926579
NGA,2001,84.5,0.818897081180304
NGA,2002,84.5,0.720895078592108
NGA,2003,82.9,0.7843536892773
NGA,2004,84.0,0.736921009510727
NGA,2005,83.9,0.710050686175941
NGA,2006,85.8,0.621989926382773
NGA,2007,87.1,0.550572897626193
NGA,2008,85.7,0.581139578438694
NGA,2009,88.1,0.499337659024901
NGA,2010,86.0,0.566502430832841
NGA,2011,84.1,0.606966647220167
NGA,2012,83.9,0.580337328542393
NGA,2013,81.4,0.63302873569183
NGA,2014,79.9,0.660183629190404
NGA,2015,81.3,0.621244733321397
NGA,2016,81.1,0.631791150085677
NGA,2017,81.6,0.579461406473008
NGA,2018,80.8,0.592412108680957
NGA,2019,80.1,0.60197968413501
NGA,2020,81.8,0.555700571123744
NGA,2021,80.3,0.599006670437755
NGA,2022,,0.578271036832404
NGA,2023,,0.552339272252252
NGA,2024,,0.566917637661195
NIC,2000,58.4,0.750642143274255
NIC,2001,56.7,0.784932657864608
NIC,2002,54.7,0.802480199164684
NIC,2003,51.5,0.868783754557459
NIC,2004,51.2,0.880651905436692
NIC,2005,52.8,0.825573439683421
NIC,2006,53.3,0.861159783755055
NIC,2007,52.6,0.880041140622672
NIC,2008,53.8,0.833501745599867
NIC,2009,54.6,0.803556764919428
NIC,2010,54.4,0.814142171173605
NIC,2011,53.3,0.838899676253052
NIC,2012,53.3,0.82136320433153
NIC,2013,54.3,0.775237326501605
NIC,2014,53.0,0.809215605987777
NIC,2015,50.0,0.893922139285724
NIC,2016,49.5,0.918114335021321
NIC,2017,48.9,0.899666272497
NIC,2018,51.3,0.809411757353033
NIC,2019,50.5,0.821126102136495
NIC,2020,52.2,0.72292566319085
NIC,2021,50.4,0.781445055571015
NIC,2022,,0.781677382316785
NIC,2023,,0.811432301333619
NIC,2024,,0.829841501184187
NLD,2000,1.7,11.1051053739996
NLD,2001,1.8,11.3084173304799
NLD,2002,1.9,11.2597436028111
NLD,2003,1.9,11.3578841244373
NLD,2004,2.2,11.4700426777688
NLD,2005,2.7,11.1632826932179
NLD,2006,3.1,10.8698765534362
NLD,2007,3.7,10.9184543529559
NLD,2008,3.9,10.9418188812042
NLD,2009,4.4,10.5716574831758
NLD,2010,3.9,11.2017265434693
NLD,2011,4.7,10.4278277326273
NLD,2012,4.9,10.2418555171895
NLD,2013,5.0,10.0780436970437
NLD,2014,5.6,9.59164086966339
NLD,2015,5.8,9.99734178248626
NLD,2016,5.6,10.028805106001
NLD,2017,6.4,9.81688717537774
NLD,2018,7.4,9.46486529650368
NLD,2019,8.6,9.10784361996519
NLD,2020,10.7,8.15069804775965
NLD,2021,12.2,8.32113351224123
NLD,2022,,7.52014775225465
NLD,2023,,6.87570596534106
NLD,2024,,6.60188395966651
NOR,2000,60.2,9.30078087859475
NOR,2001,59.6,9.367707700314
NOR,2002,59.5,9.16323116929134
NOR,2003,56.2,9.73649765436142
NOR,2004,56.9,9.7760844615857
NOR,2005,58.6,9.3683698473663
NOR,2006,57.0,9.44326328556989
NOR,2007,57.4,9.5358549616035
NOR,2008,58.5,9.87892316868461
NOR,2009,56.7,9.34509433751263
NOR,2010,56.0,9.81436424221947
NOR,2011,56.0,9.47669413505272
NOR,2012,56.9,9.2436037096601
NOR,2013,56.6,9.22857857758341
NOR,2014,55.8,9.1470465028638
NOR,2015,56.5,9.24221086700149
NOR,2016,57.7,9.04975223129384
NOR,2017,58.9,8.98402264330578
NOR,2018,58.9,8.78033462878555
NOR,2019,59.8,8.47933467666537
NOR,2020,60.9,8.12493784244745
NOR,2021,61.4,8.21471362641264
NOR,2022,,7.9798582660803
NOR,2023,,7.53753758650308
NOR,2024,,7.17830173255862
NPL,2000,88.3,0.139302904539297
NPL,2001,87.8,0.146516090995107
NPL,2002,90.0,0.117821557843168
NPL,2003,89.4,0.131890377884365
NPL,2004,90.3,0.112501007047178
NPL,2005,89.5,0.124510356693779
NPL,2006,91.2,0.102106403341938
NPL,2007,91.3,0.104220125567352
NPL,2008,90.5,0.114316256772823
NPL,2009,88.9,0.149560032583773
NPL,2010,87.3,0.175005793295226
NPL,2011,87.0,0.195186556140448
NPL,2012,84.7,0.226080233042303
NPL,2013,86.0,0.228209529280106
NPL,2014,84.0,0.265694626083707
NPL,2015,85.2,0.263161214520219
NPL,2016,79.4,0.385041034199327
NPL,2017,76.8,0.471231959664218
NPL,2018,75.0,0.531555032536151
NPL,2019,78.2,0.473751308506942
NPL,2020,73.1,0.568109987739662
NPL,2021,73.7,0.589753828751882
NPL,2022,,0.506315976652673
NPL,2023,,0.519690203752101
NPL,2024,,0.535964084109792
NRU,2000,0.0,0.0
NRU,2001,0.0,0.0
NRU,2002,0.0,0.0
NRU,2003,0.0,0.0
NRU,2004,0.0,0.0
NRU,2005,0.0,0.0
NRU,2006,0.1,0.0
NRU,2007,0.1,0.0
NRU,2008,0.1,0.0
NRU,2009,0.0,0.0
NRU,2010,0.0,0.0
NRU,2011,0.0,0.0
NRU,2012,0.1,0.0
NRU,2013,0.1,0.0
NRU,2014,0.0,0.0
NRU,2015,0.1,0.0
NRU,2016,0.2,0.0
NRU,2017,0.6,0.0
NRU,2018,0.7,0.0
NRU,2019,0.6,0.0
NRU,2020,1.3,0.0
NRU,2021,1.6,0.0
NRU,2022,1.9,0.0
NRU,2023,,0.0
NRU,2024,,0.0
NZL,2000,26.4,8.55385333229644
NZL,2001,24.6,8.99577374049736
NZL,2002,26.6,8.864910725592
NZL,2003,25.9,8.91989471593166
NZL,2004,28.2,8.69032415902141
NZL,2005,26.8,8.75495294999879
NZL,2006,27.0,8.67562013095636
NZL,2007,27.0,8.30766134760169
NZL,2008,26.1,8.49532841917461
NZL,2009,28.5,7.7665829963278
NZL,2010,29.4,7.68715379134392
NZL,2011,30.3,7.46138229927007
NZL,2012,28.8,7.89151788752524
NZL,2013,28.3,7.78476396299048
NZL,2014,29.0,7.81374958485553
NZL,2015,29.3,7.67750683386124
NZL,2016,30.1,7.36993275492671
NZL,2017,28.4,7.53415323250789
NZL,2018,28.9,7.27125249969391
NZL,2019,28.0,7.49357181659055
NZL,2020,28.7,6.83500906868543
NZL,2021,28.9,6.8263580222633
NZL,2022,,6.32162465316725
NZL,2023,,6.11076923076923
NZL,2024,,6.01410207939509
OED,2000,7.75334126302278,11.1466676951584
OED,2001,7.39910129078992,11.0451257907479
OED,2002,7.48717816862848,10.8996770369125
OED,2003,7.76822251221727,11.0175625699252
OED,2004,7.99792720526407,11.0447256782783
OED,2005,8.2750689008543,11.002658960208
OED,2006,8.75159229776806,10.875991700638
OED,2007,9.008152485838,10.9265590021945
OED,2008,9.51078406141571,10.5674461796345
OED,2009,10.1205121168934,9.85845907240483
OED,2010,10.3743144709912,10.2228507332779
OED,2011,10.9046224842115,9.99263884192274
OED,2012,11.3823454495312,9.79069258940947
OED,2013,11.877535320146,9.77335002644795
OED,2014,12.1275743053496,9.53910852409107
OED,2015,12.2611450949417,9.42978690154796
OED,2016,12.432384629223,9.31632081072242
OED,2017,12.7954391065077,9.26108069403147
OED,2018,13.2024399046234,9.23848255798854
OED,2019,13.6864487000325,8.91810774012285
OED,2020,14.8380363213872,8.12287779127073
OED,2021,,8.53419073703897
OED,2022,,8.42668842227778
OED,2023,,8.00229164597498
OED,2024,,7.91760825951129
OMN,2000,0.0,11.5318533423366
OMN,2001,0.0,12.3287119781389
OMN,2002,0.0,13.0297714300384
OMN,2003,0.0,13.6147958622487
OMN,2004,0.0,13.2140812143607
OMN,2005,0.0,13.4330730684827
OMN,2006,0.0,16.7589405895908
OMN,2007,0.0,17.7305116307301
OMN,2008,0.0,17.0293950685486
OMN,2009,0.0,17.5455802766757
OMN,2010,0.0,18.6742369569522
OMN,2011,0.0,19.4168676625401
OMN,2012,0.0,19.0117803076649
OMN,2013,0.0,18.4231097575767
OMN,2014,0.0,18.7456448430569
OMN,2015,0.0,18.9549319636454
OMN,2016,0.0,18.3626186750392
OMN,2017,0.0,17.9309674535791
OMN,2018,0.0,18.3513173579893
OMN,2019,0.0,18.6062766036459
OMN,2020,0.1,18.1682818142278
OMN,2021,0.1,19.4931188705775
OMN,2022,,19.6830764534295
OMN,2023,,18.9600910547646
OMN,2024,,18.6519911434889
OSS,2000,34.8842401021711,4.68011265016536
OSS,2001,34.4060049627792,4.67315460987159
OSS,2002,34.8973229496228,4.51551061895615
OSS,2003,34.679399243141,4.86291684247289
OSS,2004,34.4053686635945,4.92245829645191
OSS,2005,34.9750106337729,4.86435854846612
OSS,2006,33.1250047938639,5.09417150798256
OSS,2007,34.3738268461259,5.40621756077562
OSS,2008,36.1920582047686,5.26800984804302
OSS,2009,39.4830543154762,4.77906855608521
OSS,2010,40.1984612532443,5.1074364173278
OSS,2011,40.4458062116422,5.07746483602155
OSS,2012,40.7171691176471,4.93245142381184
OSS,2013,41.1903048108704,5.08590309409127
OSS,2014,41.5939404934688,5.06808491530847
OSS,2015,42.5760198652004,4.70098555335138
OSS,2016,42.1565383945673,4.664123635007
OSS,2017,41.4366535230585,4.78282475224104
OSS,2018,42.3626099950191,4.85338243085182
OSS,2019,42.3904707420726,4.08550723028829
OSS,2020,45.4042214532872,3.77656532555834
OSS,2021,,3.90037217494107
OSS,2022,,4.06107663404187
OSS,2023,,3.76193664560992
OSS,2024,,3.6803500234961
PAK,2000,51.0,0.722433695019472
PAK,2001,51.5,0.715614685361213
PAK,2002,51.4,0.694336050345593
PAK,2003,50.1,0.703114269808277
PAK,2004,47.9,0.767369779199701
PAK,2005,48.0,0.763286111855279
PAK,2006,47.0,0.808708952431645
PAK,2007,44.9,0.877889118869624
PAK,2008,46.6,0.825212305875015
PAK,2009,46.4,0.823532021617383
PAK,2010,47.4,0.781255493557947
PAK,2011,46.8,0.761925389822866
PAK,2012,47.2,0.756547286914094
PAK,2013,48.1,0.761812998094914
PAK,2014,47.2,0.78969023760602
PAK,2015,45.9,0.820485873767654
PAK,2016,43.7,0.893970251114536
PAK,2017,42.1,0.955309760765795
PAK,2018,43.4,0.891523323526385
PAK,2019,45.9,0.861524807145574
PAK,2020,42.7,0.947225728271823
PAK,2021,41.6,0.956817705203498
PAK,2022,,0.965826244537936
PAK,2023,,0.843982651709012
PAK,2024,,0.811831809174961
PAN,2000,27.7,1.72414079469992
PAN,2001,24.0,2.02167297543571
PAN,2002,28.7,1.72892465641361
PAN,2003,27.4,1.71837982674187
PAN,2004,28.2,1.69444397452598
PAN,2005,22.8,2.1436596030336
PAN,2006,22.1,2.21959903099948
PAN,2007,22.8,2.17542451032585
PAN,2008,23.4,2.07330185725614
PAN,2009,20.4,2.43388683757432
PAN,2010,20.6,2.52989154024971
PAN,2011,19.7,2.7068055952273
PAN,2012,21.2,2.77914034053547
PAN,2013,20.7,2.68272349907681
PAN,2014,19.8,2.76763115859532
PAN,2015,22.0,2.68464798922232
PAN,2016,22.1,2.64685340546218
PAN,2017,23.6,2.47597596022355
PAN,2018,24.5,2.38158191493956
PAN,2019,19.0,3.10862634897395
PAN,2020,28.5,2.2623129597758
PAN,2021,28.0,2.47873328262843
PAN,2022,,2.60024772920576
PAN,2023,,2.85705058290883
PAN,2024,,2.73829900364892
PER,2000,38.6,1.08978642306542
PER,2001,41.2,0.999072821437261
PER,2002,40.2,1.02982177252548
PER,2003,40.9,0.999006906693826
PER,2004,37.8,1.1424738952305
PER,2005,38.4,1.13303782972815
PER,2006,38.7,1.11175872498468
PER,2007,36.0,1.20481100024924
PER,2008,33.7,1.3577960350417
PER,2009,32.9,1.4525720502515
PER,2010,32.2,1.57630028365174
PER,2011,30.6,1.67824036552445
PER,2012,30.8,1.6622975160443
PER,2013,28.4,1.68769322902782
PER,2014,28.6,1.76825633140529
PER,2015,27.4,1.80255174406388
PER,2016,27.2,1.86289055051085
PER,2017,27.6,1.76274029927306
PER,2018,27.9,1.73514081818861
PER,2019,27.1,1.79270106356368
PER,2020,31.6,1.44746823545562
PER,2021,30.6,1.79843805693361
PER,2022,,1.90408262918024
PER,2023,,1.92281618030482
PER,2024,,2.02424185179617
PHL,2000,33.9,0.932672272893032
PHL,2001,32.9,0.880719772591872
PHL,2002,31.8,0.878079638214495
PHL,2003,30.9,0.882480593038024
PHL,2004,30.2,0.876070774131651
PHL,2005,31.3,0.896249932483837
PHL,2006,33.3,0.792914802989724
PHL,2007,32.4,0.845028213173854
PHL,2008,33.9,0.838866873511548
PHL,2009,34.1,0.833249191469975
PHL,2010,32.7,0.881994350568382
PHL,2011,33.8,0.860953621187979
PHL,2012,34.1,0.893452882976031
PHL,2013,33.1,0.955039177738511
PHL,2014,32.4,1.00237329489598
PHL,2015,30.8,1.07477147738809
PHL,2016,28.6,1.13642556715245
PHL,2017,27.8,1.25459105770861
PHL,2018,27.6,1.29114721089618
PHL,2019,26.9,1.33500133744347
PHL,2020,29.1,1.21683584867494
PHL,2021,28.0,1.28744630350143
PHL,2022,,1.33112167071071
PHL,2023,,1.41396992471112
PHL,2024,,1.5030109111702
PLW,2000,0.0,110.647617061216
PLW,2001,0.0,122.137246796197
PLW,2002,0.0,74.0450187150695
PLW,2003,0.0,87.3950862200519
PLW,2004,0.0,76.7810292633703
PLW,2005,0.0,87.552348756244
PLW,2006,0.0,86.6533966212423
PLW,2007,0.0,71.6868718267537
PLW,2008,0.0,73.533589352412
PLW,2009,0.0,116.190068950772
PLW,2010,0.0,114.73689932594
PLW,2011,0.0,131.081978094922
PLW,2012,0.0,202.865184351252
PLW,2013,0.0,103.371486854034
PLW,2014,0.3,71.5608241603161
PLW,2015,0.4,67.2706809229038
PLW,2016,0.6,64.3029724110805
PLW,2017,0.6,67.1682012126656
PLW,2018,0.6,69.0748849219715
PLW,2019,0.9,71.2608158220025
PLW,2020,0.9,71.7401079136691
PLW,2021,0.9,74.7342968003149
PLW,2022,0.9,78.7262796328622
PLW,2023,,78.8571106222147
PLW,2024,,82.8426109070359
PNG,2000,66.4,0.526361985340968
PNG,2001,63.4,0.61844116237681
PNG,2002,62.5,0.68600572957171
PNG,2003,60.4,0.739598664075113
PNG,2004,57.5,0.761531096274503
PNG,2005,58.6,0.800164629075851
PNG,2006,58.9,0.78804396151589
PNG,2007,57.1,0.758816344730873
PNG,2008,56.9,0.710287982656834
PNG,2009,56.0,0.668364468858039
PNG,2010,55.2,0.554318104497753
PNG,2011,54.7,0.568647823877457
PNG,2012,55.5,0.527248406524125
PNG,2013,58.3,0.551230455449542
PNG,2014,56.9,0.64972585602458
PNG,2015,55.3,0.683258826298608
PNG,2016,54.8,0.738809232783268
PNG,2017,54.7,0.629630686826063
PNG,2018,53.4,0.522006835266501
PNG,2019,53.2,0.52413307926623
PNG,2020,53.6,0.557716143021631
PNG,2021,54.5,0.537976225859132
PNG,2022,54.6,0.541939469982316
PNG,2023,,0.529181246501922
PNG,2024,,0.516966762734976
POL,2000,6.9,8.18187708712719
POL,2001,7.3,8.09869495134866
POL,2002,7.5,7.912937998707
POL,2003,7.3,8.25299957570521
POL,2004,7.3,8.31504253471681
POL,2005,7.2,8.30851048638369
POL,2006,7.2,8.67173342720891
POL,2007,7.3,8.66464448581028
POL,2008,8.0,8.5133492030939
POL,2009,8.8,8.16161512269878
POL,2010,9.5,8.65823367232175
POL,2011,10.4,8.58934161043243
POL,2012,10.9,8.39990338165267
POL,2013,11.4,8.28307772126095
POL,2014,11.6,7.95991816737647
POL,2015,11.9,8.05009433373176
POL,2016,11.3,8.34151367627891
POL,2017,11.1,8.69581601242887
POL,2018,15.1,8.68031784277711
POL,2019,15.6,8.21985501300853
POL,2020,16.1,7.91347409626485
POL,2021,15.2,8.76145594619199
POL,2022,,8.36357881859441
POL,2023,,7.64977784033642
POL,2024,,7.55108565871718
PRE,2000,78.3300233770905,0.488456535627456
PRE,2001,77.5561547357465,0.51012512881471
PRE,2002,77.7336427408946,0.469713909499522
PRE,2003,78.5384429771645,0.460187220029293
PRE,2004,77.9349317672905,0.465920318225253
PRE,2005,78.0809457508779,0.453340359615047
PRE,2006,78.1089116230743,0.432708892557747
PRE,2007,77.9827883948906,0.409900864135851
PRE,2008,77.0470225009081,0.437699911546482
PRE,2009,77.5774660421546,0.431139309691973
PRE,2010,75.7135622523074,0.471892129019842
PRE,2011,74.6528191627611,0.489742003824411
PRE,2012,73.1865442433771,0.502611677544515
PRE,2013,72.2325804041222,0.528180052068788
PRE,2014,72.7170196904253,0.526671477436703
PRE,2015,73.339891666412,0.524602175798488
PRE,2016,72.8428194718611,0.545452571433854
PRE,2017,72.7571519329351,0.541576372430601
PRE,2018,71.906862473446,0.555997373118732
PRE,2019,71.4398709500275,0.56930626289062
PRE,2020,73.3285283869645,0.529215244974336
PRE,2021,,0.564968645929087
PRE,2022,,0.58049880115969
PRE,2023,,0.570966532959034
PRE,2024,,0.57183280300684
PRI,2000,0.6,6.60892430467078
PRI,2001,0.5,6.51078068510993
PRI,2002,0.5,5.26808973818821
PRI,2003,0.5,6.83051518584876
PRI,2004,0.5,6.84176501053862
PRI,2005,0.6,6.88558163293611
PRI,2006,0.5,4.45924986084882
PRI,2007,0.5,4.74692670754257
PRI,2008,0.5,4.09389752253869
PRI,2009,0.5,3.73563325945551
PRI,2010,0.4,3.60688045128629
PRI,2011,0.7,3.15890448641167
PRI,2012,0.5,3.09679340188389
PRI,2013,1.4,3.01209414370714
PRI,2014,1.6,3.21103079845925
PRI,2015,1.9,3.42193169375025
PRI,2016,1.9,3.26088830352094
PRI,2017,2.3,3.40966161678204
PRI,2018,1.4,4.16800123986155
PRI,2019,2.4,3.8228523346568
PRI,2020,2.5,3.79870617636384
PRI,2021,2.6,3.8822998279662
PRI,2022,2.5,4.32209948114186
PRI,2023,,4.56646088980752
PRI,2024,,4.81811048233563
PRK,2000,8.7,3.11867576611252
PRK,2001,8.6,3.21947711220633
PRK,2002,9.0,3.06728962649599
PRK,2003,9.3,3.11253288657132
PRK,2004,9.4,3.1550105065182
PRK,2005,9.2,3.2684040326715
PRK,2006,9.0,3.31295140815675
PRK,2007,10.9,2.7584412690495
PRK,2008,10.2,3.00746007873007
PRK,2009,10.4,2.88086837976115
PRK,2010,11.0,2.76311230307863
PRK,2011,14.8,2.02453403025292
PRK,2012,15.4,1.94440063767148
PRK,2013,20.8,1.49661356655539
PRK,2014,18.5,1.63490910588245
PRK,2015,22.6,1.27678018091639
PRK,2016,24.0,1.40192400080846
PRK,2017,10.2,2.84853702549672
PRK,2018,11.9,2.56049221424721
PRK,2019,10.0,2.81942305659747
PRK,2020,11.2,2.64172695826404
PRK,2021,14.7,2.18395218700565
PRK,2022,,2.27140993081922
PRK,2023,,2.48536198751437
PRK,2024,,2.49971102490099
PRT,2000,20.1,6.24348268563984
PRT,2001,20.8,6.12752132113551
PRT,2002,18.3,6.50103636107651
PRT,2003,22.1,6.00482597417051
PRT,2004,19.9,6.15858031692713
PRT,2005,18.1,6.4581042393222
PRT,2006,22.3,5.98192142241307
PRT,2007,23.1,5.8179179972539
PRT,2008,23.2,5.61287237370618
PRT,2009,24.9,5.53453188594097
PRT,2010,27.8,5.03622400242124
PRT,2011,27.2,4.86833131897901
PRT,2012,25.5,4.73413585593852
PRT,2013,30.2,4.60337018320703
PRT,2014,30.5,4.58326274759251
PRT,2015,27.2,4.99335011637296
PRT,2016,29.0,4.89305456071076
PRT,2017,24.4,5.35359164296186
PRT,2018,27.5,4.96972818082616
PRT,2019,28.2,4.51358282400518
PRT,2020,31.3,3.94717687468905
PRT,2021,32.3,3.76014625214405
PRT,2022,,3.8017191709062
PRT,2023,,3.53665954067309
PRT,2024,,3.32476489948602
PRY,2000,70.4,0.714113754757033
PRY,2001,69.8,0.729978223444004
PRY,2002,67.7,0.75363102243388
PRY,2003,67.0,0.768337402345583
PRY,2004,66.8,0.768516241584581
PRY,2005,68.8,0.701070483877214
PRY,2006,66.5,0.747663823025285
PRY,2007,68.4,0.703512941896821
PRY,2008,65.8,0.813688391744725
PRY,2009,65.4,0.831000508531121
PRY,2010,63.6,0.913894475939317
PRY,2011,62.5,0.937463561714889
PRY,2012,63.4,0.91780441878322
PRY,2013,62.5,0.942925509553368
PRY,2014,62.5,0.980244689661672
PRY,2015,60.5,1.08148865183778
PRY,2016,62.5,1.20212010447541
PRY,2017,60.1,1.33605525458062
PRY,2018,59.2,1.3602583446884
PRY,2019,60.1,1.30801598389454
PRY,2020,61.5,1.1894625150994
PRY,2021,58.8,1.19342950266764
PRY,2022,,1.18410511467852
PRY,2023,,1.1312441318464
PRY,2024,,1.1581935050359
PSE,2000,17.5,
PSE,2001,17.1,
PSE,2002,21.8,
PSE,2003,21.7,
PSE,2004,23.1,
PSE,2005,22.8,
PSE,2006,18.1,
PSE,2007,20.5,
PSE,2008,20.1,
PSE,2009,16.5,
PSE,2010,14.1,
PSE,2011,15.4,
PSE,2012,12.2,
PSE,2013,11.7,
PSE,2014,10.8,
PSE,2015,11.0,
PSE,2016,12.3,
PSE,2017,10.5,
PSE,2018,12.7,
PSE,2019,13.9,
PSE,2020,15.0,
PSE,2021,15.4,
PSE,2022,15.4,
PSE,2023,,
PSE,2024,,
PSS,2000,43.3202099737533,2.05682489225246
PSS,2001,38.2140664961637,2.22585021388557
PSS,2002,41.8976,1.65014296466379
PSS,2003,37.7193798449612,1.89494254434611
PSS,2004,35.0321596244131,1.97799585645338
PSS,2005,37.4314960629921,1.96080328880397
PSS,2006,36.3674816625917,1.98563072372754
PSS,2007,34.2550368550369,1.7927356495945
PSS,2008,36.9616666666667,1.59920454814238
PSS,2009,34.7113372093023,1.83291962363025
PSS,2010,29.6785326086957,2.08408407621389
PSS,2011,31.4028947368421,1.9874195301045
PSS,2012,31.2037135278515,2.45377826834541
PSS,2013,31.0864532019704,1.76257726304287
PSS,2014,31.2214953271028,1.59741510923491
PSS,2015,31.3321759259259,1.56644204041801
PSS,2016,28.8504854368932,1.5303532093467
PSS,2017,28.9891402714932,1.48848664879946
PSS,2018,27.3537444933921,1.5765876517353
PSS,2019,27.3889848812095,1.57319625516223
PSS,2020,29.425845410628,1.34215776248477
PSS,2021,,1.49533820886211
PSS,2022,,1.49552963819568
PSS,2023,,1.47946024578094
PSS,2024,,1.53236017185883
PST,2000,7.10318257512277,12.523858932642
PST,2001,6.74933608767742,12.4643874954845
PST,2002,6.81403486435157,12.3133260436134
PST,2003,7.12597928148982,12.4758717602204
PST,2004,7.35660986404122,12.4925447077968
PST,2005,7.64178402819778,12.4357376825834
PST,2006,8.13944321805613,12.2595452763216
PST,2007,8.4238448802232,12.3130655909465
PST,2008,8.91292216843766,11.8994481429692
PST,2009,9.54731401320155,11.0474920378439
PST,2010,9.8170711241403,11.4853945124589
PST,2011,10.3374053454359,11.2338180828974
PST,2012,10.855740352061,10.973075790434
PST,2013,11.3357713927499,10.9872805564786
PST,2014,11.6687849102506,10.7015509321495
PST,2015,11.8425604176608,10.5209266488609
PST,2016,12.0622071586832,10.3602758172244
PST,2017,12.4846381438532,10.2569559262596
PST,2018,12.8576178839564,10.2909449164064
PST,2019,13.2726556995631,9.93276423782654
PST,2020,14.4278548426441,9.02537069119886
PST,2021,,9.47401519074391
PST,2022,,9.34691612287132
PST,2023,,8.87035305545339
PST,2024,,8.76572462478417
PYF,2000,8.8,2.95293691774467
PYF,2001,6.7,3.39946824418162
PYF,2002,6.2,3.54273029966704
PYF,2003,7.2,3.71249061147605
PYF,2004,7.7,3.45506035501107
PYF,2005,8.0,3.62726246305495
PYF,2006,10.1,3.36406772964369
PYF,2007,9.8,3.55917699427259
PYF,2008,9.3,3.61391912183889
PYF,2009,9.3,3.4662926143216
PYF,2010,7.5,3.65769827777367
PYF,2011,6.9,3.52228523481288
PYF,2012,6.6,3.38577141099442
PYF,2013,6.5,3.61739611543053
PYF,2014,7.4,3.55841627862381
PYF,2015,7.8,3.61973037363333
PYF,2016,8.1,3.61024149467365
PYF,2017,8.1,3.14473717095045
PYF,2018,7.7,2.79792005432161
PYF,2019,7.7,2.81327723503229
PYF,2020,8.2,2.56080570468717
PYF,2021,7.4,2.28741350717676
PYF,2022,7.0,3.30197091069913
PYF,2023,,3.30181631912578
PYF,2024,,3.45591131519089
QAT,2000,0.1,49.2290566195703
QAT,2001,0.1,47.8365600914555
QAT,2002,0.1,50.8998108843442
QAT,2003,0.0,51.3901235695236
QAT,2004,0.0,53.2363848903188
QAT,2005,0.0,52.7739009071877
QAT,2006,0.1,50.3550976479985
QAT,2007,0.1,46.4568362437376
QAT,2008,0.1,43.3504469009866
QAT,2009,0.1,39.7629937914219
QAT,2010,0.1,44.6630200292918
QAT,2011,0.1,51.1981146765586
QAT,2012,0.0,53.5992587251326
QAT,2013,0.0,53.2936831372565
QAT,2014,0.0,51.4766852020105
QAT,2015,0.0,48.6591283555913
QAT,2016,0.1,46.043357731359
QAT,2017,0.1,44.8208042988114
QAT,2018,0.0,44.520899868022
QAT,2019,0.1,44.592192164423
QAT,2020,0.0,41.2780926421936
QAT,2021,0.0,47.2839742745248
QAT,2022,,45.1959539884538
QAT,2023,,48.6426368357008
QAT,2024,,47.3321641445828
ROU,2000,16.4,4.34452283523425
ROU,2001,13.4,4.71753757121485
ROU,2002,14.4,4.75824850017229
ROU,2003,15.7,4.99887690581852
ROU,2004,17.3,4.92175276345778
ROU,2005,18.5,4.90116528457151
ROU,2006,17.4,5.22993560368712
ROU,2007,18.2,5.12802242514982
ROU,2008,20.4,5.13050644236563
ROU,2009,22.1,4.20729371276879
ROU,2010,24.1,4.11641877898071
ROU,2011,21.1,4.45806056206995
ROU,2012,21.5,4.36901221879411
ROU,2013,23.1,3.9798049339529
ROU,2014,24.3,3.96756659394738
ROU,2015,23.7,4.0525613738175
ROU,2016,24.4,3.99479410161277
ROU,2017,23.4,4.17578692629915
ROU,2018,23.0,4.26219717910626
ROU,2019,23.5,4.18922540818417
ROU,2020,24.1,3.92941176470588
ROU,2021,23.6,4.22268857135102
ROU,2022,,3.97277959180202
ROU,2023,,3.68569180458046
ROU,2024,,3.72055055783694
RUS,2000,3.5,11.4678581573253
RUS,2001,3.6,11.5380010322485
RUS,2002,3.5,11.5293860535362
RUS,2003,3.3,12.0101555342893
RUS,2004,3.5,12.0698465708905
RUS,2005,3.6,12.1189832296134
RUS,2006,3.5,12.4166473767424
RUS,2007,3.7,12.4578591772281
RUS,2008,3.3,12.3604193305861
RUS,2009,3.6,11.6405620274147
RUS,2010,3.3,12.2289345872818
RUS,2011,3.2,12.8138402250147
RUS,2012,3.2,12.6922981666833
RUS,2013,3.6,12.2682756012668
RUS,2014,3.3,12.1341694161707
RUS,2015,3.2,12.1481277789029
RUS,2016,3.4,11.961746699283
RUS,2017,3.2,12.1357322425004
RUS,2018,3.2,12.5939247104085
RUS,2019,3.2,12.7738739166789
RUS,2020,3.7,12.2840530273686
RUS,2021,3.5,13.3920757412176
RUS,2022,,13.1413838368291
RUS,2023,,13.5462339145189
RUS,2024,,13.9845411189425
RWA,2000,86.8,0.0828470558128623
RWA,2001,86.9,0.0839377470558437
RWA,2002,87.1,0.0974383882250142
RWA,2003,87.3,0.0825096440788995
RWA,2004,87.6,0.0778850119158284
RWA,2005,89.2,0.0819369049386119
RWA,2006,90.6,0.0800710079075228
RWA,2007,90.3,0.0709743199245482
RWA,2008,90.6,0.0691331500594282
RWA,2009,90.5,0.0692316194771755
RWA,2010,90.5,0.0708695172198292
RWA,2011,89.7,0.0720464570081352
RWA,2012,88.8,0.0782278619167433
RWA,2013,88.5,0.0850149729477326
RWA,2014,88.0,0.0844012766836986
RWA,2015,86.3,0.0951200951338408
RWA,2016,85.5,0.101567364138968
RWA,2017,84.5,0.107481851425087
RWA,2018,82.8,0.116840203984691
RWA,2019,81.8,0.118588586832777
RWA,2020,81.7,0.111389725740494
RWA,2021,79.4,0.127784857801346
RWA,2022,79.9,0.161247905835677
RWA,2023,,0.163983285357073
RWA,2024,,0.162128792997641
SAS,2000,49.1786444751449,0.840445927573534
SAS,2001,49.1670993642818,0.84248303400705
SAS,2002,47.9380788404799,0.858782907325217
SAS,2003,47.6673480035601,0.871181374102685
SAS,2004,46.9997926724521,0.922668017944774
SAS,2005,46.222419891066,0.948145526727665
SAS,2006,45.2453053396588,0.995096320189838
SAS,2007,43.5322600697748,1.0669861786225
SAS,2008,41.4480675621599,1.13013698308629
SAS,2009,39.4741030953443,1.18911985110956
SAS,2010,38.1566630116378,1.25337505110238
SAS,2011,36.8092713088936,1.32102326253336
SAS,2012,36.3851888844937,1.42345841104938
SAS,2013,36.6107558472827,1.44411100034295
SAS,2014,35.5096522398152,1.54152763600895
SAS,2015,34.8834168535168,1.55694847600644
SAS,2016,34.2074772429003,1.57119095838883
SAS,2017,33.5888874710393,1.64190884624992
SAS,2018,33.8834998158718,1.70023080439477
SAS,2019,34.4293579877468,1.68278388399681
SAS,2020,36.8864659122341,1.54389898307733
SAS,2021,,1.68776316100057
SAS,2022,,1.80041151642224
SAS,2023,,1.90900756335612
SAS,2024,,1.9797015154543
SAU,2000,0.0,16.3953985610582
SAU,2001,0.0,16.1835734476463
SAU,2002,0.0,16.3991276825131
SAU,2003,0.0,16.4119297375647
SAU,2004,0.0,16.6257165924061
SAU,2005,0.0,16.8475463633317
SAU,2006,0.0,17.0903135744837
SAU,2007,0.0,17.3405924711443
SAU,2008,0.0,18.0563174565032
SAU,2009,0.0,18.3345628771474
SAU,2010,0.0,20.3047423300728
SAU,2011,0.0,20.2940259487267
SAU,2012,0.0,20.6100945700312
SAU,2013,0.0,19.8087286694572
SAU,2014,0.0,20.6973806780556
SAU,2015,0.0,20.5071259148746
SAU,2016,0.0,19.6907023725829
SAU,2017,0.0,19.4764691820848
SAU,2018,0.0,19.2090840590601
SAU,2019,0.0,19.2859458646594
SAU,2020,0.1,18.2902881577409
SAU,2021,0.1,19.1759893319934
SAU,2022,,19.282874301046
SAU,2023,,18.8540744665469
SAU,2024,,18.4845842582552
SDN,2000,80.4,0.215697415351796
SDN,2001,79.4,0.229633299984535
SDN,2002,76.8,0.273652013650817
SDN,2003,77.0,0.274762188363775
SDN,2004,75.4,0.302186395708402
SDN,2005,72.3,0.347656760296796
SDN,2006,69.2,0.415110634748496
SDN,2007,65.6,0.439520225392796
SDN,2008,63.5,0.457313500662325
SDN,2009,63.1,0.460761026758193
SDN,2010,61.3,0.47757128392889
SDN,2011,63.7,0.449334195811792
SDN,2012,63.7,0.474625992378013
SDN,2013,64.3,0.466404764386795
SDN,2014,63.7,0.4769298698272
SDN,2015,61.9,0.538628519166206
SDN,2016,58.9,0.580134819548243
SDN,2017,59.4,0.553975991088325
SDN,2018,59.8,0.53463218085508
SDN,2019,59.4,0.515296167190014
SDN,2020,62.6,0.463108701230845
SDN,2021,61.0,0.491048688699115
SDN,2022,,0.434223310830335
SDN,2023,,0.433700830155536
SDN,2024,,0.433463815698253
SEN,2000,47.5,0.400180171865501
SEN,2001,45.8,0.441919674076285
SEN,2002,43.8,0.447200869387918
SEN,2003,43.7,0.423806119776413
SEN,2004,39.9,0.471678172078985
SEN,2005,40.3,0.511647396744881
SEN,2006,43.4,0.488187313947173
SEN,2007,40.0,0.528404267538825
SEN,2008,39.8,0.534842885597005
SEN,2009,51.3,0.534391839310571
SEN,2010,49.5,0.552265288044008
SEN,2011,48.0,0.577132451936303
SEN,2012,49.6,0.553255156926921
SEN,2013,42.7,0.571875600117834
SEN,2014,42.5,0.592328969929697
SEN,2015,39.1,0.631685802233911
SEN,2016,36.7,0.684897111121798
SEN,2017,36.8,0.659314939022302
SEN,2018,34.2,0.674573586926839
SEN,2019,36.2,0.674423812453823
SEN,2020,38.7,0.644157420306448
SEN,2021,35.4,0.762104486376905
SEN,2022,,0.823959839790182
SEN,2023,,0.758785485197598
SEN,2024,,0.767609570951958
SGP,2000,0.3,11.3010369953278
SGP,2001,0.6,11.0938779297885
SGP,2002,0.6,10.8280032088507
SGP,2003,0.6,10.314555220561
SGP,2004,0.5,10.6855268387372
SGP,2005,0.5,9.78289459186893
SGP,2006,0.5,9.5355418148688
SGP,2007,0.5,9.44913687162465
SGP,2008,0.5,8.86794550394306
SGP,2009,0.5,8.77394676729544
SGP,2010,0.5,9.62940332481604
SGP,2011,0.5,9.90350885315629
SGP,2012,0.5,9.44039430491129
SGP,2013,0.6,9.74704963473961
SGP,2014,0.6,9.84749870377372
SGP,2015,0.7,9.9683071478565
SGP,2016,0.7,9.44707088976961
SGP,2017,0.7,10.1364104576184
SGP,2018,0.8,9.61426051080076
SGP,2019,0.9,9.79870673958709
SGP,2020,0.9,9.4756645802434
SGP,2021,1.1,10.2167829269876
SGP,2022,,9.99582758413928
SGP,2023,,9.48033745839563
SGP,2024,,9.75144363129176
SLB,2000,55.3,0.528527546774007
SLB,2001,54.1,0.568883940996382
SLB,2002,52.8,0.585136484505245
SLB,2003,51.5,0.596369440142099
SLB,2004,49.9,0.603652254161829
SLB,2005,49.7,0.618738097209572
SLB,2006,48.9,0.609852846047755
SLB,2007,47.4,0.647198074200849
SLB,2008,46.7,0.64545293736119
SLB,2009,45.8,0.632839323659004
SLB,2010,45.1,0.672648264060882
SLB,2011,43.6,0.674208103880133
SLB,2012,43.8,0.648354445385857
SLB,2013,41.8,0.660733345099127
SLB,2014,45.9,0.607059723654094
SLB,2015,48.6,0.521726890986292
SLB,2016,48.7,0.48854205824762
SLB,2017,49.0,0.425713752348061
SLB,2018,48.6,0.458608858258556
SLB,2019,48.4,0.438510355738608
SLB,2020,49.0,0.413298625382472
SLB,2021,49.1,0.436144669947587
SLB,2022,50.1,0.382810159448753
SLB,2023,,0.374747657827139
SLB,2024,,0.383912070097827
SLE,2000,93.3,0.0975673493894468
SLE,2001,91.2,0.117075058452291
SLE,2002,88.0,0.116626285971757
SLE,2003,86.5,0.119145865711852
SLE,2004,86.5,0.114363772394994
SLE,2005,88.1,0.103149710490117
SLE,2006,84.4,0.126518677506451
SLE,2007,86.3,0.11604786069804
SLE,2008,86.0,0.109725276272571
SLE,2009,86.1,0.107783711267138
SLE,2010,84.9,0.114146335505697
SLE,2011,81.0,0.135958333248529
SLE,2012,79.1,0.148738833902196
SLE,2013,74.6,0.167216483759209
SLE,2014,73.0,0.175528275394702
SLE,2015,74.0,0.145275663555545
SLE,2016,73.6,0.146932936293809
SLE,2017,74.6,0.14155816155437
SLE,2018,75.9,0.160273995994209
SLE,2019,75.4,0.156143482319108
SLE,2020,75.1,0.155537564463982
SLE,2021,71.1,0.181898998863687
SLE,2022,71.6,0.177218098718503
SLE,2023,,0.16670385905723
SLE,2024,,0.16915022896262
SLV,2000,33.5,0.975676073120854
SLV,2001,33.1,1.01143420139878
SLV,2002,34.0,1.01123653687692
SLV,2003,33.9,1.09683944534382
SLV,2004,33.3,1.13733125428521
SLV,2005,34.1,1.17101134978182
SLV,2006,34.8,1.23104086937065
SLV,2007,28.2,1.29431410969772
SLV,2008,31.5,1.17600775015727
SLV,2009,32.2,1.14057238430965
SLV,2010,32.6,1.10817799335525
SLV,2011,29.5,1.15322718229029
SLV,2012,30.3,1.14454180790729
SLV,2013,27.5,1.080823263161
SLV,2014,24.0,1.10571957770258
SLV,2015,21.0,1.17485133438427
SLV,2016,20.7,1.18183137659657
SLV,2017,25.0,1.06736376872868
SLV,2018,23.2,1.14186822838715
SLV,2019,19.4,1.30285851671355
SLV,2020,23.7,1.06717705964691
SLV,2021,21.9,1.20400614983067
SLV,2022,,1.34798885215862
SLV,2023,,1.46387486797945
SLV,2024,,1.50569728627702
SMR,2000,,
SMR,2001,,
SMR,2002,,
SMR,2003,,
SMR,2004,,
SMR,2005,,
SMR,2006,,
SMR,2007,,
SMR,2008,,
SMR,2009,,
SMR,2010,,
SMR,2011,,
SMR,2012,,
SMR,2013,,
SMR,2014,,
SMR,2015,,
SMR,2016,,
SMR,2017,,
SMR,2018,,
SMR,2019,,
SMR,2020,,
SMR,2021,,
SMR,2022,,
SMR,2023,,
SMR,2024,,
SOM,2000,93.3,0.0707455938438096
SOM,2001,93.3,0.0720444098832276
SOM,2002,92.6,0.0773188616661482
SOM,2003,92.8,0.075929768798698
SOM,2004,93.0,0.0721817084294735
SOM,2005,93.3,0.0708740925128624
SOM,2006,93.5,0.0710126971868804
SOM,2007,93.0,0.0697367437921845
SOM,2008,93.4,0.065428663636479
SOM,2009,93.6,0.064842986920795
SOM,2010,93.6,0.0643056345273874
SOM,2011,93.7,0.0638360071358987
SOM,2012,93.9,0.062458069714216
SOM,2013,94.4,0.060817769387286
SOM,2014,94.6,0.057963231130783
SOM,2015,94.5,0.0595713916231977
SOM,2016,94.8,0.0583884020478453
SOM,2017,94.9,0.0560917617512643
SOM,2018,94.9,0.0554085565643899
SOM,2019,95.0,0.0528040378839186
SOM,2020,95.5,0.0474200313959524
SOM,2021,95.4,0.0473151298233482
SOM,2022,95.4,0.0467871485830976
SOM,2023,,0.0462780008186892
SOM,2024,,0.0455149206821494
SRB,2000,22.1,
SRB,2001,19.6,
SRB,2002,18.0,
SRB,2003,15.7,
SRB,2004,14.6,
SRB,2005,16.1,
SRB,2006,15.3,
SRB,2007,14.0,
SRB,2008,15.5,
SRB,2009,20.7,
SRB,2010,20.5,
SRB,2011,17.4,
SRB,2012,19.5,
SRB,2013,20.0,
SRB,2014,23.2,
SRB,2015,21.2,
SRB,2016,20.9,
SRB,2017,20.0,
SRB,2018,21.0,
SRB,2019,21.4,
SRB,2020,26.0,
SRB,2021,27.2,
SRB,2022,,
SRB,2023,,
SRB,2024,,
SSA,2000,72.6579257549061,0.846047337761299
SSA,2001,72.5387265153447,0.853656343727661
SSA,2002,72.0215987973285,0.836597079003369
SSA,2003,71.3309731575453,0.86352540992559
SSA,2004,70.8238972496108,0.887371803671229
SSA,2005,70.539680944605,0.884293299903772
SSA,2006,70.6297212213983,0.862975369322717
SSA,2007,70.1243069363177,0.862429753537171
SSA,2008,69.991530551765,0.88675065582336
SSA,2009,70.0532751561439,0.822926432179111
SSA,2010,70.5711431530206,0.83841176780554
SSA,2011,69.9702399260792,0.82040068715879
SSA,2012,68.9835488501321,0.823241399489108
SSA,2013,67.8647317156227,0.844245094483977
SSA,2014,67.6452011850627,0.854979588125847
SSA,2015,68.0411125352474,0.821280445578725
SSA,2016,67.9804339199785,0.813865395897031
SSA,2017,67.8350236280696,0.797247645859861
SSA,2018,67.6846305852535,0.795924525747607
SSA,2019,68.1866925105485,0.792238253981754
SSA,2020,70.2882962400544,0.733901279991726
SSA,2021,,0.746686801886126
SSA,2022,,0.720678030749454
SSA,2023,,0.697698033242415
SSA,2024,,0.70074501480166
SSD,2000,,
SSD,2001,,
SSD,2002,,
SSD,2003,,
SSD,2004,,
SSD,2005,,
SSD,2006,,
SSD,2007,,
SSD,2008,,
SSD,2009,,
SSD,2010,,
SSD,2011,,
SSD,2012,30.6,
SSD,2013,30.1,
SSD,2014,29.4,
SSD,2015,27.5,
SSD,2016,28.7,
SSD,2017,35.1,
SSD,2018,31.5,
SSD,2019,31.4,
SSD,2020,32.8,
SSD,2021,32.4,
SSD,2022,,
SSD,2023,,
SSD,2024,,
SSF,2000,72.6431059468747,0.847063822430541
SSF,2001,72.5205626381098,0.854765989677841
SSF,2002,72.0035422141919,0.837564590179545
SSF,2003,71.3143236451567,0.864474387103129
SSF,2004,70.8052521152658,0.888687792409455
SSF,2005,70.5237330831511,0.885448016082733
SSF,2006,70.6146202545352,0.864206989452675
SSF,2007,70.1100750427751,0.863404504648777
SSF,2008,69.9762964238958,0.887758638993499
SSF,2009,70.0369831155563,0.824028301705947
SSF,2010,70.5522525849335,0.839363404375299
SSF,2011,69.9549214765695,0.821181876086311
SSF,2012,68.9684304535012,0.824113035849545
SSF,2013,67.8510971013982,0.845002051663148
SSF,2014,67.6303707658131,0.855839451766815
SSF,2015,68.0255515815612,0.822178354050872
SSF,2016,67.9625238161754,0.814848023060577
SSF,2017,67.8175544668556,0.798253664511619
SSF,2018,67.6660713231228,0.796769132402599
SSF,2019,68.1693850218034,0.792962919022467
SSF,2020,70.2701133853785,0.734563553382082
SSF,2021,,0.747288286884748
SSF,2022,,0.721299150949035
SSF,2023,,0.698304077335196
SSF,2024,,0.701365645638598
SST,2000,28.0068348770361,4.71962637789581
SST,2001,27.0383106856084,4.89089781660422
SST,2002,27.882881773399,4.79712780803342
SST,2003,27.2502846868445,5.25044919542898
SST,2004,26.9271026682135,5.40748109462244
SST,2005,27.2333608360836,5.76098999180579
SST,2006,26.6335847609307,6.1068693820513
SST,2007,26.8431092436975,6.32679860032375
SST,2008,28.4953543493719,6.1605646514771
SST,2009,30.2776979308636,5.79315365424532
SST,2010,29.7265690627625,6.25896217946968
SST,2011,30.2495982731742,6.18180307927551
SST,2012,30.1846016646849,5.99490584639584
SST,2013,30.3387854927225,5.93587145778369
SST,2014,30.1999766218586,5.89679391529164
SST,2015,31.1755146888735,5.62992039845094
SST,2016,31.3734949541816,5.45971981487838
SST,2017,31.1677364093193,5.41654017239327
SST,2018,32.2826634877384,5.44441714909064
SST,2019,31.6559924886778,5.04835129955372
SST,2020,34.2609139465875,4.61750238440189
SST,2021,,4.66196147266028
SST,2022,,4.7676850316056
SST,2023,,4.46756309386358
SST,2024,,4.41526557538702
STP,2000,54.7,0.37981363440681
STP,2001,55.5,0.381212638770282
STP,2002,55.3,0.429556702818799
STP,2003,51.8,0.474599191230967
STP,2004,48.9,0.523762721537047
STP,2005,47.9,0.552465679693638
STP,2006,47.3,0.574747340586097
STP,2007,47.7,0.57631113730112
STP,2008,46.0,0.602440834786211
STP,2009,45.4,0.644352358408348
STP,2010,38.2,0.679860507585175
STP,2011,42.4,0.685702589294852
STP,2012,40.1,0.701017213984449
STP,2013,42.8,0.690662082962288
STP,2014,38.4,0.668811335234058
STP,2015,39.2,0.702477894663265
STP,2016,38.1,0.718742789252242
STP,2017,39.2,0.720394260037687
STP,2018,40.6,0.725544396180544
STP,2019,38.6,0.745576216540451
STP,2020,41.6,0.708717547772898
STP,2021,40.8,0.713188352908844
STP,2022,42.5,0.62393672256468
STP,2023,,0.63065521438379
STP,2024,,0.627080361388493
SUR,2000,23.6,3.10546887293005
SUR,2001,24.1,3.12520552449852
SUR,2002,27.8,2.25193383962574
SUR,2003,24.6,2.43832121544823
SUR,2004,22.6,2.71227401770304
SUR,2005,18.9,3.25198868505121
SUR,2006,22.1,2.91696904934695
SUR,2007,24.6,2.66432649863658
SUR,2008,26.2,2.7177544695623
SUR,2009,26.5,2.6712389250287
SUR,2010,22.1,3.18171816781622
SUR,2011,21.2,3.51736300243228
SUR,2012,15.8,4.34546142867553
SUR,2013,17.6,4.02147551931391
SUR,2014,12.8,4.55565346305788
SUR,2015,11.6,4.68702450195744
SUR,2016,11.1,5.03728581709788
SUR,2017,15.5,4.12724666631857
SUR,2018,18.3,3.58824579283518
SUR,2019,14.9,4.39326606885805
SUR,2020,14.6,4.25335243019547
SUR,2021,14.5,4.40057873816953
SUR,2022,,4.59397526172885
SUR,2023,,3.96892282544054
SUR,2024,,4.06111933370217
SVK,2000,3.7,7.73551047373031
SVK,2001,6.0,7.80433872040338
SVK,2002,5.5,7.8021734408151
SVK,2003,5.3,7.89001472817638
SVK,2004,6.2,7.78810858704312
SVK,2005,6.3,7.86263120934737
SVK,2006,6.6,7.86450312987735
SVK,2007,8.2,7.69077341625141
SVK,2008,7.6,7.65205745874923
SVK,2009,10.0,6.91125028451253
SVK,2010,10.3,7.40271408613822
SVK,2011,10.4,7.01956363237591
SVK,2012,10.5,6.67699907851554
SVK,2013,10.7,6.72042469482633
SVK,2014,12.2,6.27281818770694
SVK,2015,13.4,6.36564652722325
SVK,2016,13.1,6.5265914880281
SVK,2017,12.4,6.93642043582623
SVK,2018,12.4,6.83757404157436
SVK,2019,17.6,6.3818228588265
SVK,2020,17.6,5.98002098252976
SVK,2021,17.9,6.72785720933896
SVK,2022,,6.11012800289851
SVK,2023,,5.73978115774848
SVK,2024,,5.51311685631444
SVN,2000,18.0,7.58902422162726
SVN,2001,18.7,8.51691214120057
SVN,2002,16.3,8.66214095551333
SVN,2003,16.9,8.58065683134969
SVN,2004,17.8,8.71266672408578
SVN,2005,18.6,8.81606059363931
SVN,2006,17.4,8.94159456426631
SVN,2007,18.4,8.88722287354283
SVN,2008,17.6,9.34821670634379
SVN,2009,19.6,8.28055924760341
SVN,2010,20.1,8.37691223640926
SVN,2011,19.1,7.83269836027402
SVN,2012,20.2,7.54292692008736
SVN,2013,22.5,7.52978344651553
SVN,2014,22.9,6.85069690297675
SVN,2015,21.4,6.92739774687175
SVN,2016,21.0,7.27283028626052
SVN,2017,19.7,7.42566255708028
SVN,2018,20.6,7.44975394113682
SVN,2019,20.9,7.0993135844205
SVN,2020,22.7,6.44048593548669
SVN,2021,23.4,6.57475360268757
SVN,2022,,6.3394025593776
SVN,2023,,5.95087577654104
SVN,2024,,6.26652251574692
SWE,2000,39.8,6.53554865027019
SWE,2001,37.4,6.52637826608933
SWE,2002,35.9,6.65422739244263
SWE,2003,34.6,6.65964221276326
SWE,2004,35.5,6.45636291240893
SWE,2005,39.3,6.03944461597958
SWE,2006,40.1,6.06777926998554
SWE,2007,41.8,5.77642857111625
SWE,2008,43.2,5.60895184918886
SWE,2009,45.7,5.04604229815191
SWE,2010,44.7,5.63902638970728
SWE,2011,45.4,5.12869166987769
SWE,2012,48.3,4.80375075083719
SWE,2013,47.3,4.579871273832
SWE,2014,48.6,4.41199615103377
SWE,2015,51.9,4.37800649972355
SWE,2016,50.9,4.2819344992006
SWE,2017,51.8,4.15961982553065
SWE,2018,51.6,3.89655686848453
SWE,2019,52.9,3.8423518032643
SWE,2020,57.8,3.67402454179006
SWE,2021,57.9,3.88625523254982
SWE,2022,,3.59996303974629
SWE,2023,,3.4800778844701
SWE,2024,,3.57381645984766
SWZ,2000,60.1,1.05395164651138
SWZ,2001,60.9,1.05797553716995
SWZ,2002,63.6,1.02176525167518
SWZ,2003,66.5,0.941876816349489
SWZ,2004,66.6,0.926703312370301
SWZ,2005,67.0,0.918331600282478
SWZ,2006,66.8,0.921123975965387
SWZ,2007,66.9,0.946543749226418
SWZ,2008,67.8,0.922510065194961
SWZ,2009,66.7,0.949461296309199
SWZ,2010,68.5,0.769666711644852
SWZ,2011,69.3,0.733025416139978
SWZ,2012,68.8,0.72161820435409
SWZ,2013,66.1,0.851954442074709
SWZ,2014,68.3,0.865001201268328
SWZ,2015,68.8,0.858320652635208
SWZ,2016,64.3,0.910738255617408
SWZ,2017,65.3,0.916771355428058
SWZ,2018,65.7,0.908609504939992
SWZ,2019,64.4,0.962899428244033
SWZ,2020,63.7,0.805379931233331
SWZ,2021,65.4,0.81982905586225
SWZ,2022,64.7,0.883161035575023
SWZ,2023,,0.876387437363166
SWZ,2024,,0.880335237065324
SXM,2000,,
SXM,2001,,
SXM,2002,,
SXM,2003,,
SXM,2004,,
SXM,2005,,
SXM,2006,,
SXM,2007,,
SXM,2008,,
SXM,2009,,
SXM,2010,,
SXM,2011,,
SXM,2012,0.0,
SXM,2013,0.0,
SXM,2014,0.0,
SXM,2015,0.0,
SXM,2016,0.0,
SXM,2017,0.0,
SXM,2018,0.0,
SXM,2019,0.0,
SXM,2020,0.0,
SXM,2021,0.0,
SXM,2022,0.0,
SXM,2023,,
SXM,2024,,
SYC,2000,1.5,9.29977443887047
SYC,2001,1.3,10.3224058520726
SYC,2002,1.1,9.06083155166442
SYC,2003,1.1,9.24366702504198
SYC,2004,1.0,12.8705668384359
SYC,2005,0.9,11.6379830553477
SYC,2006,0.9,12.4054373522459
SYC,2007,1.0,10.2019216069056
SYC,2008,0.9,10.5938635631814
SYC,2009,0.8,11.6864074778345
SYC,2010,0.7,10.2149938732316
SYC,2011,0.8,8.9397422261868
SYC,2012,0.8,10.0404289774979
SYC,2013,1.5,8.91949882711314
SYC,2014,1.4,10.1369323219387
SYC,2015,1.4,10.5631616694677
SYC,2016,1.2,11.6216187669656
SYC,2017,1.2,12.0280041317571
SYC,2018,1.2,10.3894090655423
SYC,2019,1.2,9.16568501920615
SYC,2020,1.3,8.51902256708172
SYC,2021,1.7,7.9409216385581
SYC,2022,1.9,7.02714426333439
SYC,2023,,7.00909219941055
SYC,2024,,7.23667946668425
SYR,2000,2.0,2.75886578873472
SYR,2001,2.1,2.69850964188265
SYR,2002,1.6,2.62348460059037
SYR,2003,1.9,2.57035827457939
SYR,2004,2.6,2.61941034118409
SYR,2005,2.1,3.12583265383377
SYR,2006,1.8,3.13534302706388
SYR,2007,1.5,3.11350367803296
SYR,2008,1.2,3.08179246945125
SYR,2009,0.9,2.83975010384735
SYR,2010,1.4,2.78848083131261
SYR,2011,1.6,2.56219288858715
SYR,2012,2.0,2.0319939183901
SYR,2013,3.1,1.43975259608924
SYR,2014,2.7,1.52845127759128
SYR,2015,0.6,1.44845576885991
SYR,2016,1.3,1.34820380336727
SYR,2017,1.1,1.61670932366686
SYR,2018,0.9,1.73689698738549
SYR,2019,1.0,1.63691966220706
SYR,2020,1.1,1.50831644886899
SYR,2021,1.1,1.48118445007612
SYR,2022,,1.38747039300249
SYR,2023,,1.32899347448781
SYR,2024,,1.27467701221914
TCA,2000,0.4,0.945008008542445
TCA,2001,0.4,0.939926440539436
TCA,2002,0.4,1.25746467932223
TCA,2003,0.4,1.27491140056151
TCA,2004,0.4,1.22506125306265
TCA,2005,0.4,1.40070035017509
TCA,2006,0.3,1.69963778211201
TCA,2007,0.3,1.99847735059003
TCA,2008,0.3,2.14387282604733
TCA,2009,0.3,2.28417517839653
TCA,2010,0.3,2.46477689229631
TCA,2011,0.4,1.81222848991766
TCA,2012,0.4,1.80533507641548
TCA,2013,0.4,1.99387870323597
TCA,2014,0.4,2.16833095577746
TCA,2015,0.4,2.18549378500205
TCA,2016,0.4,2.29936056374788
TCA,2017,0.3,2.21231177811741
TCA,2018,0.4,4.56459491325585
TCA,2019,0.5,5.12208682759579
TCA,2020,0.5,4.84161672599468
TCA,2021,0.8,4.75211634949053
TCA,2022,0.8,4.8094749929112
TCA,2023,,4.78808606433179
TCA,2024,,4.92317610400774
TCD,2000,88.7,0.0282421726360368
TCD,2001,88.6,0.0276234182980612
TCD,2002,88.5,0.0289046128032407
TCD,2003,83.9,0.0418746830809522
TCD,2004,84.0,0.0459171720747788
TCD,2005,83.8,0.04656232729143
TCD,2006,83.7,0.0464674292742376
TCD,2007,82.4,0.0512558587792804
TCD,2008,79.8,0.0422348813589332
TCD,2009,79.4,0.0418370852465925
TCD,2010,79.2,0.042606847064891
TCD,2011,80.7,0.05359468136292
TCD,2012,76.1,0.0915222301903308
TCD,2013,72.6,0.096069856875415
TCD,2014,72.5,0.0989591842171624
TCD,2015,72.7,0.110147579596714
TCD,2016,72.7,0.111858325578718
TCD,2017,72.8,0.141485892472642
TCD,2018,73.1,0.149407072594977
TCD,2019,72.8,0.141712220447998
TCD,2020,71.9,0.140107110268934
TCD,2021,69.9,0.153189262919633
TCD,2022,70.0,0.155239823582539
TCD,2023,,0.150566300727613
TCD,2024,,0.142508619707364
TEA,2000,32.0473838064782,2.45789026810541
TEA,2001,30.8543840241225,2.5543822832626
TEA,2002,29.6069654396592,2.7206269512185
TEA,2003,26.9036923956426,3.07500298096998
TEA,2004,23.4592336952789,3.46781346061868
TEA,2005,20.8868291125453,3.85399679542643
TEA,2006,19.9088668343395,4.20157558284545
TEA,2007,18.5148999605136,4.513898432829
TEA,2008,17.8640720779668,4.60774995315397
TEA,2009,17.0208227881363,4.86957891001162
TEA,2010,15.7610889736946,5.28280186102213
TEA,2011,14.7046669134649,5.70529464116961
TEA,2012,14.7099408406947,5.83187286125212
TEA,2013,14.5828878425143,6.03524365552768
TEA,2014,14.8262934267536,6.08045545163767
TEA,2015,14.5102816361425,5.99670790153029
TEA,2016,14.9020380294471,5.97844881963991
TEA,2017,15.1902273112057,6.07097834515506
TEA,2018,15.2801719188239,6.35078087847344
TEA,2019,15.7206717226655,6.50982542987854
TEA,2020,16.2041019103429,6.52688671659682
TEA,2021,,6.79804477264612
TEA,2022,,6.83682797672911
TEA,2023,,7.11350044632207
TEA,2024,,7.20519624032874
TEC,2000,5.77687830938613,7.43355366049313
TEC,2001,5.70512702235186,7.40512443322188
TEC,2002,5.76921609440525,7.44560251029039
TEC,2003,5.64950276023539,7.79648589030723
TEC,2004,5.88133511209109,7.8043728768885
TEC,2005,5.99664955248276,7.82783800502625
TEC,2006,5.81734150154749,8.11195326205836
TEC,2007,5.75867132998041,8.23847588392941
TEC,2008,5.64264695953204,8.2227418312904
TEC,2009,6.30497199994692,7.59583440313559
TEC,2010,6.4529448184641,7.97558371931453
TEC,2011,6.04948456107391,8.32514377671604
TEC,2012,6.28402287149414,8.19895293752689
TEC,2013,6.84165697411543,7.971160080974
TEC,2014,6.52584380803076,7.69953642014405
TEC,2015,6.91555148923036,7.54369514350509
TEC,2016,7.04015093233689,7.5726728181622
TEC,2017,6.75633843243037,7.74132779696737
TEC,2018,7.25779989922942,7.8853669963775
TEC,2019,7.59012527634488,7.78796203330391
TEC,2020,8.02684416318492,7.57594627546517
TEC,2021,,8.18396124059086
TEC,2022,,7.89342522267662
TEC,2023,,7.968545716691
TEC,2024,,8.09205078272868
TGO,2000,77.1,0.261532756293112
TGO,2001,82.0,0.229683304568544
TGO,2002,78.7,0.238505867164764
TGO,2003,74.8,0.278884122036929
TGO,2004,76.1,0.260919618580203
TGO,2005,77.2,0.242224773209851
TGO,2006,79.7,0.219348958931813
TGO,2007,79.9,0.211866065298029
TGO,2008,76.5,0.267699302138865
TGO,2009,63.4,0.442134052395829
TGO,2010,65.8,0.399159756855589
TGO,2011,69.1,0.356445007539325
TGO,2012,72.7,0.337585692690914
TGO,2013,76.2,0.284077537841705
TGO,2014,81.4,0.250041656792998
TGO,2015,81.0,0.218623992470058
TGO,2016,80.7,0.295505385172154
TGO,2017,78.4,0.226012118968061
TGO,2018,76.7,0.259620074854462
TGO,2019,78.6,0.276288808616883
TGO,2020,76.2,0.310963431943333
TGO,2021,75.1,0.319297354292546
TGO,2022,,0.322781503048354
TGO,2023,,0.307799874754525
TGO,2024,,0.312565499458875
THA,2000,21.8,2.77493831519154
THA,2001,19.9,2.88330259468562
THA,2002,19.9,3.03535576431598
THA,2003,20.2,3.12835266531198
THA,2004,19.9,3.37869799549585
THA,2005,20.1,3.47218658348054
THA,2006,20.5,3.49792985897197
THA,2007,21.6,3.54477665878806
THA,2008,22.6,3.53401361701146
THA,2009,22.8,3.40595891903064
THA,2010,22.8,3.59232409675161
THA,2011,23.0,3.57565835731247
THA,2012,23.6,3.81363739650232
THA,2013,23.2,3.95099362283237
THA,2014,24.4,3.88118627669814
THA,2015,22.6,3.99014074054595
THA,2016,22.4,3.91990436444812
THA,2017,22.2,3.94997556709625
THA,2018,23.7,3.87600024932723
THA,2019,23.9,4.00533143026177
THA,2020,20.9,3.84739936431244
THA,2021,19.0,3.74441224162639
THA,2022,,3.963374866518
THA,2023,,3.83577489383729
THA,2024,,3.96005269352319
TJK,2000,62.4,0.443073574303451
TJK,2001,64.1,0.427928620401141
TJK,2002,64.2,0.421852362696273
TJK,2003,64.6,0.422958365716388
TJK,2004,61.4,0.493642117490682
TJK,2005,63.7,0.460827296988181
TJK,2006,61.6,0.494462255117416
TJK,2007,53.8,0.562973514266569
TJK,2008,54.6,0.516570158384597
TJK,2009,60.6,0.407197108767021
TJK,2010,61.8,0.401325589792452
TJK,2011,60.0,0.393927756481488
TJK,2012,55.8,0.436993173518022
TJK,2013,55.1,0.437388428770396
TJK,2014,45.9,0.565921378207624
TJK,2015,48.1,0.589055327261958
TJK,2016,43.7,0.644680564756192
TJK,2017,44.2,0.763156637734805
TJK,2018,41.6,0.881498491565736
TJK,2019,40.1,0.948639271115973
TJK,2020,38.8,0.96295019852687
TJK,2021,34.9,0.945809874035157
TJK,2022,,0.938950260561987
TJK,2023,,0.897072214775281
TJK,2024,,0.922478268427306
TKM,2000,0.1,8.58454567057639
TKM,2001,0.1,8.61697874988049
TKM,2002,0.1,9.06185494599499
TKM,2003,0.1,9.90000750432012
TKM,2004,0.1,10.3515202316697
TKM,2005,0.1,10.4702314233025
TKM,2006,0.1,10.6776333492322
TKM,2007,0.1,11.591660332499
TKM,2008,0.1,11.5880007386302
TKM,2009,0.1,10.0209076541311
TKM,2010,0.1,11.0800243550197
TKM,2011,0.1,11.6373653384927
TKM,2012,0.0,11.7581405053864
TKM,2013,0.1,10.99020918314
TKM,2014,0.1,10.4055728761936
TKM,2015,0.1,10.9255651351321
TKM,2016,0.1,10.5800733045589
TKM,2017,0.1,11.091151596704
TKM,2018,0.1,11.1534118125034
TKM,2019,0.1,10.7659028351791
TKM,2020,0.1,11.0541399660888
TKM,2021,0.1,13.4562494897451
TKM,2022,,14.0053384467054
TKM,2023,,12.8629910388274
TKM,2024,,10.8623686336296
TLA,2000,28.5774086987318,2.56738624279544
TLA,2001,27.9857754927164,2.53704493233088
TLA,2002,28.6289640352186,2.51600207380497
TLA,2003,29.1928289531382,2.53439175438919
TLA,2004,29.0032130411343,2.62240918967003
TLA,2005,29.1868140682957,2.6739363008799
TLA,2006,29.2883960377476,2.72370995731591
TLA,2007,29.4162906928946,2.7849807652847
TLA,2008,29.5066403419618,2.82829692422451
TLA,2009,30.3669946466489,2.71376393264884
TLA,2010,29.4185691870613,2.8807545616828
TLA,2011,28.7713961731801,2.951519665377
TLA,2012,28.2092931078232,3.06052733127104
TLA,2013,28.0091335892334,3.08721245647022
TLA,2014,27.9234565266568,3.06942816928259
TLA,2015,28.4881357094781,3.01706290599413
TLA,2016,29.1484835734771,2.93220733620069
TLA,2017,29.6408830785882,2.88515928444545
TLA,2018,30.4953793252595,2.77760055335507
TLA,2019,30.8730849505438,2.76780429708375
TLA,2020,34.4989632470857,2.46050867045575
TLA,2021,,2.64952763186331
TLA,2022,,2.64733723885593
TLA,2023,,2.66346682659578
TLA,2024,,2.6775410663542
TLS,2000,,0.469206321937811
TLS,2001,,0.326993323475929
TLS,2002,48.2,0.283452708781915
TLS,2003,47.9,0.287824552448635
TLS,2004,44.0,0.555176444502806
TLS,2005,43.6,0.368655430549683
TLS,2006,41.9,0.349069268080897
TLS,2007,41.9,0.311775728463542
TLS,2008,39.7,0.301134509007399
TLS,2009,36.9,0.31847915812698
TLS,2010,34.8,0.308293974530714
TLS,2011,32.8,0.333991769102519
TLS,2012,25.6,0.554064949312045
TLS,2013,22.6,0.654615753067028
TLS,2014,18.1,0.629577892602016
TLS,2015,18.0,0.57686674726648
TLS,2016,12.7,0.538055477761351
TLS,2017,13.2,0.496763209802964
TLS,2018,12.7,0.522430579665961
TLS,2019,11.7,0.559823820376726
TLS,2020,11.4,0.512347545686334
TLS,2021,12.1,0.526390245745068
TLS,2022,11.4,0.50726833881669
TLS,2023,,0.47995862126757
TLS,2024,,0.499343870436187
TMN,2000,12.9920002860324,2.10765321389034
TMN,2001,12.83682104729,2.15871275378851
TMN,2002,12.813688252485,2.15488868460953
TMN,2003,12.9420466347435,2.16902899688787
TMN,2004,12.6763206832426,2.26625694680353
TMN,2005,12.4448450201836,2.36519224560584
TMN,2006,12.0125380030703,2.4365772897582
TMN,2007,11.414820556546,2.49932441273345
TMN,2008,11.1606287551238,2.52313165351744
TMN,2009,11.0799158086585,2.54871392412828
TMN,2010,11.1975121431898,2.53950003026186
TMN,2011,11.0593308918401,2.49888498856892
TMN,2012,11.0384456368474,2.56432373134495
TMN,2013,11.1424728929043,2.55819903460459
TMN,2014,11.0410170572294,2.58326066621789
TMN,2015,11.2881808687104,2.53562689767356
TMN,2016,11.1456851493979,2.56443026052064
TMN,2017,10.943060961286,2.65582551208189
TMN,2018,10.9557039236004,2.62040780980738
TMN,2019,11.4771071770715,2.65204425453706
TMN,2020,11.2025085485546,2.61907296888114
TMN,2021,,2.73551562037933
TMN,2022,,2.73637800434735
TMN,2023,,2.73271406164788
TMN,2024,,2.72400325211606
TON,2000,2.5,0.971980092912726
TON,2001,2.7,0.916853845558051
TON,2002,2.5,1.00698923696016
TON,2003,2.0,1.20137080716802
TON,2004,2.1,1.06404240941839
TON,2005,2.1,1.1469561185188
TON,2006,1.9,1.25267051283258
TON,2007,2.2,1.07002979592602
TON,2008,2.0,1.15585871799664
TON,2009,1.8,1.22011510871897
TON,2010,1.0,1.17504655493482
TON,2011,1.1,1.11555266338198
TON,2012,1.1,1.0999441652708
TON,2013,1.6,1.11507499206186
TON,2014,1.7,1.23629337110375
TON,2015,1.9,1.26961685282059
TON,2016,2.0,1.35703726166559
TON,2017,2.0,1.47025323664528
TON,2018,1.8,1.39626966760446
TON,2019,1.8,1.56621147167097
TON,2020,1.9,1.76436085673201
TON,2021,1.8,1.95753151957531
TON,2022,2.3,1.53652824584452
TON,2023,,1.54688949013834
TON,2024,,1.62994960403168
TSA,2000,49.1786444751449,0.840445927573534
TSA,2001,49.1670993642818,0.84248303400705
TSA,2002,47.9380788404799,0.858782907325217
TSA,2003,47.6673480035601,0.871181374102685
TSA,2004,46.9997926724521,0.922668017944774
TSA,2005,46.222419891066,0.948145526727665
TSA,2006,45.2453053396588,0.995096320189838
TSA,2007,43.5322600697748,1.0669861786225
TSA,2008,41.4480675621599,1.13013698308629
TSA,2009,39.4741030953443,1.18911985110956
TSA,2010,38.1566630116378,1.25337505110238
TSA,2011,36.8092713088936,1.32102326253336
TSA,2012,36.3851888844937,1.42345841104938
TSA,2013,36.6107558472827,1.44411100034295
TSA,2014,35.5096522398152,1.54152763600895
TSA,2015,34.8834168535168,1.55694847600644
TSA,2016,34.2074772429003,1.57119095838883
TSA,2017,33.5888874710393,1.64190884624992
TSA,2018,33.8834998158718,1.70023080439477
TSA,2019,34.4293579877468,1.68278388399681
TSA,2020,36.8864659122341,1.54389898307733
TSA,2021,,1.68776316100057
TSA,2022,,1.80041151642224
TSA,2023,,1.90900756335612
TSA,2024,,1.9797015154543
TSS,2000,72.6431059468747,0.847063822430541
TSS,2001,72.5205626381098,0.854765989677841
TSS,2002,72.0035422141919,0.837564590179545
TSS,2003,71.3143236451567,0.864474387103129
TSS,2004,70.8052521152658,0.888687792409455
TSS,2005,70.5237330831511,0.885448016082733
TSS,2006,70.6146202545352,0.864206989452675
TSS,2007,70.1100750427751,0.863404504648777
TSS,2008,69.9762964238958,0.887758638993499
TSS,2009,70.0369831155563,0.824028301705947
TSS,2010,70.5522525849335,0.839363404375299
TSS,2011,69.9549214765695,0.821181876086311
TSS,2012,68.9684304535012,0.824113035849545
TSS,2013,67.8510971013982,0.845002051663148
TSS,2014,67.6303707658131,0.855839451766815
TSS,2015,68.0255515815612,0.822178354050872
TSS,2016,67.9625238161754,0.814848023060577
TSS,2017,67.8175544668556,0.798253664511619
TSS,2018,67.6660713231228,0.796769132402599
TSS,2019,68.1693850218034,0.792962919022467
TSS,2020,70.2701133853785,0.734563553382082
TSS,2021,,0.747288286884748
TSS,2022,,0.721299150949035
TSS,2023,,0.698304077335196
TSS,2024,,0.701365645638598
TTO,2000,0.8,14.5243806894211
TTO,2001,0.7,16.3937394337668
TTO,2002,0.7,17.6399444148735
TTO,2003,0.6,20.2752801392984
TTO,2004,0.6,21.4812172025747
TTO,2005,0.5,27.0529643242842
TTO,2006,0.6,29.7041320734947
TTO,2007,0.4,30.2514295711747
TTO,2008,0.5,29.5374323602481
TTO,2009,0.5,28.5737184624756
TTO,2010,0.4,31.1317933937106
TTO,2011,0.4,31.0660464948167
TTO,2012,0.4,28.5171293459977
TTO,2013,0.4,27.8473798577755
TTO,2014,0.3,27.651535705021
TTO,2015,0.4,27.2353106358828
TTO,2016,0.4,24.9048855339594
TTO,2017,0.4,23.9896125186399
TTO,2018,0.5,24.00159506413
TTO,2019,0.4,24.3573792966931
TTO,2020,0.5,21.8051912418372
TTO,2021,0.5,20.9747593886329
TTO,2022,,20.8660094230143
TTO,2023,,19.7069856893185
TTO,2024,,19.5810522730943
TUN,2000,14.2,2.16396729727336
TUN,2001,14.2,2.23029588506291
TUN,2002,14.6,2.183950984379
TUN,2003,14.1,2.14118228306991
TUN,2004,13.9,2.24425872376825
TUN,2005,14.2,2.28632090263617
TUN,2006,14.3,2.34264831956205
TUN,2007,14.3,2.39258887104803
TUN,2008,14.6,2.41189228309621
TUN,2009,16.1,2.38155663473538
TUN,2010,12.6,2.57579895188362
TUN,2011,13.2,2.41262314515799
TUN,2012,13.0,2.56515036313153
TUN,2013,13.2,2.53281443802063
TUN,2014,12.9,2.67906940110098
TUN,2015,12.5,2.69429825515354
TUN,2016,12.4,2.59021982927091
TUN,2017,11.8,2.60042961253673
TUN,2018,11.9,2.56581225435625
TUN,2019,12.2,2.54693841667269
TUN,2020,12.9,2.39839346012801
TUN,2021,11.6,2.57438568493559
TUN,2022,,2.50498913554161
TUN,2023,,2.55804077741188
TUN,2024,,2.62113010481539
TUR,2000,17.3,3.47043278431936
TUR,2001,18.1,3.1206808144442
TUR,2002,17.5,3.24208511129842
TUR,2003,16.3,3.38625448591684
TUR,2004,16.8,3.43889343076092
TUR,2005,15.3,3.5495611200862
TUR,2006,14.2,3.91176721812036
TUR,2007,12.5,4.28079364507414
TUR,2008,12.5,4.21593984029483
TUR,2009,13.1,4.1835136272879
TUR,2010,14.2,4.26801919276368
TUR,2011,12.7,4.48332295905392
TUR,2012,13.0,4.57803809727294
TUR,2013,13.8,4.38456228128668
TUR,2014,11.5,4.60446003106117
TUR,2015,13.3,4.70276339686943
TUR,2016,13.2,4.93533246982308
TUR,2017,11.4,5.39416444458135
TUR,2018,11.8,5.27401972926131
TUR,2019,14.1,5.01913672458907
TUR,2020,13.7,5.07395962903497
TUR,2021,12.0,5.47500634541911
TUR,2022,,5.22956172007378
TUR,2023,,5.23215412799609
TUR,2024,,5.37926453268486
TUV,2000,0.0,0.0
TUV,2001,0.0,0.0
TUV,2002,0.0,0.0
TUV,2003,0.0,0.0
TUV,2004,0.0,0.0
TUV,2005,0.0,0.0
TUV,2006,0.0,0.0
TUV,2007,0.0,0.0
TUV,2008,0.2,0.0
TUV,2009,0.2,0.0
TUV,2010,0.4,0.0
TUV,2011,0.2,0.0
TUV,2012,0.3,0.0
TUV,2013,0.7,0.0
TUV,2014,0.7,0.0
TUV,2015,3.0,0.0
TUV,2016,7.3,0.0
TUV,2017,7.0,0.0
TUV,2018,6.4,0.0
TUV,2019,6.3,0.0
TUV,2020,5.0,0.0
TUV,2021,5.0,0.0
TUV,2022,5.2,0.0
TUV,2023,,0.0
TUV,2024,,0.0
TZA,2000,93.6,0.090834424226942
TZA,2001,93.1,0.093385194551589
TZA,2002,92.4,0.103523394393514
TZA,2003,92.4,0.106641883408954
TZA,2004,91.3,0.142837770195217
TZA,2005,90.3,0.157543974954262
TZA,2006,89.9,0.163876810024256
TZA,2007,90.6,0.150653381572792
TZA,2008,90.3,0.147505111963319
TZA,2009,91.0,0.139276768276615
TZA,2010,89.4,0.163841548892358
TZA,2011,87.6,0.193059357083924
TZA,2012,85.2,0.223794524706032
TZA,2013,84.5,0.23745636583617
TZA,2014,84.7,0.223568261465515
TZA,2015,82.8,0.253809224058563
TZA,2016,81.7,0.262646711236488
TZA,2017,82.0,0.255108045601944
TZA,2018,81.3,0.259781366222155
TZA,2019,80.4,0.287346536895184
TZA,2020,80.8,0.273515412561516
TZA,2021,78.3,0.30147502454703
TZA,2022,,0.323161976851185
TZA,2023,,0.323839316591473
TZA,2024,,0.311205530057348
UGA,2000,95.3,0.0589121317991763
UGA,2001,95.5,0.0580990392018387
UGA,2002,95.6,0.0641643497186176
UGA,2003,95.6,0.0656873047500839
UGA,2004,95.3,0.0667402824171229
UGA,2005,94.5,0.0794505968164188
UGA,2006,94.2,0.0895533698457974
UGA,2007,94.1,0.104854649192353
UGA,2008,94.1,0.11396368506114
UGA,2009,94.3,0.121798404134717
UGA,2010,93.6,0.117311081090243
UGA,2011,93.3,0.127802680432468
UGA,2012,93.4,0.126072306268161
UGA,2013,93.1,0.124837840133874
UGA,2014,92.4,0.133324031827087
UGA,2015,91.7,0.149085649404502
UGA,2016,91.4,0.154688947840922
UGA,2017,91.3,0.155657206984187
UGA,2018,90.5,0.164969635756831
UGA,2019,90.5,0.1642944102063
UGA,2020,91.6,0.160149709994918
UGA,2021,91.0,0.176657279649966
UGA,2022,90.9,0.168117583772769
UGA,2023,,0.166813953979235
UGA,2024,,0.165048181856788
UKR,2000,1.2,7.28514189616492
UKR,2001,1.2,7.33438335645808
UKR,2002,1.0,7.40706121198512
UKR,2003,1.0,8.13374301585325
UKR,2004,1.2,7.68697352392554
UKR,2005,1.3,7.50423510865356
UKR,2006,1.8,7.53783934894648
UKR,2007,2.4,7.81301613219001
UKR,2008,2.7,7.52327011315342
UKR,2009,3.0,6.26790678763997
UKR,2010,2.9,6.8001696142477
UKR,2011,2.7,7.19759562163247
UKR,2012,2.9,7.03131803172885
UKR,2013,3.5,6.83496373147307
UKR,2014,3.5,5.85851548255714
UKR,2015,4.2,4.93846267555134
UKR,2016,5.5,4.98162827265164
UKR,2017,6.5,4.52463056805499
UKR,2018,6.9,4.82875863377984
UKR,2019,7.4,4.62458753784522
UKR,2020,8.7,4.45159215930416
UKR,2021,8.9,4.38244379511425
UKR,2022,,2.90739555971061
UKR,2023,,3.22518031774765
UKR,2024,,3.12934781865114
URY,2000,38.7,1.70552622829056
URY,2001,41.6,1.53241153472962
URY,2002,43.2,1.40548549239722
URY,2003,43.8,1.40046922058061
URY,2004,39.3,1.7528908230759
URY,2005,41.3,1.69451857722282
URY,2006,37.6,1.97248462231107
URY,2007,43.2,1.85654505268799
URY,2008,44.1,2.39732758116842
URY,2009,44.6,2.36627935606604
URY,2010,53.3,1.94598292040572
URY,2011,49.7,2.34076033455321
URY,2012,47.9,2.66279826623545
URY,2013,51.9,2.28942554965314
URY,2014,56.7,2.00617697761903
URY,2015,59.4,2.04722838394224
URY,2016,60.3,2.0209020670953
URY,2017,60.8,1.89093027524777
URY,2018,60.8,2.0241364499516
URY,2019,59.3,2.10646631378845
URY,2020,61.2,2.03399973168326
URY,2021,57.8,2.51768262973273
URY,2022,,2.38667285182486
URY,2023,,2.41753370123087
URY,2024,,2.56756948291319
USA,2000,5.4,21.0118753202743
USA,2001,4.7,20.6255077855762
USA,2002,4.8,19.9103793387111
USA,2003,5.3,19.9681657791826
USA,2004,5.5,20.0815597947275
USA,2005,5.8,19.9249914215479
USA,2006,6.4,19.4048177077015
USA,2007,6.3,19.4956606869752
USA,2008,6.8,18.7089026291301
USA,2009,7.3,17.1890632001903
USA,2010,7.4,17.847084306938
USA,2011,8.4,17.0203888981196
USA,2012,8.5,16.1854221004814
USA,2013,8.9,16.495975221911
USA,2014,9.0,16.4248953102317
USA,2015,8.9,15.9501022949136
USA,2016,9.3,15.5045482189269
USA,2017,9.7,15.1847127213968
USA,2018,9.9,15.5796456645972
USA,2019,10.2,15.0439662080505
USA,2020,11.0,13.4715665664099
USA,2021,10.9,14.3160979329351
USA,2022,,14.4186221294233
USA,2023,,13.7140258849034
USA,2024,,13.6238622652793
UZB,2000,0.7,5.30608034339216
UZB,2001,0.8,5.28624567526799
UZB,2002,1.0,5.38898455825556
UZB,2003,1.4,5.01609431105649
UZB,2004,1.0,5.07679600143684
UZB,2005,1.6,4.76265580553155
UZB,2006,0.8,5.03472727468172
UZB,2007,0.9,4.85281286665302
UZB,2008,0.8,4.99330891026782
UZB,2009,1.2,4.45651377155528
UZB,2010,1.3,4.78418105352781
UZB,2011,0.9,4.81134014423661
UZB,2012,1.3,4.20977063590157
UZB,2013,1.2,4.0848046860347
UZB,2014,1.4,3.74415254822206
UZB,2015,1.7,3.49764512064744
UZB,2016,1.6,3.64421845300852
UZB,2017,1.7,3.71680877488413
UZB,2018,1.5,3.48417486035642
UZB,2019,1.6,3.49213238730726
UZB,2020,1.0,3.69033904584871
UZB,2021,1.0,3.9236623289729
UZB,2022,,3.68952648984493
UZB,2023,,3.72011269845735
UZB,2024,,4.08501666540206
VCT,2000,8.5,0.369016689418292
VCT,2001,6.2,0.4273090104933
VCT,2002,6.1,0.490529083257607
VCT,2003,5.6,0.531195587806365
VCT,2004,5.9,0.569858643151504
VCT,2005,5.8,0.589595375722543
VCT,2006,5.3,0.652596996803971
VCT,2007,4.7,0.701150352816706
VCT,2008,5.3,0.73404906870339
VCT,2009,4.1,1.12299562022659
VCT,2010,5.1,0.882146982056949
VCT,2011,6.1,0.631007142269248
VCT,2012,5.0,0.80562095350206
VCT,2013,5.4,0.762935219864059
VCT,2014,3.3,0.857395266657367
VCT,2015,4.3,0.889117427075542
VCT,2016,4.1,0.951583935909129
VCT,2017,5.3,1.03252794261
VCT,2018,4.9,1.05026399557784
VCT,2019,5.4,1.11839642113145
VCT,2020,5.2,1.19583486273979
VCT,2021,5.0,1.14156805165255
VCT,2022,5.1,1.24551672775023
VCT,2023,,1.25835200300031
VCT,2024,,1.31191858153773
VEN,2000,15.3,5.61613486816086
VEN,2001,14.0,5.73575850236842
VEN,2002,12.8,5.8223547552569
VEN,2003,13.4,5.52282625726638
VEN,2004,14.6,5.68334234468926
VEN,2005,14.2,5.82165836799224
VEN,2006,15.6,5.83970371595838
VEN,2007,16.6,5.64100518337439
VEN,2008,16.4,5.84962138322166
VEN,2009,16.2,5.81077320450049
VEN,2010,13.8,6.13592407148401
VEN,2011,14.8,5.92634036716951
VEN,2012,13.8,6.55732695996789
VEN,2013,15.4,6.45112739625486
VEN,2014,12.1,6.34368674716556
VEN,2015,15.4,5.75436845431794
VEN,2016,14.6,5.29608278304555
VEN,2017,14.3,4.97170927982669
VEN,2018,14.6,4.62269142706999
VEN,2019,15.8,4.15965140487118
VEN,2020,31.2,2.69531333359842
VEN,2021,33.7,2.68692781094409
VEN,2022,,3.26104790565291
VEN,2023,,3.40591488864612
VEN,2024,,3.39410515757435
VGB,2000,0.9,1.37344992836322
VGB,2001,0.9,1.33198692056165
VGB,2002,0.8,1.44190387307513
VGB,2003,0.8,1.55417005511882
VGB,2004,0.8,1.55150561601329
VGB,2005,0.8,1.57616733572787
VGB,2006,0.7,1.82909402686482
VGB,2007,0.7,1.91595048490105
VGB,2008,0.7,2.08840535605599
VGB,2009,0.7,2.32934087736057
VGB,2010,0.7,2.54742547425474
VGB,2011,0.9,1.9226750261233
VGB,2012,0.9,1.88169385401219
VGB,2013,1.0,2.06289625587484
VGB,2014,1.0,2.12365754505188
VGB,2015,1.0,2.0783813554409
VGB,2016,1.0,2.27876498022315
VGB,2017,1.1,2.05205052142267
VGB,2018,1.2,1.91880428196324
VGB,2019,1.2,2.40142876768787
VGB,2020,1.3,2.27817422916386
VGB,2021,1.3,2.23491761220873
VGB,2022,1.3,2.30694955505102
VGB,2023,,2.27523406438374
VGB,2024,,2.32575815155431
VIR,2000,0.5,0.00184090867252076
VIR,2001,0.6,0.00184248588195193
VIR,2002,0.6,0.00184316508308067
VIR,2003,0.6,0.00184323303073591
VIR,2004,0.6,0.00184389578301034
VIR,2005,0.7,0.00184411680635851
VIR,2006,0.7,0.00184554623554707
VIR,2007,0.7,0.00184609136306156
VIR,2008,0.7,0.0018450695129939
VIR,2009,0.8,0.00184495037083502
VIR,2010,0.7,0.00184575062063365
VIR,2011,1.2,0.00184689260319512
VIR,2012,2.0,0.00184863385957777
VIR,2013,2.9,0.00185114910080432
VIR,2014,4.2,0.00185387738454979
VIR,2015,5.6,0.00185680332739156
VIR,2016,5.7,0.00186018825105101
VIR,2017,5.3,0.00186426301022548
VIR,2018,5.8,0.00186914140989337
VIR,2019,6.2,0.0018749589852722
VIR,2020,5.9,0.00188164455734312
VIR,2021,5.9,0.00188910928497214
VIR,2022,5.9,0.00189729919459649
VIR,2023,,0.00190626876483315
VIR,2024,,0.00191613094838901
VNM,2000,57.7,0.732762940866418
VNM,2001,56.1,0.796360252330399
VNM,2002,52.2,0.927761034143203
VNM,2003,50.8,0.975900126008347
VNM,2004,45.8,1.14424418007545
VNM,2005,44.1,1.23999989986226
VNM,2006,44.2,1.25547815833719
VNM,2007,41.9,1.36684666856981
VNM,2008,39.3,1.47684691804671
VNM,2009,37.0,1.62877944346484
VNM,2010,34.6,1.79273486369334
VNM,2011,36.3,1.77200618969635
VNM,2012,37.9,1.74532095481779
VNM,2013,37.4,1.80141667663283
VNM,2014,36.7,1.95182181139621
VNM,2015,27.8,2.16344818077591
VNM,2016,26.8,2.38090235568537
VNM,2017,28.3,2.40871172027244
VNM,2018,24.3,2.93126723532271
VNM,2019,20.4,3.46316479458409
VNM,2020,18.9,3.5515331687432
VNM,2021,24.2,3.39788716841419
VNM,2022,,3.45101965872917
VNM,2023,,3.89354026267807
VNM,2024,,4.26605675468195
VUT,2000,49.5,0.450931657012793
VUT,2001,51.3,0.511435316781046
VUT,2002,53.3,0.490649076139955
VUT,2003,52.7,0.558915246131928
VUT,2004,55.4,0.42486789719558
VUT,2005,54.9,0.423230214461947
VUT,2006,55.3,0.371891831810414
VUT,2007,51.6,0.592020824671451
VUT,2008,52.1,0.567220224243706
VUT,2009,38.7,0.620029132345927
VUT,2010,38.1,0.650162855511904
VUT,2011,35.8,0.738066487592104
VUT,2012,39.0,0.593451541487366
VUT,2013,40.9,0.59336220243475
VUT,2014,31.5,0.673608976329542
VUT,2015,35.6,0.598269078282306
VUT,2016,33.1,0.609731446191843
VUT,2017,35.7,0.597471517771546
VUT,2018,29.7,0.802078111470628
VUT,2019,31.6,0.750038529376509
VUT,2020,26.0,0.841536783355306
VUT,2021,24.6,0.95106385761178
VUT,2022,25.0,0.865368028979767
VUT,2023,,0.847978677253136
VUT,2024,,0.869798674098549
WLD,2000,17.5262813966932,4.00964562801179
WLD,2001,17.2141012541802,4.00921332233941
WLD,2002,17.2206557859887,4.01496434662952
WLD,2003,17.067470633117,4.15309172030084
WLD,2004,16.7834791518651,4.28326805758595
WLD,2005,16.6370993331808,4.38846326687297
WLD,2006,16.7290772224366,4.47802062614128
WLD,2007,16.5374660334277,4.58831889715123
WLD,2008,16.6569817886533,4.56160067411296
WLD,2009,17.0654993607187,4.45009852599458
WLD,2010,16.7414815095897,4.67132107098143
WLD,2011,16.6987205578704,4.76260892077127
WLD,2012,16.8962150785112,4.77415805922717
WLD,2013,17.1692464159295,4.80936209737091
WLD,2014,17.3299951573821,4.77725129095571
WLD,2015,17.4035082673572,4.69833990155379
WLD,2016,17.6281084915531,4.65001262944222
WLD,2017,17.8541835016377,4.67223120041328
WLD,2018,18.1052270747944,4.73494565527389
WLD,2019,18.5751641385934,4.70120784176447
WLD,2020,19.7355641050053,4.47451332276585
WLD,2021,,4.68476409230163
WLD,2022,,4.66789826409203
WLD,2023,,4.67759995985565
WLD,2024,,4.69378456136626
WSM,2000,59.7,1.02374989679941
WSM,2001,52.4,1.09681927868709
WSM,2002,49.6,1.12538014105198
WSM,2003,52.4,1.15569217494472
WSM,2004,48.8,1.13074432614403
WSM,2005,48.9,1.16484292269679
WSM,2006,46.0,1.16510130041714
WSM,2007,43.2,1.2614369043141
WSM,2008,45.0,1.28453975918825
WSM,2009,43.2,1.29599557210215
WSM,2010,41.9,1.36304999922289
WSM,2011,40.6,1.37484400117095
WSM,2012,40.2,1.36439047725677
WSM,2013,42.6,1.4061774971251
WSM,2014,41.4,1.43223503651824
WSM,2015,37.1,1.62948132142609
WSM,2016,36.8,1.74054909360734
WSM,2017,35.8,1.54078329235937
WSM,2018,36.6,1.66054860247998
WSM,2019,34.2,1.78043664791687
WSM,2020,35.6,1.47774883931605
WSM,2021,36.0,1.60679954532484
WSM,2022,35.9,1.54417195869201
WSM,2023,,1.53833372564766
WSM,2024,,1.60444731881166
XKX,2000,,
XKX,2001,,
XKX,2002,,
XKX,2003,,
XKX,2004,,
XKX,2005,,
XKX,2006,,
XKX,2007,,
XKX,2008,,
XKX,2009,,
XKX,2010,,
XKX,2011,,
XKX,2012,,
XKX,2013,,
XKX,2014,,
XKX,2015,,
XKX,2016,,
XKX,2017,,
XKX,2018,,
XKX,2019,,
XKX,2020,,
XKX,2021,,
XKX,2022,,
XKX,2023,,
XKX,2024,,
YEM,2000,0.9,0.802338303623073
YEM,2001,0.9,0.829144572122412
YEM,2002,0.9,0.807128897860081
YEM,2003,0.8,0.910498458290656
YEM,2004,0.8,0.925129916420184
YEM,2005,0.7,0.966350059686043
YEM,2006,0.8,0.974638708108025
YEM,2007,0.8,1.00023924584184
YEM,2008,0.7,1.0053703136687
YEM,2009,0.7,1.0658436506035
YEM,2010,0.8,0.984687109444892
YEM,2011,0.9,0.833886302805684
YEM,2012,1.1,0.773829681433409
YEM,2013,0.8,0.982094877377072
YEM,2014,0.8,0.938116526235472
YEM,2015,2.0,0.457400001457025
YEM,2016,2.6,0.331047266795208
YEM,2017,3.0,0.296939453573988
YEM,2018,2.9,0.35186257770312
YEM,2019,3.0,0.351518230200281
YEM,2020,3.5,0.313196150764429
YEM,2021,3.7,0.302074058238196
YEM,2022,,0.287369793942245
YEM,2023,,0.269743195612762
YEM,2024,,0.260706631942251
ZAF,2000,16.2,7.36397941641679
ZAF,2001,15.0,7.51319828115408
ZAF,2002,13.3,7.72131022420827
ZAF,2003,11.8,8.11491084558816
ZAF,2004,11.0,8.69023374521021
ZAF,2005,9.7,8.81501533854301
ZAF,2006,9.3,8.81243167639557
ZAF,2007,8.7,9.10281000552084
ZAF,2008,9.7,9.54569945858325
ZAF,2009,9.2,8.83353970564321
ZAF,2010,9.4,8.87117430020844
ZAF,2011,9.0,8.37758623633968
ZAF,2012,8.3,8.57667504044573
ZAF,2013,7.8,8.68872722515024
ZAF,2014,7.6,8.75262375978144
ZAF,2015,7.6,8.14948651738695
ZAF,2016,7.8,8.03701551903542
ZAF,2017,7.9,8.14751418587147
ZAF,2018,8.0,8.077016906198
ZAF,2019,8.7,8.01412233375962
ZAF,2020,9.8,7.4445834618028
ZAF,2021,9.7,7.29340675223128
ZAF,2022,,6.88263936192025
ZAF,2023,,6.75922774879049
ZAF,2024,,6.87684962627712
ZMB,2000,90.0,0.194876413395542
ZMB,2001,89.8,0.19058254162032
ZMB,2002,89.6,0.194197023295284
ZMB,2003,89.3,0.203867677204048
ZMB,2004,89.4,0.203153975614114
ZMB,2005,88.9,0.211070757215382
ZMB,2006,89.7,0.198597590529511
ZMB,2007,90.7,0.174189032545343
ZMB,2008,89.8,0.200263813418666
ZMB,2009,89.2,0.213107272147601
ZMB,2010,89.2,0.230036760341164
ZMB,2011,87.9,0.239454830917406
ZMB,2012,85.4,0.289620990303567
ZMB,2013,85.3,0.307539510527861
ZMB,2014,84.6,0.346397664972352
ZMB,2015,84.0,0.356605174836236
ZMB,2016,84.0,0.374035815469437
ZMB,2017,83.5,0.46088254788055
ZMB,2018,83.8,0.506471474864007
ZMB,2019,86.1,0.487959304388463
ZMB,2020,85.4,0.500068339000267
ZMB,2021,83.0,0.49379688135964
ZMB,2022,,0.524548827570452
ZMB,2023,,0.548090097623693
ZMB,2024,,0.542961477377669
ZWE,2000,69.5,1.23243627783423
ZWE,2001,72.3,1.21917145823374
ZWE,2002,74.7,1.1029519129975
ZWE,2003,78.0,0.893403485176119
ZWE,2004,81.8,0.838216656520482
ZWE,2005,80.3,0.922182297304139
ZWE,2006,78.7,0.848775110404865
ZWE,2007,78.0,0.825339903958573
ZWE,2008,81.6,0.641176361194705
ZWE,2009,82.6,0.604392218090679
ZWE,2010,81.2,0.753832502230367
ZWE,2011,77.2,1.16578931263931
ZWE,2012,77.0,0.922261124294909
ZWE,2013,79.3,0.907590570671441
ZWE,2014,80.8,0.886871374194176
ZWE,2015,80.8,0.881442359972868
ZWE,2016,81.7,0.771813225130946
ZWE,2017,82.0,0.714789054258429
ZWE,2018,79.7,0.816285156253118
ZWE,2019,81.0,0.731473434469001
ZWE,2020,84.1,0.584444223465771
ZWE,2021,82.4,0.68892544949393
ZWE,2022,,0.719220842842293
ZWE,2023,,0.76899436270709
ZWE,2024,,0.772821434267465
