iso3,year,gdppc
AFE,2024,1432.50843496815
AFE,2023,1428.54623843676
AFE,2022,1437.09139374966
AFE,2021,1422.65546311873
AFE,2020,1398.57793000832
AFE,2019,1480.22900239543
AFE,2018,1492.18670204384
AFE,2017,1493.1423907296
AFE,2016,1493.11936575691
AFE,2015,1498.71597073834
AFE,2014,1495.79844862987
AFE,2013,1478.87995623663
AFE,2012,1452.76568595828
AFE,2011,1464.88611192938
AFE,2010,1449.78072652181
AFE,2009,1414.50548927128
AFE,2008,1440.52144510506
AFE,2007,1417.37331385996
AFE,2006,1364.58002599767
AFE,2005,1314.2677841971
AFE,2004,1271.19569954919
AFE,2003,1235.59805226329
AFE,2002,1231.33260616804
AFE,2001,1216.22788108397
AFE,2000,1205.87666437284
AFW,2024,1820.07044608507
AFW,2023,1782.32607004266
AFW,2022,1761.05945140847
AFW,2021,1725.17121673839
AFW,2020,1722.44898220443
AFW,2019,1832.1636948549
AFW,2018,1817.65066402569
AFW,2017,1811.55471646765
AFW,2016,1817.66095620629
AFW,2015,1863.40151301991
AFW,2014,1859.65082949513
AFW,2013,1808.05542437383
AFW,2012,1752.04877339883
AFW,2011,1713.47507358227
AFW,2010,1679.8619541977
AFW,2009,1614.44023110383
AFW,2008,1564.2103448338
AFW,2007,1515.04513261704
AFW,2006,1477.96252664219
AFW,2005,1443.9895720102
AFW,2004,1404.15452106467
AFW,2003,1336.53509360063
AFW,2002,1301.45284845521
AFW,2001,1217.48637912529
AFW,2000,1189.60989480741
ARB,2024,6311.25329101256
ARB,2023,6322.02558331114
ARB,2022,6361.38084442534
ARB,2021,6083.57198947026
ARB,2020,5914.3140803644
ARB,2019,6377.12720480427
ARB,2018,6386.55005729143
ARB,2017,6332.00881888743
ARB,2016,6375.45441645456
ARB,2015,6299.87807685552
ARB,2014,6247.36371197299
ARB,2013,6234.27485821589
ARB,2012,6235.42337538268
ARB,2011,6054.00045574247
ARB,2010,5965.71571721365
ARB,2009,5810.71141659136
ARB,2008,5915.86136125116
ARB,2007,5746.68567268712
ARB,2006,5632.36344117714
ARB,2005,5427.84243278416
ARB,2004,5264.51546177734
ARB,2003,4939.55134024018
ARB,2002,4853.12978171597
ARB,2001,4907.21186577842
ARB,2000,4922.11520199761
CSS,2024,18643.3738062746
CSS,2023,16520.5066629775
CSS,2022,15259.8516050593
CSS,2021,13353.2168994617
CSS,2020,12507.6012734005
CSS,2019,13836.1810586697
CSS,2018,13827.9207659533
CSS,2017,13778.886010068
CSS,2016,13962.4303282906
CSS,2015,14497.8798625347
CSS,2014,14600.729767324
CSS,2013,14327.5751136155
CSS,2012,14203.8255539522
CSS,2011,13731.3218758813
CSS,2010,13697.4264360568
CSS,2009,13623.5304132425
CSS,2008,14177.6922464874
CSS,2007,14030.0505594073
CSS,2006,13597.1381777631
CSS,2005,12683.3255233013
CSS,2004,12056.9139473837
CSS,2003,11605.4238812576
CSS,2002,11027.3598401094
CSS,2001,10690.3702191644
CSS,2000,10553.7062607061
CEB,2024,16862.8261090388
CEB,2023,16496.6728779092
CEB,2022,16396.9966397292
CEB,2021,15739.2441317825
CEB,2020,14621.1740246993
CEB,2019,15024.0494908704
CEB,2018,14412.0115452533
CEB,2017,13696.4931794299
CEB,2016,12991.5742193095
CEB,2015,12596.9151136003
CEB,2014,12076.1823856167
CEB,2013,11662.0107342389
CEB,2012,11544.5713277541
CEB,2011,11421.7596519166
CEB,2010,10998.682371605
CEB,2009,10792.858773343
CEB,2008,11177.0146731334
CEB,2007,10712.5851582186
CEB,2006,10036.5097725823
CEB,2005,9387.61745605104
CEB,2004,8923.8782160842
CEB,2003,8405.64953510181
CEB,2002,8057.23910139445
CEB,2001,7730.97137256735
CEB,2000,7450.88371486209
EAR,2024,3884.38931770884
EAR,2023,3783.31364991383
EAR,2022,3676.37654127034
EAR,2021,3506.50286307281
EAR,2020,3296.2051222201
EAR,2019,3485.83540250583
EAR,2018,3450.30289844386
EAR,2017,3370.86780261045
EAR,2016,3266.95703994597
EAR,2015,3178.86716124226
EAR,2014,3091.3641287626
EAR,2013,3013.93253830751
EAR,2012,2939.37593158074
EAR,2011,2862.47539021219
EAR,2010,2769.87664169436
EAR,2009,2644.32908283068
EAR,2008,2668.77158037966
EAR,2007,2620.13480564456
EAR,2006,2517.93797435526
EAR,2005,2411.95897260986
EAR,2004,2314.66677487664
EAR,2003,2214.01476503093
EAR,2002,2146.24084688962
EAR,2001,2146.84095089536
EAR,2000,2160.74346407508
EAS,2024,13295.329301063
EAS,2023,12838.6681574645
EAS,2022,12361.4385727479
EAS,2021,12018.1160959764
EAS,2020,11313.8325015148
EAS,2019,11370.44994499
EAS,2018,10985.5560070104
EAS,2017,10544.5364751924
EAS,2016,10109.9616270695
EAS,2015,9730.64405529046
EAS,2014,9355.53149899712
EAS,2013,8985.01177157421
EAS,2012,8603.6234263906
EAS,2011,8240.19911455592
EAS,2010,7876.59864598949
EAS,2009,7370.0195612033
EAS,2008,7239.90537339912
EAS,2007,6985.43993494533
EAS,2006,6545.03469272412
EAS,2005,6190.68887546982
EAS,2004,5886.18938389565
EAS,2003,5602.52459533088
EAS,2002,5382.25360075602
EAS,2001,5196.78754674668
EAS,2000,5077.98492597409
EAP,2024,10127.9180882519
EAP,2023,9666.08432645256
EAP,2022,9200.1190748992
EAP,2021,8905.68067463003
EAP,2020,8293.47330929094
EAP,2019,8220.63635978721
EAP,2018,7806.58627734919
EAP,2017,7374.76727155093
EAP,2016,6966.41995023195
EAP,2015,6589.81824245918
EAP,2014,6225.56359132253
EAP,2013,5864.59707043702
EAP,2012,5511.80083123891
EAP,2011,5168.39472019044
EAP,2010,4797.14626921917
EAP,2009,4397.74180769777
EAP,2008,4102.08415106923
EAP,2007,3805.1786009497
EAP,2006,3410.6598804258
EAP,2005,3095.20781374557
EAP,2004,2835.31842515797
EAP,2003,2618.71809817655
EAP,2002,2422.46003381382
EAP,2001,2259.91957276105
EAP,2000,2132.32908980814
TEA,2024,10241.9890248099
TEA,2023,9774.78042985959
TEA,2022,9303.40405088781
TEA,2021,9005.51806406365
TEA,2020,8386.41483907815
TEA,2019,8312.8476797593
TEA,2018,7894.29743865068
TEA,2017,7457.82890009373
TEA,2016,7045.16072110558
TEA,2015,6664.53447337008
TEA,2014,6296.37014710907
TEA,2013,5931.54927372231
TEA,2012,5575.01390464133
TEA,2011,5227.95136482515
TEA,2010,4852.63859013079
TEA,2009,4448.80407260716
TEA,2008,4149.89172169115
TEA,2007,3849.69181744448
TEA,2006,3450.71267623218
TEA,2005,3131.6805514233
TEA,2004,2868.82269353821
TEA,2003,2649.71946543958
TEA,2002,2451.23083387714
TEA,2001,2286.87458531728
TEA,2000,2157.85535603795
EMU,2024,37747.5762546902
EMU,2023,37542.8850711276
EMU,2022,37533.5524037551
EMU,2021,36304.0120488212
EMU,2020,34123.5966842683
EMU,2019,36362.1610606018
EMU,2018,35860.4204802822
EMU,2017,35301.6485495203
EMU,2016,34456.7787485334
EMU,2015,33928.614137702
EMU,2014,33296.8666974398
EMU,2013,32867.052177107
EMU,2012,32959.6032104989
EMU,2011,33329.674600975
EMU,2010,32682.9836342241
EMU,2009,32081.0242521645
EMU,2008,33692.5979697593
EMU,2007,33707.163004223
EMU,2006,32882.2025430207
EMU,2005,31964.0968987768
EMU,2004,31559.0180212487
EMU,2003,31005.4460255685
EMU,2002,30929.8173201796
EMU,2001,30766.5726970873
EMU,2000,30189.3008380116
ECS,2024,26049.7447851247
ECS,2023,25741.0380070691
ECS,2022,25489.1529254156
ECS,2021,24641.4252022588
ECS,2020,23085.0498018734
ECS,2019,24442.3874231782
ECS,2018,24094.598211265
ECS,2017,23666.3148569145
ECS,2016,23073.4498063679
ECS,2015,22742.4739859372
ECS,2014,22377.2366286294
ECS,2013,22039.7194290423
ECS,2012,21930.9259023068
ECS,2011,21946.7182534558
ECS,2010,21496.9574340089
ECS,2009,21021.0362461548
ECS,2008,22077.8466393493
ECS,2007,21942.3439443716
ECS,2006,21218.6420264668
ECS,2005,20483.7052778191
ECS,2004,19994.9526883816
ECS,2003,19434.9539216248
ECS,2002,19137.987953529
ECS,2001,18876.2222676969
ECS,2000,18489.7723627187
ECA,2024,8719.2497368167
ECA,2023,8435.75381106955
ECA,2022,7972.62807689424
ECA,2021,7690.46991422501
ECA,2020,7080.0362508299
ECA,2019,7109.90457345448
ECA,2018,6989.62463883041
ECA,2017,6792.21425054227
ECA,2016,6462.34464500545
ECA,2015,6338.80741019255
ECA,2014,6178.94474790458
ECA,2013,6037.24531324726
ECA,2012,5714.90712667646
ECA,2011,5534.97431736067
ECA,2010,5149.8055295914
ECA,2009,4846.21223459428
ECA,2008,5057.30262489027
ECA,2007,4937.15920672959
ECA,2006,4618.3280614311
ECA,2005,4286.86707967653
ECA,2004,3966.81545088351
ECA,2003,3636.01340486753
ECA,2002,3426.15822729396
ECA,2001,3234.66049997751
ECA,2000,3245.88534647866
TEC,2024,10509.1101785927
TEC,2023,10132.3013270566
TEC,2022,9708.77674684136
TEC,2021,9476.65110748915
TEC,2020,8812.50868521582
TEC,2019,8959.32260249973
TEC,2018,8750.28088810459
TEC,2017,8464.38023977556
TEC,2016,8146.53010473417
TEC,2015,8034.6842596255
TEC,2014,7958.16097502701
TEC,2013,7818.91433979736
TEC,2012,7600.7808253936
TEC,2011,7380.61822115828
TEC,2010,7000.76886191211
TEC,2009,6711.53031024933
TEC,2008,7066.17131599245
TEC,2007,6778.5300441514
TEC,2006,6297.57598769406
TEC,2005,5843.32142618431
TEC,2004,5481.95683609424
TEC,2003,5084.48553032781
TEC,2002,4789.40719343969
TEC,2001,4558.68495710412
TEC,2000,4437.3279983663
EUU,2024,34899.3225839678
EUU,2023,34626.5282460477
EUU,2022,34606.1111714906
EUU,2021,33488.0493001082
EUU,2020,31435.0432357987
EUU,2019,33289.4438136062
EUU,2018,32739.0873976707
EUU,2017,32135.668371076
EUU,2016,31300.1655435498
EUU,2015,30771.6635221374
EUU,2014,30117.891265209
EUU,2013,29667.2132839257
EUU,2012,29700.9101574933
EUU,2011,29974.1599339174
EUU,2010,29352.9533503664
EUU,2009,28771.7442854218
EUU,2008,30144.6595203745
EUU,2007,30060.2071364862
EUU,2006,29246.6564527789
EUU,2005,28334.7697308438
EUU,2004,27885.7767479776
EUU,2003,27284.7373654402
EUU,2002,27131.1240490784
EUU,2001,26899.8894391635
EUU,2000,26365.8085370636
HPC,2024,1016.27398761692
HPC,2023,992.174917021435
HPC,2022,983.847120090035
HPC,2021,962.578481916824
HPC,2020,947.580161647698
HPC,2019,974.069965846461
HPC,2018,961.125858662023
HPC,2017,949.269457689577
HPC,2016,930.303195845621
HPC,2015,917.924140878178
HPC,2014,900.23327280781
HPC,2013,878.389738901825
HPC,2012,850.90537224906
HPC,2011,840.995109673087
HPC,2010,830.195436382547
HPC,2009,803.669382584904
HPC,2008,799.010898073682
HPC,2007,777.852603441457
HPC,2006,758.076010727433
HPC,2005,737.815494830608
HPC,2004,719.286073985495
HPC,2003,699.537450245131
HPC,2002,692.386060275808
HPC,2001,685.807417274643
HPC,2000,679.661916317719
,2024,42026.5401511337
,2023,41501.2948730887
,2022,41064.1952230136
,2021,40005.1470452164
,2020,37706.0367844528
,2019,39326.9264662088
,2018,38731.1124683986
,2017,37945.3076510303
,2016,37185.2771759522
,2015,36734.6310227088
,2014,36111.2634992428
,2013,35522.3093441449
,2012,35159.0555187547
,2011,34840.5663756104
,2010,34306.4541964383
,2009,33440.6880027413
,2008,34817.0437554658
,2007,34818.495991805
,2006,34058.5960994323
,2005,33181.5625765607
,2004,32386.3750803379
,2003,31459.5817301314
,2002,30920.0871053297
,2001,30574.4108550638
,2000,30253.8409167376
IBD,2024,7516.23109692996
IBD,2023,7237.59788175414
IBD,2022,6950.42582854395
IBD,2021,6729.33339266546
IBD,2020,6287.10346120634
IBD,2019,6412.74148413925
IBD,2018,6215.67638120711
IBD,2017,5978.75957459242
IBD,2016,5738.52582613831
IBD,2015,5546.81934137697
IBD,2014,5370.20489610287
IBD,2013,5179.63613332378
IBD,2012,4977.09090605651
IBD,2011,4770.82824838185
IBD,2010,4533.00914065275
IBD,2009,4249.82071937767
IBD,2008,4177.43900963448
IBD,2007,3983.75786510527
IBD,2006,3693.37066538383
IBD,2005,3445.54326791071
IBD,2004,3247.59840290551
IBD,2003,3048.08979022397
IBD,2002,2910.66880220101
IBD,2001,2816.85409923483
IBD,2000,2750.17686745674
IBT,2024,5825.50541967732
IBT,2023,5634.16482692317
IBT,2022,5440.77771363889
IBT,2021,5288.48751677048
IBT,2020,4975.19205124347
IBT,2019,5097.1350886918
IBT,2018,4959.05836315983
IBT,2017,4788.10478996534
IBT,2016,4614.08685562372
IBT,2015,4477.24409653758
IBT,2014,4349.50164662377
IBT,2013,4204.1114505155
IBT,2012,4049.02401734632
IBT,2011,3898.12924678617
IBT,2010,3721.63119008758
IBT,2009,3504.47378188872
IBT,2008,3449.8203963698
IBT,2007,3302.82526069676
IBT,2006,3079.20147750429
IBT,2005,2886.65266109948
IBT,2004,2731.20917223408
IBT,2003,2572.95758342267
IBT,2002,2466.37534927867
IBT,2001,2391.86557804998
IBT,2000,2340.82875174853
IDB,2024,2107.6638668718
IDB,2023,2062.62356419287
IDB,2022,2043.42372895199
IDB,2021,1988.14316748151
IDB,2020,1943.87243809295
IDB,2019,2049.30236677741
IDB,2018,2028.14092040239
IDB,2017,1991.50582003859
IDB,2016,1975.50456585507
IDB,2015,1967.8941145813
IDB,2014,1932.2366467346
IDB,2013,1864.20094351718
IDB,2012,1800.98680407865
IDB,2011,1762.43109999793
IDB,2010,1732.0970274752
IDB,2009,1677.01134797999
IDB,2008,1625.06360764076
IDB,2007,1600.87649761883
IDB,2006,1558.19950495576
IDB,2005,1510.78551454883
IDB,2004,1461.53585071321
IDB,2003,1395.74781049748
IDB,2002,1368.72431947825
IDB,2001,1319.28373984693
IDB,2000,1302.79173205587
IDX,2024,1173.2818683549
IDX,2023,1147.16316787956
IDX,2022,1135.34471641403
IDX,2021,1112.55281021201
IDX,2020,1097.9073513853
IDX,2019,1127.40470768605
IDX,2018,1100.73857863193
IDX,2017,1073.84673193105
IDX,2016,1043.61712928397
IDX,2015,1024.03892548547
IDX,2014,1015.3734765589
IDX,2013,987.559506416371
IDX,2012,958.993364993698
IDX,2011,957.759251305851
IDX,2010,941.87311126462
IDX,2009,904.690055498465
IDX,2008,888.11196361438
IDX,2007,857.594387123422
IDX,2006,824.39686692688
IDX,2005,793.392553485602
IDX,2004,763.028687893496
IDX,2003,736.445386593645
IDX,2002,717.326546711149
IDX,2001,701.950532842353
IDX,2000,689.180790229207
IDA,2024,1498.37807376176
IDA,2023,1466.40467616719
IDA,2022,1452.67025448891
IDA,2021,1418.97233507819
IDA,2020,1394.41549981948
IDA,2019,1451.18305482757
IDA,2018,1427.14883414215
IDA,2017,1397.38370461298
IDA,2016,1372.7296442096
IDA,2015,1357.9051932623
IDA,2014,1339.89861488766
IDA,2013,1297.88287583466
IDA,2012,1256.89332471361
IDA,2011,1242.31604652501
IDA,2010,1220.95123872251
IDA,2009,1176.8794999748
IDA,2008,1147.24627389385
IDA,2007,1118.49861077272
IDA,2006,1081.58606287181
IDA,2005,1044.65404144036
IDA,2004,1007.42076408979
IDA,2003,966.711421750773
IDA,2002,944.764140365419
IDA,2001,917.222006498417
IDA,2000,902.727878479473
LTE,2024,11918.0405122553
LTE,2023,11414.6924038042
LTE,2022,10941.9407766362
LTE,2021,10610.2084233095
LTE,2020,9878.26644474708
LTE,2019,9886.1162980852
LTE,2018,9481.1203747958
LTE,2017,9041.12377451984
LTE,2016,8645.98435648163
LTE,2015,8331.63288950883
LTE,2014,8010.17156732513
LTE,2013,7663.56295285725
LTE,2012,7306.62850181868
LTE,2011,6951.29551622392
LTE,2010,6526.90643063144
LTE,2009,6076.71969051382
LTE,2008,5893.64125969097
LTE,2007,5546.15574148121
LTE,2006,5065.16601889118
LTE,2005,4664.00553113974
LTE,2004,4353.94772044713
LTE,2003,4049.32719801138
LTE,2002,3813.47993525517
LTE,2001,3620.40152506982
LTE,2000,3466.77132065183
LCN,2024,8871.53601669473
LCN,2023,8736.17680385723
LCN,2022,8606.55427761644
LCN,2021,8317.64330039219
LCN,2020,7812.95729980292
LCN,2019,8447.71177421698
LCN,2018,8489.65331062758
LCN,2017,8458.43713679231
LCN,2016,8404.73192746461
LCN,2015,8546.91790238019
LCN,2014,8610.20897998125
LCN,2013,8594.86059532881
LCN,2012,8454.76965680889
LCN,2011,8324.64861785153
LCN,2010,8060.06410621954
LCN,2009,7676.11101980124
LCN,2008,7945.57320353123
LCN,2007,7751.39723773622
LCN,2006,7448.5139089453
LCN,2005,7160.6891743433
LCN,2004,6962.74810727734
LCN,2003,6668.85196382399
LCN,2002,6609.4435978908
LCN,2001,6684.04487881254
LCN,2000,6741.98165315129
LAC,2024,8307.70645839353
LAC,2023,8203.23895137503
LAC,2022,8089.0443057316
LAC,2021,7827.41188417897
LAC,2020,7368.61318654015
LAC,2019,7962.19314357083
LAC,2018,8010.5932042996
LAC,2017,7986.11604858229
LAC,2016,7932.49607746858
LAC,2015,8087.33242325425
LAC,2014,8162.13622465638
LAC,2013,8155.35128235007
LAC,2012,8023.11594740369
LAC,2011,7916.87181279329
LAC,2010,7665.02918840407
LAC,2009,7282.42112731485
LAC,2008,7550.46364134656
LAC,2007,7361.2956717151
LAC,2006,7067.05640436568
LAC,2005,6788.80078819268
LAC,2004,6598.99754541507
LAC,2003,6328.85389898797
LAC,2002,6280.19153327588
LAC,2001,6362.4321554373
LAC,2000,6437.96110048513
TLA,2024,8744.52778534944
TLA,2023,8611.07781121831
TLA,2022,8479.2645101924
TLA,2021,8194.51065809746
TLA,2020,7684.93194839094
TLA,2019,8304.43005301967
TLA,2018,8349.31011182677
TLA,2017,8315.23504920842
TLA,2016,8259.95033794012
TLA,2015,8404.04978849743
TLA,2014,8473.41365340212
TLA,2013,8456.92525770353
TLA,2012,8314.56455528008
TLA,2011,8183.49690860235
TLA,2010,7913.20182058713
TLA,2009,7519.4352696386
TLA,2008,7789.67796085559
TLA,2007,7589.78302426148
TLA,2006,7284.00945702325
TLA,2005,6997.30872821488
TLA,2004,6799.2914773993
TLA,2003,6518.71090729152
TLA,2002,6458.56096728307
TLA,2001,6536.56971674071
TLA,2000,6609.75491780903
LDC,2024,1090.57292521647
LDC,2023,1074.29165043316
LDC,2022,1066.56260269683
LDC,2021,1041.81864393151
LDC,2020,1037.73611237248
LDC,2019,1064.77726218382
LDC,2018,1040.23273178411
LDC,2017,1017.69408591328
LDC,2016,997.08869308831
LDC,2015,983.414934367096
LDC,2014,979.669421273234
LDC,2013,952.21846887207
LDC,2012,919.308093708723
LDC,2011,911.315681048424
LDC,2010,905.393997038056
LDC,2009,871.259636862048
LDC,2008,855.844899163499
LDC,2007,822.870375237203
LDC,2006,785.207477962037
LDC,2005,752.662444138539
LDC,2004,717.770654491983
LDC,2003,690.027993459742
LDC,2002,672.754876647406
LDC,2001,654.239496984006
LDC,2000,638.717166705897
LMY,2024,5539.32895443457
LMY,2023,5358.98340901979
LMY,2022,5170.6906311666
LMY,2021,5019.23390795338
LMY,2020,4723.43743275583
LMY,2019,4833.03178169414
LMY,2018,4699.02853867183
LMY,2017,4534.54734531501
LMY,2016,4363.46432262705
LMY,2015,4223.77742891002
LMY,2014,4089.19933719999
LMY,2013,3942.47943622101
LMY,2012,3784.75096839907
LMY,2011,3638.55326608162
LMY,2010,3469.80590095764
LMY,2009,3254.91684838707
LMY,2008,3174.81724219519
LMY,2007,3039.02649139576
LMY,2006,2831.5291839446
LMY,2005,2653.8201446199
LMY,2004,2507.18197955636
LMY,2003,2360.95764512632
LMY,2002,2264.73090350902
LMY,2001,2196.36804936148
LMY,2000,2151.76974084658
,2024,701.876749725515
,2023,697.417753503119
,2022,707.920608976212
,2021,700.702189041902
,2020,705.636008447738
,2019,723.841947800285
,2018,716.409588833122
,2017,711.73676445834
,2016,708.867855344742
,2015,714.836450326294
,2014,736.000091581386
,2013,726.823062758041
,2012,716.09065527899
,2011,759.660124185919
,2010,778.449884465119
,2009,747.424359964627
,2008,741.11779688869
,2007,722.632713618076
,2006,700.508162576728
,2005,682.309740241321
,2004,658.395846852181
,2003,636.681570479962
,2002,628.341950518703
,2001,614.079824853581
,2000,602.574094429821
,2024,2270.11004592826
,2023,2182.51186143558
,2022,2100.10158614282
,2021,2001.03941041582
,2020,1897.7170729304
,2019,2008.18880063209
,2018,1968.63004426859
,2017,1902.90019731087
,2016,1842.15082274922
,2015,1780.68853695471
,2014,1713.01012069776
,2013,1645.19191940054
,2012,1584.66060846163
,2011,1533.95313999788
,2010,1490.64568864373
,2009,1423.32868147908
,2008,1366.54442487547
,2007,1330.22942300294
,2006,1266.02252397216
,2005,1202.55943524109
,2004,1145.84385452204
,2003,1086.00605228519
,2002,1049.89413115325
,2001,1030.54420640333
,2000,1007.37198688175
MEA,2024,5485.38728777077
MEA,2023,5463.85312225795
MEA,2022,5446.99294793607
MEA,2021,5215.44015006661
MEA,2020,5038.99715364181
MEA,2019,5321.15148636731
MEA,2018,5326.92749664004
MEA,2017,5284.96625263466
MEA,2016,5264.32028463837
MEA,2015,5130.25978607342
MEA,2014,5091.0962863676
MEA,2013,5037.81336990196
MEA,2012,5027.92406494544
MEA,2011,4930.78647700097
MEA,2010,4856.62716897561
MEA,2009,4733.21861400545
MEA,2008,4792.09091697074
MEA,2007,4700.75513970204
MEA,2006,4574.7429671738
MEA,2005,4421.56714645457
MEA,2004,4300.88224696943
MEA,2003,4079.82924310156
MEA,2002,3990.90379834447
MEA,2001,3997.88013509715
MEA,2000,4011.77398465932
MNA,2024,3032.00524250795
MNA,2023,3016.25210020449
MNA,2022,2982.78335555639
MNA,2021,2908.15343616643
MNA,2020,2835.4044930412
MNA,2019,2963.20718256898
MNA,2018,2975.07985684262
MNA,2017,2965.75725456964
MNA,2016,2916.70744518601
MNA,2015,2808.6233441937
MNA,2014,2825.61617270762
MNA,2013,2810.83533998643
MNA,2012,2833.14222876831
MNA,2011,2791.2438124294
MNA,2010,2860.92140660337
MNA,2009,2788.71696885337
MNA,2008,2772.41082301408
MNA,2007,2738.10877611324
MNA,2006,2644.58495698406
MNA,2005,2566.78208916082
MNA,2004,2501.78844532817
MNA,2003,2376.11302385758
MNA,2002,2365.65618222895
MNA,2001,2340.6562424534
MNA,2000,2325.17423873793
TMN,2024,3037.56299208501
TMN,2023,3016.38786220006
TMN,2022,2981.95267795857
TMN,2021,2907.14478110535
TMN,2020,2834.79641974013
TMN,2019,2960.32844444325
TMN,2018,2972.03291109214
TMN,2017,2962.3615987999
TMN,2016,2912.85149131795
TMN,2015,2805.48695611112
TMN,2014,2822.91033070601
TMN,2013,2807.49675855009
TMN,2012,2830.4473285746
TMN,2011,2789.01231595172
TMN,2010,2860.48869374477
TMN,2009,2788.38392625619
TMN,2008,2772.98146343357
TMN,2007,2739.2081362149
TMN,2006,2645.26623060397
TMN,2005,2566.36310130843
TMN,2004,2502.27907345539
TMN,2003,2378.2687729575
TMN,2002,2369.04863370009
TMN,2001,2341.85548813008
TMN,2000,2324.47374187732
MIC,2024,6143.92793992414
MIC,2023,5930.65300014784
MIC,2022,5707.56983867332
MIC,2021,5529.07594077267
MIC,2020,5189.15700851441
MIC,2019,5300.45479347584
MIC,2018,5143.80804206815
MIC,2017,4954.25658592079
MIC,2016,4758.47326248274
MIC,2015,4597.60474958281
MIC,2014,4441.95318528448
MIC,2013,4276.70136715966
MIC,2012,4099.73864141949
MIC,2011,3930.18409635282
MIC,2010,3738.48355881277
MIC,2009,3501.39817047288
MIC,2008,3410.31647387697
MIC,2007,3259.67210709256
MIC,2006,3031.32395605497
MIC,2005,2835.73705982702
MIC,2004,2675.18961309519
MIC,2003,2515.39133887836
MIC,2002,2409.04026387917
MIC,2001,2333.7499198409
MIC,2000,2284.57379722884
NAC,2024,64506.5636066642
NAC,2023,63532.0076871763
NAC,2022,62404.6210602795
NAC,2021,61198.2512363301
NAC,2020,57774.414970072
NAC,2019,59425.2842320485
NAC,2018,58314.2046320345
NAC,2017,57026.2780816387
NAC,2016,56048.8982873869
NAC,2015,55534.4614029189
NAC,2014,54473.0949224699
NAC,2013,53554.2762571962
NAC,2012,52849.308994613
NAC,2011,52118.7246769571
NAC,2010,51671.5125292842
NAC,2009,50741.9965051822
NAC,2008,52571.5603822929
NAC,2007,52982.1116719497
NAC,2006,52436.4017613233
NAC,2005,51517.6950673225
NAC,2004,50256.4478409679
NAC,2003,48872.9887267576
NAC,2002,47992.7531590537
NAC,2001,47590.3058980687
NAC,2000,47578.0098430294
,2024,
,2023,
,2022,
,2021,
,2020,
,2019,
,2018,
,2017,
,2016,
,2015,
,2014,
,2013,
,2012,
,2011,
,2010,
,2009,
,2008,
,2007,
,2006,
,2005,
,2004,
,2003,
,2002,
,2001,
,2000,
OED,2024,40700.644346174
OED,2023,40246.7434272636
OED,2022,39804.662496136
OED,2021,38777.5008307701
OED,2020,36615.9210625073
OED,2019,38231.9217156517
OED,2018,37756.2846941147
OED,2017,37096.0220627904
OED,2016,36367.1062221549
OED,2015,35931.9232791311
OED,2014,35262.5460710348
OED,2013,34700.9892249754
OED,2012,34347.4370080791
OED,2011,34082.4870465138
OED,2010,33643.2480011289
OED,2009,32893.8945245987
OED,2008,34298.2304550223
OED,2007,34431.7209417636
OED,2006,33783.1305010851
OED,2005,33018.6989832915
OED,2004,32329.4490211008
OED,2003,31536.7882697534
OED,2002,31136.4281024789
OED,2001,30890.1307171384
OED,2000,30690.4774888104
OSS,2024,12591.7678646757
OSS,2023,12357.3872788898
OSS,2022,12090.2779307406
OSS,2021,11725.9484104048
OSS,2020,10967.167100197
OSS,2019,11766.3686894514
OSS,2018,11423.9568368891
OSS,2017,11078.920682682
OSS,2016,10667.3498101902
OSS,2015,10359.1167773921
OSS,2014,10136.4144598495
OSS,2013,10035.6505283227
OSS,2012,10062.238765035
OSS,2011,10048.9525362804
OSS,2010,9827.79279523027
OSS,2009,9697.48344356645
OSS,2008,10341.1289954056
OSS,2007,10374.8445722028
OSS,2006,9957.08940870811
OSS,2005,9484.43695184372
OSS,2004,9162.0135054625
OSS,2003,8857.86466448506
OSS,2002,8607.0452021325
OSS,2001,8462.07721821462
OSS,2000,8345.85013891228
PSS,2024,3983.82503549085
PSS,2023,3890.39488708922
PSS,2022,3673.22544665674
PSS,2021,3430.07442035851
PSS,2020,3563.03524602951
PSS,2019,4011.32445225678
PSS,2018,4006.76552928832
PSS,2017,3950.29303336273
PSS,2016,3851.98445284976
PSS,2015,3761.06673610832
PSS,2014,3664.67145222981
PSS,2013,3584.67594496285
PSS,2012,3517.62486668208
PSS,2011,3527.86024214419
PSS,2010,3443.97974761278
PSS,2009,3363.38936959225
PSS,2008,3413.03941195594
PSS,2007,3380.41609757067
PSS,2006,3412.7724072437
PSS,2005,3370.06060523234
PSS,2004,3326.36724848114
PSS,2003,3236.8833823393
PSS,2002,3214.36683920705
PSS,2001,3193.57852227137
PSS,2000,3208.21888491744
PST,2024,46868.8115104791
PST,2023,46338.3245846606
PST,2022,45677.3513142375
PST,2021,44440.6342345946
PST,2020,41980.2062171255
PST,2019,43829.7166795611
PST,2018,43192.4790062502
PST,2017,42376.9506490702
PST,2016,41508.8826356411
PST,2015,40960.9089975197
PST,2014,40234.9561373078
PST,2013,39581.7331829371
PST,2012,39139.8614954799
PST,2011,38818.0285097988
PST,2010,38308.9980746451
PST,2009,37403.0656560604
PST,2008,38915.530644621
PST,2007,39009.2237757324
PST,2006,38248.3840891561
PST,2005,37354.0516891453
PST,2004,36518.8922234369
PST,2003,35572.4811697497
PST,2002,35047.3561038522
PST,2001,34691.794045547
PST,2000,34342.7799306961
PRE,2024,1439.73712111225
PRE,2023,1429.18875247624
PRE,2022,1430.90365853734
PRE,2021,1402.45446054346
PRE,2020,1407.15348093823
PRE,2019,1507.8698553362
PRE,2018,1501.77325261054
PRE,2017,1503.731439286
PRE,2016,1521.02292118899
PRE,2015,1526.04099231967
PRE,2014,1523.1979782259
PRE,2013,1490.99576376132
PRE,2012,1447.56913413737
PRE,2011,1429.48857229998
PRE,2010,1413.56297929276
PRE,2009,1364.66024275943
PRE,2008,1341.14167924281
PRE,2007,1297.39935876899
PRE,2006,1256.95120061394
PRE,2005,1217.74344099826
PRE,2004,1183.42946823297
PRE,2003,1087.81145769948
PRE,2002,1127.35411491859
PRE,2001,1095.69274497162
PRE,2000,1080.12609789335
SST,2024,12794.3634985188
SST,2023,12160.0587635306
SST,2022,11682.1880704072
SST,2021,10988.3149576582
SST,2020,10333.0141438009
SST,2019,11210.5608938361
SST,2018,10991.2219783357
SST,2017,10755.3448582832
SST,2016,10529.0592324888
SST,2015,10451.9964952878
SST,2014,10328.383721223
SST,2013,10195.8863691367
SST,2012,10180.0751029745
SST,2011,10066.3427831055
SST,2010,9914.45968595479
SST,2009,9809.37789211833
SST,2008,10357.4606783297
SST,2007,10342.0337309381
SST,2006,9984.06367153864
SST,2005,9464.63468920637
SST,2004,9118.62424504978
SST,2003,8809.07593512754
SST,2002,8509.09600338007
SST,2001,8334.94332625642
SST,2000,8233.73342913905
SAS,2024,2329.35958665331
SAS,2023,2201.34248982502
SAS,2022,2079.70096039385
SAS,2021,1957.51785298129
SAS,2020,1806.99045379049
SAS,2019,1920.39706306333
SAS,2018,1863.72112635371
SAS,2017,1770.26291313502
SAS,2016,1676.35409771736
SAS,2015,1570.54142452744
SAS,2014,1475.21676492149
SAS,2013,1392.20217832083
SAS,2012,1326.51107387395
SAS,2011,1272.07513801273
SAS,2010,1222.51823005713
SAS,2009,1145.46231054376
SAS,2008,1081.29827128245
SAS,2007,1059.31634784168
SAS,2006,999.335555352338
SAS,2005,940.169908937804
SAS,2004,887.193101541892
SAS,2003,838.605352866225
SAS,2002,793.587791994034
SAS,2001,778.357238654588
SAS,2000,758.133172433103
TSA,2024,2329.35958665331
TSA,2023,2201.34248982502
TSA,2022,2079.70096039385
TSA,2021,1957.51785298129
TSA,2020,1806.99045379049
TSA,2019,1920.39706306333
TSA,2018,1863.72112635371
TSA,2017,1770.26291313502
TSA,2016,1676.35409771736
TSA,2015,1570.54142452744
TSA,2014,1475.21676492149
TSA,2013,1392.20217832083
TSA,2012,1326.51107387395
TSA,2011,1272.07513801273
TSA,2010,1222.51823005713
TSA,2009,1145.46231054376
TSA,2008,1081.29827128245
TSA,2007,1059.31634784168
TSA,2006,999.335555352338
TSA,2005,940.169908937804
TSA,2004,887.193101541892
TSA,2003,838.605352866225
TSA,2002,793.587791994034
TSA,2001,778.357238654588
TSA,2000,758.133172433103
SSF,2024,1588.93961326571
SSF,2023,1571.4055801623
SSF,2022,1568.02152788113
SSF,2021,1545.11388324435
SSF,2020,1529.91025762634
SSF,2019,1623.20798700291
SSF,2018,1624.6365666885
SSF,2017,1622.88510482914
SSF,2016,1625.38221431193
SSF,2015,1647.32085826836
SSF,2014,1644.07050150089
SSF,2013,1613.00691852166
SSF,2012,1574.72990968301
SSF,2011,1566.14176154754
SSF,2010,1543.42062336352
SSF,2009,1495.84741754789
SSF,2008,1490.82485147612
SSF,2007,1456.90044586522
SSF,2006,1410.57668732902
SSF,2005,1366.97314297454
SSF,2004,1325.18723336594
SSF,2003,1276.36045213934
SSF,2002,1259.36882961546
SSF,2001,1215.95723291217
SSF,2000,1198.41035230362
SSA,2024,1587.52608812619
SSA,2023,1570.00530365333
SSA,2022,1566.66436596342
SSA,2021,1543.83294885439
SSA,2020,1528.60209704355
SSA,2019,1621.67647915089
SSA,2018,1623.15311346717
SSA,2017,1621.43885328826
SSA,2016,1624.00199620793
SSA,2015,1646.07300085129
SSA,2014,1642.90241998613
SSA,2013,1611.85437542034
SSA,2012,1573.55554656004
SSA,2011,1564.97360700684
SSA,2010,1542.33935803034
SSA,2009,1494.78152945706
SSA,2008,1489.69620309457
SSA,2007,1455.69454438035
SSA,2006,1409.44567949082
SSA,2005,1365.91668753392
SSA,2004,1324.19883661399
SSA,2003,1275.3040078456
SSA,2002,1258.20421528528
SSA,2001,1214.76656059983
SSA,2000,1197.15229059854
TSS,2024,1588.93961326571
TSS,2023,1571.4055801623
TSS,2022,1568.02152788113
TSS,2021,1545.11388324435
TSS,2020,1529.91025762634
TSS,2019,1623.20798700291
TSS,2018,1624.6365666885
TSS,2017,1622.88510482914
TSS,2016,1625.38221431193
TSS,2015,1647.32085826836
TSS,2014,1644.07050150089
TSS,2013,1613.00691852166
TSS,2012,1574.72990968301
TSS,2011,1566.14176154754
TSS,2010,1543.42062336352
TSS,2009,1495.84741754789
TSS,2008,1490.82485147612
TSS,2007,1456.90044586522
TSS,2006,1410.57668732902
TSS,2005,1366.97314297454
TSS,2004,1325.18723336594
TSS,2003,1276.36045213934
TSS,2002,1259.36882961546
TSS,2001,1215.95723291217
TSS,2000,1198.41035230362
,2024,9814.41283901258
,2023,9448.07566849762
,2022,9057.3896482151
,2021,8773.6893792671
,2020,8191.064948597
,2019,8280.04701239745
,2018,7998.61658821282
,2017,7681.04359492421
,2016,7348.66781323555
,2015,7083.47780015619
,2014,6835.14391841545
,2013,6569.48480689983
,2012,6275.99264083172
,2011,5988.84011702199
,2010,5653.68598674602
,2009,5256.4399473687
,2008,5121.53273162959
,2007,4861.07537783062
,2006,4482.59348714912
,2005,4166.15939669108
,2004,3909.41046315501
,2003,3657.69991641844
,2002,3484.47233648938
,2001,3354.47746334374
,2000,3274.76537662932
WLD,2024,11894.2521505051
WLD,2023,11670.8224680822
WLD,2022,11452.0202124616
WLD,2021,11167.6044923385
WLD,2020,10575.2194883029
WLD,2019,10996.909518407
WLD,2018,10822.5745320636
WLD,2017,10591.5550846784
WLD,2016,10355.0449873521
WLD,2015,10191.9752512662
WLD,2014,10000.5832738734
WLD,2013,9811.02619687608
WLD,2012,9653.62748273357
WLD,2011,9514.51951048996
WLD,2010,9322.21791578106
WLD,2009,9028.22055162901
WLD,2008,9265.52655477352
WLD,2007,9191.47419679425
WLD,2006,8913.15666856363
WLD,2005,8639.35934743695
WLD,2004,8408.56458732623
WLD,2003,8151.0370050525
WLD,2002,8010.64724039979
WLD,2001,7932.44247045676
WLD,2000,7879.61788990331
AFG,2024,374.37669620849
AFG,2023,378.06630312259
AFG,2022,377.665627080705
AFG,2021,408.625855217403
AFG,2020,527.834554499306
AFG,2019,557.861533207459
AFG,2018,553.125151688293
AFG,2017,562.769574140988
AFG,2016,563.872336723147
AFG,2015,565.569730408751
AFG,2014,575.146245808546
AFG,2013,580.603833333096
AFG,2012,568.929021458341
AFG,2011,525.42698276582
AFG,2010,542.871030476037
AFG,2009,488.830652491949
AFG,2008,417.647282647498
AFG,2007,410.757728879097
AFG,2006,367.75831169358
AFG,2005,363.640141436773
AFG,2004,338.637273888197
AFG,2003,346.071627096223
AFG,2002,338.139973643387
AFG,2001,277.118051443941
AFG,2000,308.318269746638
ALB,2024,6549.23387415397
ALB,2023,6204.43525612114
ALB,2022,5867.65096230557
ALB,2021,5511.75743402862
ALB,2020,4980.61699524696
ALB,2019,5072.43648354739
ALB,2018,4893.82375538717
ALB,2017,4648.23078660658
ALB,2016,4431.55635814168
ALB,2015,4199.53912925398
ALB,2014,4045.11934884933
ALB,2013,3895.89975621942
ALB,2012,3771.84781862015
ALB,2011,3677.89457937717
ALB,2010,3579.82413181046
ALB,2009,3459.24695646692
ALB,2008,3345.98161761476
ALB,2007,3105.8796756386
ALB,2006,2894.36032580174
ALB,2005,2712.86983830331
ALB,2004,2567.29763687121
ALB,2003,2428.68934653563
ALB,2002,2297.10853513924
ALB,2001,2188.91854451375
ALB,2000,1991.91435867116
DZA,2024,4765.72900168387
DZA,2023,4660.40545687895
DZA,2022,4544.46688060372
DZA,2021,4456.74687637774
DZA,2020,4363.68533767783
DZA,2019,4672.66408678635
DZA,2018,4717.0035885361
DZA,2017,4742.90075532529
DZA,2016,4768.73140081027
DZA,2015,4685.05902729002
DZA,2014,4634.10149179952
DZA,2013,4543.23444006767
DZA,2012,4518.43978956464
DZA,2011,4501.3543013352
DZA,2010,4456.6102741643
DZA,2009,4336.10054052949
DZA,2008,4367.56538017541
DZA,2007,4339.25055772831
DZA,2006,4279.61547120827
DZA,2005,4223.60252133943
DZA,2004,4066.28204806495
DZA,2003,3945.89816094007
DZA,2002,3754.66081538446
DZA,2001,3610.00605631983
DZA,2000,3553.32420521991
ASM,2024,
ASM,2023,
ASM,2022,13709.0974895473
ASM,2021,13233.5784817341
ASM,2020,13194.274740128
ASM,2019,12524.0160252283
ASM,2018,12412.6024074562
ASM,2017,11930.7771236826
ASM,2016,12665.2829921268
ASM,2015,12727.4102651386
ASM,2014,12203.0894714284
ASM,2013,11871.7937192729
ASM,2012,12068.2667374983
ASM,2011,12521.8095058644
ASM,2010,12446.3086265015
ASM,2009,12342.0575384016
ASM,2008,12809.4633079683
ASM,2007,13092.3111393408
ASM,2006,12794.7565021718
ASM,2005,13284.2791128875
ASM,2004,13291.5356626851
ASM,2003,13201.7347516166
ASM,2002,13054.6364326897
ASM,2001,
ASM,2000,
AND,2024,41223.9924906603
AND,2023,40227.23352974
AND,2022,39780.3966130791
AND,2021,36929.0191528644
AND,2020,34536.6499222556
AND,2019,39346.275035865
AND,2018,39242.1448975099
AND,2017,39361.0622648699
AND,2016,40085.020598622
AND,2015,38654.9347217207
AND,2014,37300.6244197096
AND,2013,35684.1694347737
AND,2012,36206.9784356446
AND,2011,37637.4868342866
AND,2010,36277.2644425331
AND,2009,35604.3840098196
AND,2008,37775.1261404342
AND,2007,40789.1589697748
AND,2006,41322.0529213846
AND,2005,40528.17486238
AND,2004,40054.3211531421
AND,2003,39620.3201605161
AND,2002,38084.4843108589
AND,2001,36790.1037086022
AND,2000,34113.8173783949
AGO,2024,2798.59392792708
AGO,2023,2748.95196954248
AGO,2022,2798.01717317688
AGO,2021,2788.16737086685
AGO,2020,2847.24241578243
AGO,2019,3105.59971242672
AGO,2018,3246.87857140997
AGO,2017,3378.07588102598
AGO,2016,3505.59634681792
AGO,2015,3641.72893920253
AGO,2014,3746.81619978931
AGO,2013,3716.29718727597
AGO,2012,3682.35229323075
AGO,2011,3528.16824373698
AGO,2010,3540.79159568681
AGO,2009,3494.80724466468
AGO,2008,3559.19522512538
AGO,2007,3336.36332465491
AGO,2006,3065.05576244155
AGO,2005,2843.39663579921
AGO,2004,2583.32411461508
AGO,2003,2403.40415157242
AGO,2002,2404.97792071735
AGO,2001,2189.17352158048
AGO,2000,2172.46326718726
ATG,2024,18304.5836762037
ATG,2023,17938.3186828047
ATG,2022,17359.2674811108
ATG,2021,16084.7214406048
ATG,2020,14950.8942397208
ATG,2019,18525.2588907167
ATG,2018,18042.1596435727
ATG,2017,16992.9327495236
ATG,2016,16635.895232831
ATG,2015,16077.6340769406
ATG,2014,15967.284996712
ATG,2013,15748.1952024226
ATG,2012,15989.3900199779
ATG,2011,15633.9091131821
ATG,2010,16135.397384487
ATG,2009,17746.700856041
ATG,2008,20464.786306605
ATG,2007,20770.2689732844
ATG,2006,19259.6486517907
ATG,2005,17301.2134317518
ATG,2004,16433.4130541483
ATG,2003,15703.9347145491
ATG,2002,14968.0703013883
ATG,2001,15003.4389169034
ATG,2000,15961.0918359058
ARG,2024,12774.3506596628
ARG,2023,12993.0928872416
ARG,2022,13276.8232110189
ARG,2021,12549.2811699342
ARG,2020,11393.0505957877
ARG,2019,12706.3978108968
ARG,2018,13058.3285449954
ARG,2017,13520.1129846159
ARG,2016,13265.8860639123
ARG,2015,13679.6264980954
ARG,2014,13456.1319159151
ARG,2013,13946.0950832252
ARG,2012,13754.4254235596
ARG,2011,14040.6189124444
ARG,2010,13387.1553748458
ARG,2009,12285.3784651865
ARG,2008,13197.3570267029
ARG,2007,12811.9021206578
ARG,2006,11870.2791559298
ARG,2005,11099.7509190602
ARG,2004,10302.4465316428
ARG,2003,9545.53194119994
ARG,2002,8861.56199282278
ARG,2001,10051.9448463043
ARG,2000,10631.6503639029
ARM,2024,5378.31799981682
ARM,2023,5197.23509013575
ARM,2022,4791.00481712183
ARM,2021,4264.79961505187
ARM,2020,4032.09043454955
ARM,2019,4343.45839583019
ARM,2018,4027.83393010979
ARM,2017,3815.3747426037
ARM,2016,3533.88503607007
ARM,2015,3512.39350276709
ARM,2014,3393.09252326884
ARM,2013,3266.29882999873
ARM,2012,3159.75860786889
ARM,2011,2943.83687119315
ARM,2010,2796.08143428043
ARM,2009,2716.97436280471
ARM,2008,3141.33193500774
ARM,2007,2919.3734936373
ARM,2006,2551.43546358452
ARM,2005,2240.09273209788
ARM,2004,1955.22262459229
ARM,2003,1759.64684829386
ARM,2002,1535.20452885187
ARM,2001,1351.12072694555
ARM,2000,1229.21510436102
ABW,2024,33938.9541769192
ABW,2023,31963.0764505349
ABW,2022,29198.9903584827
ABW,2021,26303.0397202375
ABW,2020,22718.2294445007
ABW,2019,29700.3634670565
ABW,2018,29419.208623316
ABW,2017,28548.8904317739
ABW,2016,27587.2498040483
ABW,2015,27458.2201537506
ABW,2014,26773.8229102391
ABW,2013,26680.1411206342
ABW,2012,25444.7336646687
ABW,2011,26093.0542083227
ABW,2010,25429.2180974853
ABW,2009,26204.0597361984
ABW,2008,29870.6648077005
ABW,2007,29556.8384686554
ABW,2006,28885.9118700469
ABW,2005,29081.7066997897
ABW,2004,29959.7748189582
ABW,2003,28525.8077063839
ABW,2002,28535.4639480222
ABW,2001,29007.7386958774
ABW,2000,28104.8954362859
AUS,2024,61486.38147544
AUS,2023,61869.082498576
AUS,2022,61200.4588964781
AUS,2021,59465.535671364
AUS,2020,58377.7670517802
AUS,2019,59181.2997904131
AUS,2018,58772.7063152213
AUS,2017,57991.771347333
AUS,2016,57632.9995925594
AUS,2015,56970.3613028094
AUS,2014,56571.8062524437
AUS,2013,55966.1509270561
AUS,2012,55465.4462872577
AUS,2011,54296.2321324814
AUS,2010,53768.349733441
AUS,2009,53430.5274781651
AUS,2008,53497.275355342
AUS,2007,52671.325846724
AUS,2006,51682.8925230537
AUS,2005,50972.640519744
AUS,2004,50018.5904483861
AUS,2003,48509.6632180363
AUS,2002,47599.4079289312
AUS,2001,46314.6235297968
AUS,2000,45979.0765654048
AUT,2024,45958.8250071261
AUT,2023,46497.9114640341
AUT,2022,47332.4240357971
AUT,2021,45368.6434337368
AUT,2020,43428.6983137234
AUT,2019,46550.5622459492
AUT,2018,45951.5819164034
AUT,2017,45056.6385912412
AUT,2016,44362.6702805116
AUT,2015,43915.228020857
AUT,2014,43838.8345892137
AUT,2013,43851.3675497404
AUT,2012,44221.4599530893
AUT,2011,44146.1956805294
AUT,2010,43035.4073531933
AUT,2009,42372.4758254763
AUT,2008,44063.8642019916
AUT,2007,43568.8302243941
AUT,2006,42120.1557002022
AUT,2005,40989.0131778975
AUT,2004,40333.3307183894
AUT,2003,39569.2885567329
AUT,2002,39313.7225107545
AUT,2001,38929.753800545
AUT,2000,38571.0858780001
AZE,2024,5876.03295533913
AZE,2023,5668.61021317029
AZE,2022,5599.58524971025
AZE,2021,5349.58226071425
AZE,2020,5087.50022783627
AZE,2019,5346.95318604114
AZE,2018,5261.92938234432
AZE,2017,5229.25259993413
AZE,2016,5272.71817141861
AZE,2015,5500.50364628486
AZE,2014,5508.60265612676
AZE,2013,5425.99559780578
AZE,2012,5193.17501119552
AZE,2011,5149.20665913206
AZE,2010,5300.11048729062
AZE,2009,5118.43395494687
AZE,2008,4778.12452736673
AZE,2007,4412.20326117932
AZE,2006,3556.83212858133
AZE,2005,2674.3688564996
AZE,2004,2111.4533834475
AZE,2003,1949.60608417331
AZE,2002,1782.47319183639
AZE,2001,1640.93664540398
AZE,2000,1504.73106706035
BHS,2024,33968.2032187918
BHS,2023,33009.645615121
BHS,2022,32186.4575039237
BHS,2021,29114.0597726386
BHS,2020,24791.6704945106
BHS,2019,31117.6299132391
BHS,2018,31537.2423841956
BHS,2017,30974.7477261317
BHS,2016,30152.1619246021
BHS,2015,30719.405417469
BHS,2014,30658.5344563722
BHS,2013,30368.2631244189
BHS,2012,31553.4919490645
BHS,2011,30492.6738528071
BHS,2010,30657.4319059659
BHS,2009,30581.3342198488
BHS,2008,32331.8246135092
BHS,2007,33549.3360007274
BHS,2006,33541.850748701
BHS,2005,33144.7878790275
BHS,2004,32444.0739567569
BHS,2003,32559.311554898
BHS,2002,33374.602685914
BHS,2001,32870.0918307285
BHS,2000,32424.7271786716
BHR,2024,25886.2393152311
BHR,2023,25342.6226641572
BHR,2022,25234.40256182
BHR,2021,24086.7847803428
BHR,2020,23586.9309581516
BHR,2019,24873.6640060134
BHR,2018,24059.7838641562
BHR,2017,23606.8867501313
BHR,2016,23715.2791328712
BHR,2015,23734.0551143019
BHR,2014,24135.4991304849
BHR,2013,24271.6278814506
BHR,2012,23894.8804447088
BHR,2011,23288.0449398313
BHR,2010,22224.0736166249
BHR,2009,22206.9371985225
BHR,2008,23127.2148040048
BHR,2007,23112.4888058398
BHR,2006,23095.0181330228
BHR,2005,23439.6704353038
BHR,2004,23688.1121059225
BHR,2003,23857.6403579769
BHR,2002,24149.0156013799
BHR,2001,25106.2869742612
BHR,2000,25407.9694054552
BGD,2024,1941.27874360025
BGD,2023,1885.37733613545
BGD,2022,1804.3493461776
BGD,2021,1702.08028414189
BGD,2020,1604.6659234742
BGD,2019,1564.20802445636
BGD,2018,1462.25050255713
BGD,2017,1373.75363740186
BGD,2016,1299.83091360792
BGD,2015,1224.38647668165
BGD,2014,1159.40753475981
BGD,2013,1103.15695907123
BGD,2012,1050.39140404066
BGD,2011,995.579947155662
BGD,2010,943.66422864236
BGD,2009,901.729626251937
BGD,2008,866.45815762135
BGD,2007,825.508229964537
BGD,2006,779.419570444998
BGD,2005,739.203718353409
BGD,2004,702.656357081873
BGD,2003,676.826252046427
BGD,2002,655.672139362272
BGD,2001,641.288922876274
BGD,2000,620.560472822105
BRB,2024,22421.5333611295
BRB,2023,21701.2660270701
BRB,2022,21315.9363255517
BRB,2021,18395.6153622073
BRB,2020,17056.9868669781
BRB,2019,20687.6467427909
BRB,2018,20674.3547847984
BRB,2017,20766.5518491129
BRB,2016,20673.7682337375
BRB,2015,20429.4747123553
BRB,2014,20636.0327188055
BRB,2013,20521.1209928514
BRB,2012,20534.8825878653
BRB,2011,21200.1949825923
BRB,2010,21285.0039393558
BRB,2009,23250.8017659349
BRB,2008,24605.4523230752
BRB,2007,24579.0897752594
BRB,2006,24193.1384344674
BRB,2005,22918.5438028595
BRB,2004,22162.6344048607
BRB,2003,21979.2923230027
BRB,2002,21643.8964907973
BRB,2001,21615.8003391727
BRB,2000,22170.0846712974
BLR,2024,6814.34443423546
BLR,2023,6497.78450683592
BLR,2022,6206.61909685419
BLR,2021,6457.73053706343
BLR,2020,6251.98898968645
BLR,2019,6267.73508743505
BLR,2018,6165.91320019277
BLR,2017,5964.89668834561
BLR,2016,5811.20159182547
BLR,2015,5967.05595058777
BLR,2014,6212.91667418659
BLR,2013,6115.43288098707
BLR,2012,6052.6373706236
BLR,2011,5941.68999156239
BLR,2010,5616.0941173307
BLR,2009,5200.77418555423
BLR,2008,5177.64534775676
BLR,2007,4682.20676719042
BLR,2006,4291.68647163264
BLR,2005,3877.71738911289
BLR,2004,3520.40452642524
BLR,2003,3137.26261430575
BLR,2002,2910.39937484153
BLR,2001,2753.0336970697
BLR,2000,2615.36376799462
BEL,2024,45019.6989654607
BEL,2023,44828.2274521244
BEL,2022,44516.002160801
BEL,2021,43140.9676652971
BEL,2020,40769.0218072962
BEL,2019,43006.4042308863
BEL,2018,42208.3625650272
BEL,2017,41619.328629169
BEL,2016,41172.8862831209
BEL,2015,40893.804537772
BEL,2014,40533.9135027898
BEL,2013,40007.8997891411
BEL,2012,40074.492800399
BEL,2011,40236.9596308558
BEL,2010,39991.5646206286
BEL,2009,39293.637546825
BEL,2008,40380.9075004042
BEL,2007,40520.0843207009
BEL,2006,39371.0858277448
BEL,2005,38645.2605193362
BEL,2004,37976.6972967442
BEL,2003,36826.2699296094
BEL,2002,36600.862592332
BEL,2001,36148.2880924306
BEL,2000,35878.3153586195
BLZ,2024,6290.49294452749
BLZ,2023,6165.69414825936
BLZ,2022,6262.56088273674
BLZ,2021,5839.40157956017
BLZ,2020,5006.48453276935
BLZ,2019,5864.14611827109
BLZ,2018,5707.61059954436
BLZ,2017,5767.61921963762
BLZ,2016,6012.21296983668
BLZ,2015,6154.62264230369
BLZ,2014,6116.49578852783
BLZ,2013,6013.07879895362
BLZ,2012,5902.74234696881
BLZ,2011,5802.24344531492
BLZ,2010,5937.75398343789
BLZ,2009,5997.68447156383
BLZ,2008,6187.95885023655
BLZ,2007,6465.82885846045
BLZ,2006,6435.58767337678
BLZ,2005,6337.12389222378
BLZ,2004,6383.07432412662
BLZ,2003,6274.47428279313
BLZ,2002,5895.15235037898
BLZ,2001,5764.99055491104
BLZ,2000,5663.64632374973
BEN,2024,1324.78312597434
BEN,2023,1263.62158336368
BEN,2022,1218.49668929091
BEN,2021,1176.37727637273
BEN,2020,1126.65404122154
BEN,2019,1114.17304526443
BEN,2018,1071.50452156932
BEN,2017,1032.90471194182
BEN,2016,1006.03926633023
BEN,2015,1002.41886879614
BEN,2014,1014.4330062135
BEN,2013,982.399206290516
BEN,2012,943.918771531001
BEN,2011,927.716412836707
BEN,2010,928.246655329144
BEN,2009,936.565651071554
BEN,2008,943.203380303862
BEN,2007,926.740113754071
BEN,2006,900.62053578735
BEN,2005,893.91536869992
BEN,2004,907.624431209378
BEN,2003,896.146763201736
BEN,2002,893.137100961634
BEN,2001,879.854463773645
BEN,2000,861.213292013209
BMU,2024,116513.536565041
BMU,2023,114244.681047132
BMU,2022,109412.251159598
BMU,2021,103130.365845318
BMU,2020,98846.4458079644
BMU,2019,106709.881238843
BMU,2018,106843.163739391
BMU,2017,107734.608357327
BMU,2016,104190.876720334
BMU,2015,104855.366822135
BMU,2014,103941.982606956
BMU,2013,107860.394791964
BMU,2012,108040.575659203
BMU,2011,113937.835700983
BMU,2010,118382.908990645
BMU,2009,121727.584908744
BMU,2008,129525.177139097
BMU,2007,132595.482654866
BMU,2006,128662.931924261
BMU,2005,122143.799577518
BMU,2004,120432.12052555
BMU,2003,118018.831592635
BMU,2002,114574.433608566
BMU,2001,116809.925253071
BMU,2000,109502.763102809
BTN,2024,3717.21053114706
BTN,2023,3480.51388523184
BTN,2022,3349.73309632799
BTN,2021,3206.20366997254
BTN,2020,3092.12428399363
BTN,2019,3467.38598979356
BTN,2018,3300.55006461736
BTN,2017,3211.80903275593
BTN,2016,3173.36773217431
BTN,2015,2954.04081911097
BTN,2014,2797.81883971908
BTN,2013,2671.07460201171
BTN,2012,2654.74798946027
BTN,2011,2552.48871073094
BTN,2010,2378.72810760985
BTN,2009,2148.56480375034
BTN,2008,2017.76018913403
BTN,2007,1952.25734603779
BTN,2006,1701.11878173586
BTN,2005,1632.02169500573
BTN,2004,1552.73915195801
BTN,2003,1506.4152751782
BTN,2002,1427.25693317315
BTN,2001,1321.09878230279
BTN,2000,1259.6237645235
BOL,2024,3045.61476620329
BOL,2023,3122.77049466223
BOL,2022,3088.24126173436
BOL,2021,3011.55110825301
BOL,2020,2765.09271788602
BOL,2019,3207.38695231128
BOL,2018,3204.53670838005
BOL,2017,3160.16421247588
BOL,2016,3077.57057582774
BOL,2015,2996.01289811344
BOL,2014,2900.90241571477
BOL,2013,2793.51457124054
BOL,2012,2657.2388497837
BOL,2011,2568.52051674406
BOL,2010,2481.4070083834
BOL,2009,2422.57579380245
BOL,2008,2383.25032547517
BOL,2007,2283.42733535297
BOL,2006,2221.42722588941
BOL,2005,2156.18670353603
BOL,2004,2099.9908107392
BOL,2003,2050.07133419082
BOL,2002,2029.66993705968
BOL,2001,2013.84581094568
BOL,2000,2014.19024634132
BIH,2024,6746.95366547249
BIH,2023,6493.32400514463
BIH,2022,6327.16206849174
BIH,2021,5995.54197590494
BIH,2020,5490.75366635139
BIH,2019,5583.29721276458
BIH,2018,5360.25201017633
BIH,2017,5099.81602856447
BIH,2016,4876.53471495633
BIH,2015,4662.25869219448
BIH,2014,4412.67617817734
BIH,2013,4306.73175072214
BIH,2012,4139.91732773657
BIH,2011,4094.25329541877
BIH,2010,3981.20985692032
BIH,2009,3877.53540078456
BIH,2008,3929.03297717336
BIH,2007,3665.08966529499
BIH,2006,3419.75887457192
BIH,2005,3217.81341615345
BIH,2004,3063.83543448936
BIH,2003,2855.68314939849
BIH,2002,2743.13878615838
BIH,2001,2617.18230350812
BIH,2000,2567.34137094619
BWA,2024,6952.34770386661
BWA,2023,7269.05170664457
BWA,2022,7159.5860618268
BWA,2021,6895.91184943107
BWA,2020,6254.24806241091
BWA,2019,6951.73189051146
BWA,2018,6843.84612027739
BWA,2017,6662.57644805467
BWA,2016,6490.83463593483
BWA,2015,6141.20394726616
BWA,2014,6547.12254115892
BWA,2013,6284.97678002618
BWA,2012,5742.91924452636
BWA,2011,5850.07858575461
BWA,2010,5584.5034321846
BWA,2009,5179.4138607146
BWA,2008,6158.61629368051
BWA,2007,6085.6354476126
BWA,2006,5865.00026521361
BWA,2005,5514.21742664705
BWA,2004,5369.42516766112
BWA,2003,5320.440295139
BWA,2002,5175.47655317231
BWA,2001,4971.96371794188
BWA,2000,5062.64289173588
BRA,2024,9566.74518687619
BRA,2023,9288.02701470069
BRA,2022,9032.08481566299
BRA,2021,8799.22945810901
BRA,2020,8435.01143254978
BRA,2019,8771.44051292177
BRA,2018,8722.33630317935
BRA,2017,8628.25308908043
BRA,2016,8577.84376650911
BRA,2015,8936.19661712113
BRA,2014,9338.34278278114
BRA,2013,9366.73932434359
BRA,2012,9167.49923929815
BRA,2011,9067.99316348047
BRA,2010,8792.63436120342
BRA,2009,8246.09706995094
BRA,2008,8330.76459841304
BRA,2007,8003.25413096047
BRA,2006,7622.04007133264
BRA,2005,7409.56913232718
BRA,2004,7258.78185165912
BRA,2003,6941.4404574508
BRA,2002,6944.62337495755
BRA,2001,6823.03396999891
BRA,2000,6817.784240857
VGB,2024,
VGB,2023,
VGB,2022,
VGB,2021,
VGB,2020,
VGB,2019,
VGB,2018,
VGB,2017,
VGB,2016,
VGB,2015,
VGB,2014,
VGB,2013,
VGB,2012,
VGB,2011,
VGB,2010,
VGB,2009,
VGB,2008,
VGB,2007,
VGB,2006,
VGB,2005,
VGB,2004,
VGB,2003,
VGB,2002,
VGB,2001,
VGB,2000,
BRN,2024,29563.8682753082
BRN,2023,28645.9645396284
BRN,2022,28549.1756060465
BRN,2021,29256.1833678343
BRN,2020,30015.9588506697
BRN,2019,29996.2407223175
BRN,2018,29200.1952024222
BRN,2017,29524.65912789
BRN,2016,29492.4145927789
BRN,2015,30625.1287744656
BRN,2014,31148.7297405401
BRN,2013,32381.0739795231
BRN,2012,33544.5389457877
BRN,2011,33754.3640783713
BRN,2010,33121.3178241724
BRN,2009,32855.6021602466
BRN,2008,34126.6941563969
BRN,2007,36174.516515486
BRN,2006,38229.3565684183
BRN,2005,37312.2778797122
BRN,2004,37948.6590825194
BRN,2003,38595.1688513702
BRN,2002,37976.2627573601
BRN,2001,37269.3099216587
BRN,2000,37509.5983847742
BGR,2024,10127.4152566236
BGR,2023,9787.76510584614
BGR,2022,9598.35828571579
BGR,2021,9161.94541759347
BGR,2020,8440.51416964556
BGR,2019,8626.5750265742
BGR,2018,8194.79296320014
BGR,2017,7899.11056589871
BGR,2016,7586.89174668116
BGR,2015,7269.02586513711
BGR,2014,6941.37319825776
BGR,2013,6793.08253592745
BGR,2012,6693.76983060797
BGR,2011,6605.64616736859
BGR,2010,6429.04599233108
BGR,2009,6289.04666609216
BGR,2008,6465.05231071194
BGR,2007,6049.05136726418
BGR,2006,5630.08907245392
BGR,2005,5231.60538607098
BGR,2004,4850.11917184577
BGR,2003,4519.415326977
BGR,2002,4260.62251956893
BGR,2001,3937.90285118373
BGR,2000,3718.11895993863
BFA,2024,764.082625588818
BFA,2023,745.405334618409
BFA,2022,740.306319930259
BFA,2021,745.472563435144
BFA,2020,713.8421779224
BFA,2019,717.021595096634
BFA,2018,694.492813126351
BFA,2017,669.276310328333
BFA,2016,648.420480176012
BFA,2015,630.124750752312
BFA,2014,624.576885187665
BFA,2013,616.741331164082
BFA,2012,600.731343697818
BFA,2011,581.603658737407
BFA,2010,561.847221302489
BFA,2009,533.470084831931
BFA,2008,533.471299938288
BFA,2007,519.26101218434
BFA,2006,514.113131757062
BFA,2005,499.192797571217
BFA,2004,474.086412333459
BFA,2003,468.263047790124
BFA,2002,448.128856317091
BFA,2001,442.914122870048
BFA,2000,428.309796566198
BDI,2024,268.700857389911
BDI,2023,264.84330794512
BDI,2022,263.587550049119
BDI,2021,264.682651658422
BDI,2020,263.463876362597
BDI,2019,270.411005710809
BDI,2018,267.508692172687
BDI,2017,261.725839287239
BDI,2016,258.061970804063
BDI,2015,254.402585226788
BDI,2014,261.296721752002
BDI,2013,259.311117203355
BDI,2012,256.180393931874
BDI,2011,254.242110648215
BDI,2010,253.308577749924
BDI,2009,252.582019875886
BDI,2008,256.012461554496
BDI,2007,254.311725516331
BDI,2006,255.105582251925
BDI,2005,250.878933475935
BDI,2004,258.050009115333
BDI,2003,255.500823385612
BDI,2002,266.968141648342
BDI,2001,262.913885774384
BDI,2000,264.154407180223
CPV,2024,4438.38741931171
CPV,2023,4168.67748407593
CPV,2022,3997.76763250653
CPV,2021,3471.6553421786
CPV,2020,3255.93628984058
CPV,2019,4115.90283469406
CPV,2018,3853.67940035241
CPV,2017,3719.71306047915
CPV,2016,3560.1400729534
CPV,2015,3415.06266730931
CPV,2014,3383.8422809791
CPV,2013,3361.09387702205
CPV,2012,3341.7421054836
CPV,2011,3309.20121643898
CPV,2010,3194.61667734233
CPV,2009,3159.58698693977
CPV,2008,3238.44159287498
CPV,2007,3056.97102851154
CPV,2006,2683.83943856892
CPV,2005,2514.16779255327
CPV,2004,2379.79636224135
CPV,2003,2186.89500422765
CPV,2002,2127.70872296502
CPV,2001,2051.21733888102
CPV,2000,2037.31720912714
KHM,2024,2183.55682401667
KHM,2023,2085.05748462122
KHM,2022,2011.27433313262
KHM,2021,1938.76436741728
KHM,2020,1908.63427518336
KHM,2019,2008.32094006706
KHM,2018,1884.28374817086
KHM,2017,1753.93530504662
KHM,2016,1645.46671578126
KHM,2015,1547.32010444393
KHM,2014,1464.53115866927
KHM,2013,1376.29557595926
KHM,2012,1295.25271477893
KHM,2011,1221.38839852454
KHM,2010,1155.85236856699
KHM,2009,1117.25834194514
KHM,2008,1090.57475806147
KHM,2007,1030.23117620792
KHM,2006,947.065220050691
KHM,2005,866.340290123209
KHM,2004,775.847139030978
KHM,2003,719.333494240509
KHM,2002,662.188341283454
KHM,2001,632.833573980849
KHM,2000,598.561915252147
CMR,2024,1480.73097431993
CMR,2023,1468.17837007337
CMR,2022,1458.66180431693
CMR,2021,1443.57600237663
CMR,2020,1434.51913723409
CMR,2019,1470.31785276187
CMR,2018,1461.01969999317
CMR,2017,1444.90682916573
CMR,2016,1435.61830727839
CMR,2015,1415.00009710569
CMR,2014,1381.81938454907
CMR,2013,1347.2130636706
CMR,2012,1319.66961634054
CMR,2011,1297.3064962694
CMR,2010,1290.9013745759
CMR,2009,1290.89961351149
CMR,2008,1295.02211276052
CMR,2007,1295.73067471287
CMR,2006,1277.32990712342
CMR,2005,1264.74345218659
CMR,2004,1271.74326874167
CMR,2003,1221.09446141454
CMR,2002,1189.96707897027
CMR,2001,1169.92670464984
CMR,2000,1151.27689302947
CAN,2024,45061.3864587285
CAN,2023,45495.5100892605
CAN,2022,45883.0058941892
CAN,2021,44639.2381171993
CAN,2020,42366.1710935265
CAN,2019,45100.336805859
CAN,2018,44907.3887994469
CAN,2017,44339.4332217878
CAN,2016,43551.3863558236
CAN,2015,43594.2379080706
CAN,2014,43643.2794910996
CAN,2013,42851.2135876232
CAN,2012,42320.6856530018
CAN,2011,42043.6842044008
CAN,2010,41164.3812486578
CAN,2009,40376.4559330928
CAN,2008,42067.610977795
CAN,2007,42106.9147186165
CAN,2006,41663.5541588166
CAN,2005,41006.264144024
CAN,2004,40108.7990262916
CAN,2003,39270.0629084669
CAN,2002,38921.7064054514
CAN,2001,38200.4945025395
CAN,2000,37906.89821012
CYM,2024,84381.4731440521
CYM,2023,82906.5454943954
CYM,2022,79942.1196290248
CYM,2021,77259.6331096058
CYM,2020,75199.6446006284
CYM,2019,80714.5718222987
CYM,2018,79305.769672996
CYM,2017,77717.1752058822
CYM,2016,77031.8643873625
CYM,2015,76379.2095108681
CYM,2014,76104.6215727416
CYM,2013,76038.879554035
CYM,2012,77074.3890872511
CYM,2011,78233.0187551876
CYM,2010,79483.0972813604
CYM,2009,84001.4215657607
CYM,2008,93115.3168416314
CYM,2007,96202.7379415493
CYM,2006,96066.6290832355
CYM,2005,
CYM,2004,
CYM,2003,
CYM,2002,
CYM,2001,
CYM,2000,
CAF,2024,389.938307964229
CAF,2023,397.467795750451
CAF,2022,398.91539795642
CAF,2021,396.020622931961
CAF,2020,398.834274122139
CAF,2019,401.82582161435
CAF,2018,395.020015455909
CAF,2017,387.35795131742
CAF,2016,376.858254120398
CAF,2015,366.322853938121
CAF,2014,351.561554911625
CAF,2013,349.821171688973
CAF,2012,553.729578314912
CAF,2011,532.38295493852
CAF,2010,519.141456408484
CAF,2009,492.215398914836
CAF,2008,450.313616886022
CAF,2007,450.762785401893
CAF,2006,439.294330902768
CAF,2005,427.968043155237
CAF,2004,433.825227770233
CAF,2003,418.240532289858
CAF,2002,452.808702217035
CAF,2001,446.658634192083
CAF,2000,437.168928414826
TCD,2024,855.999353179333
TCD,2023,856.985507283698
TCD,2022,862.602128172536
TCD,2021,857.52763057976
TCD,2020,884.980541934939
TCD,2019,917.203710060136
TCD,2018,898.834794005046
TCD,2017,879.075895464417
TCD,2016,923.565872051196
TCD,2015,993.990730610869
TCD,2014,993.321157706456
TCD,2013,1008.61711428961
TCD,2012,1016.42152061942
TCD,2011,965.286963559567
TCD,2010,956.953018707396
TCD,2009,871.485311278207
TCD,2008,916.08727463451
TCD,2007,920.35281567764
TCD,2006,914.21066458867
TCD,2005,952.871910087319
TCD,2004,845.518131165737
TCD,2003,661.55691667897
TCD,2002,600.171451974963
TCD,2001,572.806706826392
TCD,2000,530.600331266396
CHI,2024,
CHI,2023,69818.1528119104
CHI,2022,67508.9385276664
CHI,2021,64267.6930018122
CHI,2020,58636.7036143365
CHI,2019,64594.5213908684
CHI,2018,63859.9826096615
CHI,2017,63393.3938698644
CHI,2016,62434.1859444218
CHI,2015,61847.8212238857
CHI,2014,61892.8083445708
CHI,2013,60780.669022098
CHI,2012,60861.9006460501
CHI,2011,65006.4871287216
CHI,2010,64722.9832990297
CHI,2009,67617.8205403696
CHI,2008,
CHI,2007,
CHI,2006,
CHI,2005,
CHI,2004,
CHI,2003,
CHI,2002,
CHI,2001,
CHI,2000,
CHL,2024,14616.9287938028
CHL,2023,14294.7106635595
CHL,2022,14275.4094646211
CHL,2021,14056.251601955
CHL,2020,12680.7761524378
CHL,2019,13631.9284885172
CHL,2018,13763.0068844795
CHL,2017,13473.3458532934
CHL,2016,13505.097711133
CHL,2015,13433.9202987032
CHL,2014,13285.9540361192
CHL,2013,13182.7329619856
CHL,2012,12882.834417927
CHL,2011,12252.8441074615
CHL,2010,11649.2897090856
CHL,2009,11116.4093443103
CHL,2008,11356.0922105983
CHL,2007,11051.3450717678
CHL,2006,10611.6144012877
CHL,2005,10104.4208391373
CHL,2004,9642.37478651228
CHL,2003,9130.7842621819
CHL,2002,8810.69052712257
CHL,2001,8632.0148244056
CHL,2000,8465.35303258864
CHN,2024,13119.1076099516
CHN,2023,12483.9791101249
CHN,2022,11830.298767861
CHN,2021,11469.3174514512
CHN,2020,10573.3794064211
CHN,2019,10356.2924890582
CHN,2018,9798.57890566402
CHN,2017,9221.35045639842
CHN,2016,8679.22528805041
CHN,2015,8175.33285077393
CHN,2014,7686.37369520403
CHN,2013,7197.937319496
CHN,2012,6723.09003744607
CHN,2011,6275.71634288814
CHN,2010,5764.65012366375
CHN,2009,5237.78809982377
CHN,2008,4811.34486346262
CHN,2007,4409.69709445986
CHN,2006,3883.27464370816
CHN,2005,3465.72767067642
CHN,2004,3127.91444892337
CHN,2003,2856.85053293219
CHN,2002,2610.66275070444
CHN,2001,2405.99411858042
CHN,2000,2237.30047918692
COL,2024,6865.31283944628
COL,2023,6837.37392084534
COL,2022,6856.72590505374
COL,2021,6457.16921807086
COL,2020,5891.95523215403
COL,2019,6439.96359812647
COL,2018,6353.5464285392
COL,2017,6309.67745292518
COL,2016,6316.07067782542
COL,2015,6248.51490534512
COL,2014,6121.83982019825
COL,2013,5910.80592301166
COL,2012,5675.75617978305
COL,2011,5517.1011086899
COL,2010,5214.24547620131
COL,2009,5046.97121757727
COL,2008,5048.57187245249
COL,2007,4947.25260813108
COL,2006,4694.03442939175
COL,2005,4457.27537460443
COL,2004,4311.91591255233
COL,2003,4154.17528523618
COL,2002,4058.28493578738
COL,2001,4020.50789754842
COL,2000,4016.80951748167
COM,2024,1402.52614298112
COM,2023,1383.64201759575
COM,2022,1366.9513495529
COM,2021,1360.32663361462
COM,2020,1359.7070891825
COM,2019,1389.36488014859
COM,2018,1391.84570443267
COM,2017,1369.41180275963
COM,2016,1345.6261652831
COM,2015,1329.37048235986
COM,2014,1342.3295858321
COM,2013,1343.54683280656
COM,2012,1313.58187559666
COM,2011,1299.11093449408
COM,2010,1272.60716208007
COM,2009,1250.90237145763
COM,2008,1235.97280465287
COM,2007,1212.6966173611
COM,2006,1227.24669435092
COM,2005,1274.61470948066
COM,2004,1231.14779946851
COM,2003,1216.98069479509
COM,2002,1217.11534330128
COM,2001,1188.50139049127
COM,2000,1150.82871091807
COD,2024,554.117609962628
COD,2023,539.45912637913
COD,2022,513.512704372167
COD,2021,485.160805929784
COD,2020,470.852950000929
COD,2019,482.524295129472
COD,2018,495.312105711027
COD,2017,482.854682128541
COD,2016,480.461377880475
COD,2015,495.826633014883
COD,2014,481.830241883776
COD,2013,464.526715460494
COD,2012,408.966232816288
COD,2011,389.119308449762
COD,2010,403.722373878525
COD,2009,383.726254541217
COD,2008,393.640517898615
COD,2007,377.62283005586
COD,2006,358.454382275579
COD,2005,351.708486411683
COD,2004,341.714925752766
COD,2003,329.709536541877
COD,2002,321.547848189305
COD,2001,322.033920026494
COD,2000,339.52682222416
COG,2024,1671.7266018229
COG,2023,1677.08549205924
COG,2022,1686.00234391385
COG,2021,1701.79060456872
COG,2020,1725.51040049963
COG,2019,1885.51080877731
COG,2018,1909.9560382117
COG,2017,2003.27121075187
COG,2016,2174.19310251224
COG,2015,2439.35189403696
COG,2014,2488.68118548992
COG,2013,2390.65754938662
COG,2012,2467.06102906839
COG,2011,2307.49384399715
COG,2010,2332.28508055953
COG,2009,2211.31572382028
COG,2008,2061.55829880574
COG,2007,2004.10103961966
COG,2006,2226.0233547376
COG,2005,2140.03686200251
COG,2004,2058.88402946896
COG,2003,2058.88683675038
COG,2002,2100.16876714574
COG,2001,2056.16505922617
COG,2000,2057.01922023551
CRI,2024,15052.9149924743
CRI,2023,14531.5005137466
CRI,2022,13931.8461614764
CRI,2021,13267.2549508035
CRI,2020,12322.2359458534
CRI,2019,12944.013449341
CRI,2018,12708.8042828359
CRI,2017,12468.5654849336
CRI,2016,12084.4351419988
CRI,2015,11714.7106121672
CRI,2014,11422.6735972442
CRI,2013,11151.1437937744
CRI,2012,11001.5193084396
CRI,2011,10612.4694960426
CRI,2010,10285.0856777667
CRI,2009,9883.67568633785
CRI,2008,10104.9092352005
CRI,2007,9779.51150221827
CRI,2006,9160.29437313379
CRI,2005,8655.33967667373
CRI,2004,8445.52917577429
CRI,2003,8207.45747826141
CRI,2002,7989.55926106105
CRI,2001,7854.23397563819
CRI,2000,7726.51985617467
CIV,2024,2395.65916961845
CIV,2023,2315.36434710324
CIV,2022,2227.08197820584
CIV,2021,2146.46047529012
CIV,2020,2055.08483996432
CIV,2019,2093.09994335779
CIV,2018,2013.32307598499
CIV,2017,1972.81431788947
CIV,2016,1889.27777949938
CIV,2015,1814.71855088017
CIV,2014,1742.53693001178
CIV,2013,1632.32712787006
CIV,2012,1503.43433046682
CIV,2011,1426.46463864534
CIV,2010,1540.52927270246
CIV,2009,1473.9183699329
CIV,2008,1454.62731800082
CIV,2007,1420.1738958245
CIV,2006,1437.77453798586
CIV,2005,1431.73320203111
CIV,2004,1451.86547141894
CIV,2003,1441.58801755037
CIV,2002,1551.27925902838
CIV,2001,1636.57318705218
CIV,2000,1717.95385651231
HRV,2024,17854.3262648378
HRV,2023,17225.4504515697
HRV,2022,16618.3333786183
HRV,2021,15395.2861605128
HRV,2020,13545.7402289427
HRV,2019,14641.8735578488
HRV,2018,14061.0597402919
HRV,2017,13485.3711360576
HRV,2016,12848.473748279
HRV,2015,12283.8750299177
HRV,2014,11862.7815706266
HRV,2013,11838.4554388595
HRV,2012,11780.5853491253
HRV,2011,11993.1337166457
HRV,2010,11965.1414956676
HRV,2009,12099.7045228367
HRV,2008,12970.5143712302
HRV,2007,12718.2002498979
HRV,2006,12104.2947219361
HRV,2005,11522.944604729
HRV,2004,11059.1274155158
HRV,2003,10619.3351874985
HRV,2002,10062.0602516769
HRV,2001,9515.92714476421
HRV,2000,8880.47789126428
CUB,2024,7381.39774048869
CUB,2023,7433.42885399674
CUB,2022,7552.33152218842
CUB,2021,7379.04275283674
CUB,2020,7252.28811179844
CUB,2019,8124.75282059108
CUB,2018,8120.43123558256
CUB,2017,7927.27769431767
CUB,2016,7774.0698462623
CUB,2015,7727.91997207998
CUB,2014,7392.48324633027
CUB,2013,7307.82004410741
CUB,2012,7109.24834185635
CUB,2011,6902.16397571139
CUB,2010,6716.49048497058
CUB,2009,6561.25305093006
CUB,2008,6469.08507847668
CUB,2007,6215.76603727772
CUB,2006,5799.41163668615
CUB,2005,5182.35283601732
CUB,2004,4670.18802138025
CUB,2003,4426.96599591833
CUB,2002,4277.39565642359
CUB,2001,4229.90309433356
CUB,2000,4112.26168350671
CUW,2024,18044.7750692923
CUW,2023,17326.9645481336
CUW,2022,16772.8146989153
CUW,2021,15625.4113227953
CUW,2020,14849.9698474917
CUW,2019,17980.5298177114
CUW,2018,18355.1767135889
CUW,2017,18651.4798142441
CUW,2016,18953.0537415003
CUW,2015,19361.8130008678
CUW,2014,19529.5286704975
CUW,2013,19921.4770634064
CUW,2012,20277.5111916571
CUW,2011,20518.0986087103
CUW,2010,20706.4374577658
CUW,2009,20952.8998451864
CUW,2008,21202.4305115575
CUW,2007,21011.1570622011
CUW,2006,20913.6630394407
CUW,2005,21112.3219220136
CUW,2004,21512.1116035171
CUW,2003,21840.8913168396
CUW,2002,22231.8793091625
CUW,2001,22171.0655460422
CUW,2000,21523.6458973702
CYP,2024,32757.541015625
CYP,2023,32022.01953125
CYP,2022,31505.2109375
CYP,2021,29517.05859375
CYP,2020,26895.671875
CYP,2019,28167.146484375
CYP,2018,26962.392578125
CYP,2017,25665.990234375
CYP,2016,24477.974609375
CYP,2015,23088.4296875
CYP,2014,22373.56640625
CYP,2013,22711.708984375
CYP,2012,24285.484375
CYP,2011,25538.76953125
CYP,2010,26090.037109375
CYP,2009,26183.673828125
CYP,2008,27449.212890625
CYP,2007,27156.806640625
CYP,2006,26395.490234375
CYP,2005,25631.35546875
CYP,2004,24799.63671875
CYP,2003,23930.7734375
CYP,2002,23604.177734375
CYP,2001,23019.240234375
CYP,2000,22383.955078125
CZE,2024,20449.1135911311
CZE,2023,20272.5874017334
CZE,2022,20627.348651011
CZE,2021,20373.8783043424
CZE,2020,19233.1469549829
CZE,2019,20360.0599221814
CZE,2018,19736.6295261285
CZE,2017,19257.6930680911
CZE,2016,18359.0978103904
CZE,2015,17931.5987670768
CZE,2014,17118.0425571578
CZE,2013,16759.7808635642
CZE,2012,16772.3539223328
CZE,2011,16926.2846674435
CZE,2010,16665.9317825137
CZE,2009,16272.8084766719
CZE,2008,17190.6470333289
CZE,2007,16892.542854974
CZE,2006,16107.3042502688
CZE,2005,15147.7214417611
CZE,2004,14259.63342798
CZE,2003,13618.9349633164
CZE,2002,13179.9878092741
CZE,2001,12958.4667607533
CZE,2000,12543.9364342367
DNK,2024,60772.8624276041
DNK,2023,59026.9843650999
DNK,2022,59108.7449374068
DNK,2021,59312.8158043771
DNK,2020,55934.5555945523
DNK,2019,57114.6227336347
DNK,2018,56355.0733084714
DNK,2017,55601.0145717787
DNK,2016,54300.2039621991
DNK,2015,53094.0133607574
DNK,2014,52368.3625969272
DNK,2013,51970.3909324806
DNK,2012,51470.689845427
DNK,2011,51667.5313210425
DNK,2010,51209.4492757775
DNK,2009,50635.9118061988
DNK,2008,53572.5346568185
DNK,2007,54113.9771471341
DNK,2006,53823.1590295482
DNK,2005,52015.1841169021
DNK,2004,50956.3045398814
DNK,2003,49708.0909084109
DNK,2002,49624.5965359582
DNK,2001,49557.1509962227
DNK,2000,49266.9882757886
DJI,2024,3290.42482052598
DJI,2023,3117.8155381531
DJI,2022,2959.78673011268
DJI,2021,2854.15987035097
DJI,2020,2773.40661780097
DJI,2019,2781.94350113484
DJI,2018,2677.1650334451
DJI,2017,2596.45134698268
DJI,2016,2502.85181449431
DJI,2015,2376.12554719873
DJI,2014,2253.14082249768
DJI,2013,2140.13769442336
DJI,2012,
DJI,2011,
DJI,2010,
DJI,2009,
DJI,2008,
DJI,2007,
DJI,2006,
DJI,2005,
DJI,2004,
DJI,2003,
DJI,2002,
DJI,2001,
DJI,2000,
DMA,2024,9172.71049624795
DMA,2023,8946.98822588042
DMA,2022,8590.92209069816
DMA,2021,7738.31730070386
DMA,2020,7302.94454951254
DMA,2019,8624.51695993537
DMA,2018,8261.16492553236
DMA,2017,7985.6341102129
DMA,2016,8499.52291903149
DMA,2015,8282.59874702141
DMA,2014,8576.26367623609
DMA,2013,8459.6586988024
DMA,2012,8532.34388117289
DMA,2011,8553.8384670104
DMA,2010,8574.27308682238
DMA,2009,8582.71481435718
DMA,2008,8682.57378179773
DMA,2007,8106.18951878325
DMA,2006,7698.53701483824
DMA,2005,7381.74728529453
DMA,2004,7323.8530008275
DMA,2003,7047.66189595946
DMA,2002,6676.97271467957
DMA,2001,6897.65674086518
DMA,2000,6879.59737273918
DOM,2024,9168.45418897141
DOM,2023,8809.96335385949
DOM,2022,8698.13592094395
DOM,2021,8344.90510312395
DOM,2020,7395.8734262396
DOM,2019,8117.04639185786
DOM,2018,7818.70593240469
DOM,2017,7379.39978067137
DOM,2016,7177.75376475488
DOM,2015,6800.95309395474
DOM,2014,6430.27811051339
DOM,2013,6075.03399972737
DOM,2012,5860.29893321013
DOM,2011,5773.57403459156
DOM,2010,5666.45633430206
DOM,2009,5294.64953374426
DOM,2008,5308.92664966814
DOM,2007,5204.78500652254
DOM,2006,4904.71715839398
DOM,2005,4549.24957008857
DOM,2004,4212.01044121773
DOM,2003,4162.66686117661
DOM,2002,4280.80182397408
DOM,2001,4158.98430282429
DOM,2000,4123.10573163115
ECU,2024,5993.74697758454
ECU,2023,6165.40977555695
ECU,2022,6107.49495006543
ECU,2021,5815.09477390949
ECU,2020,5355.68934196443
ECU,2019,5971.38938386723
ECU,2018,6063.0956178776
ECU,2017,6104.27253521751
ECU,2016,5849.13587933672
ECU,2015,5976.1596805651
ECU,2014,6055.04172761485
ECU,2013,5893.32172683036
ECU,2012,5579.85624282158
ECU,2011,5359.45724615639
ECU,2010,5022.20374387205
ECU,2009,4909.33681705683
ECU,2008,4939.90215021789
ECU,2007,4715.30359842555
ECU,2006,4706.98056823816
ECU,2005,4589.32849203452
ECU,2004,4430.23717984188
ECU,2003,4220.21298466638
ECU,2002,4174.89793579965
ECU,2001,4049.0001889951
ECU,2000,3953.39879728357
EGY,2024,4137.6092923313
EGY,2023,4111.3118479018
EGY,2022,4029.78295458204
EGY,2021,3837.31992325256
EGY,2020,3770.86947868544
EGY,2019,3701.2446344954
EGY,2018,3568.63966286365
EGY,2017,3452.90961245976
EGY,2016,3381.22246307712
EGY,2015,3306.98159414141
EGY,2014,3235.66246235519
EGY,2013,3216.37839024454
EGY,2012,3220.99194201188
EGY,2011,3222.37650111397
EGY,2010,3233.84521249306
EGY,2009,3135.09661305712
EGY,2008,3052.2129784594
EGY,2007,2902.06559803259
EGY,2006,2761.62410768311
EGY,2005,2635.70305226634
EGY,2004,2574.42341789647
EGY,2003,2524.80477195753
EGY,2002,2498.4812119434
EGY,2001,2492.03441188861
EGY,2000,2458.60835003154
SLV,2024,4576.55846613444
SLV,2023,4481.19664108356
SLV,2022,4355.96037108555
SLV,2021,4247.54750394978
SLV,2020,3808.53195436409
SLV,2019,4143.11437097867
SLV,2018,4046.16291720583
SLV,2017,3954.84014277572
SLV,2016,3875.84691357954
SLV,2015,3790.34089108162
SLV,2014,3713.94992016222
SLV,2013,3665.90044167854
SLV,2012,3600.31912505518
SLV,2011,3515.19664634846
SLV,2010,3398.49346060363
SLV,2009,3337.81150878211
SLV,2008,3420.44927357443
SLV,2007,3359.1623024135
SLV,2006,3302.34817354347
SLV,2005,3163.36118376833
SLV,2004,3081.23629665234
SLV,2003,3057.16467629097
SLV,2002,3016.06307728602
SLV,2001,2978.59734844668
SLV,2000,2964.89346881406
GNQ,2024,4892.95310498567
GNQ,2023,4992.26076814571
GNQ,2022,5524.24312418579
GNQ,2021,5487.92479201992
GNQ,2020,5575.26241511492
GNQ,2019,6018.12066321865
GNQ,2018,6578.90039765711
GNQ,2017,7259.10936454803
GNQ,2016,7971.83401904573
GNQ,2015,9068.91003238645
GNQ,2014,10363.4872473549
GNQ,2013,10731.6455729191
GNQ,2012,11650.7196270884
GNQ,2011,11203.9073679091
GNQ,2010,10984.3243932426
GNQ,2009,12627.862381545
GNQ,2008,13048.0703050168
GNQ,2007,11594.9172068456
GNQ,2006,10521.9996774827
GNQ,2005,10212.4545051498
GNQ,2004,9208.60566707162
GNQ,2003,7082.65489186921
GNQ,2002,6604.0054631081
GNQ,2001,5882.85050306586
GNQ,2000,3839.08642737128
ERI,2024,
ERI,2023,
ERI,2022,
ERI,2021,
ERI,2020,
ERI,2019,
ERI,2018,
ERI,2017,
ERI,2016,
ERI,2015,
ERI,2014,
ERI,2013,
ERI,2012,
ERI,2011,751.374899794668
ERI,2010,703.877374381654
ERI,2009,702.430936480778
ERI,2008,693.398874212494
ERI,2007,789.072701743247
ERI,2006,789.402432018085
ERI,2005,809.794793468889
ERI,2004,808.591420184592
ERI,2003,830.379672282601
ERI,2002,889.009113592982
ERI,2001,893.268735439193
ERI,2000,845.132430060544
EST,2024,20078.1397620993
EST,2023,20126.3730486957
EST,2022,21023.2994937246
EST,2021,21570.6658455268
EST,2020,19946.945696898
EST,2019,20579.8756732376
EST,2018,19914.3454922878
EST,2017,19270.8141210511
EST,2016,18264.9873304279
EST,2015,17722.1557669523
EST,2014,17413.6867560212
EST,2013,16809.5326683781
EST,2012,16460.6843479001
EST,2011,15820.922342204
EST,2010,14657.939813612
EST,2009,14274.8511086787
EST,2008,16688.997772178
EST,2007,17543.4661785723
EST,2006,16234.5152041417
EST,2005,14703.6179707772
EST,2004,13348.5284463324
EST,2003,12424.0441535693
EST,2002,11474.6622721923
EST,2001,10662.9455020331
EST,2000,10006.7696280939
SWZ,2024,3866.37127926695
SWZ,2023,3790.16576788091
SWZ,2022,3695.64957179548
SWZ,2021,3719.03838239806
SWZ,2020,3609.3669136859
SWZ,2019,3759.67106964666
SWZ,2018,3565.54285067501
SWZ,2017,3596.23605400492
SWZ,2016,3500.17688847942
SWZ,2015,3419.82276559528
SWZ,2014,3381.79292071291
SWZ,2013,3332.11983927912
SWZ,2012,3218.50138205493
SWZ,2011,3108.70225253092
SWZ,2010,3069.52175725884
SWZ,2009,2973.83456912379
SWZ,2008,2950.67334362132
SWZ,2007,2928.46845823015
SWZ,2006,2823.48728215402
SWZ,2005,2658.75180508187
SWZ,2004,2522.14342097167
SWZ,2003,2448.83792077995
SWZ,2002,2358.56935643468
SWZ,2001,2283.98316815361
SWZ,2000,2273.04683761056
ETH,2024,883.458588614999
ETH,2023,842.446604881663
ETH,2022,811.177729337321
ETH,2021,790.657019602458
ETH,2020,768.705424484873
ETH,2019,744.702789740042
ETH,2018,705.96881207336
ETH,2017,678.98541915757
ETH,2016,636.835680951429
ETH,2015,597.912113218663
ETH,2014,556.362532243867
ETH,2013,518.324662208106
ETH,2012,481.639999909808
ETH,2011,455.909628648555
ETH,2010,421.898622378633
ETH,2009,385.632419711374
ETH,2008,364.642208155735
ETH,2007,338.799064654308
ETH,2006,313.013896721503
ETH,2005,290.833381425059
ETH,2004,267.923513391712
ETH,2003,243.076666020009
ETH,2002,256.066635883709
ETH,2001,260.04231608135
ETH,2000,247.505413659694
FRO,2024,59302.1098546142
FRO,2023,59067.5637446297
FRO,2022,57784.7223702914
FRO,2021,56275.5306614124
FRO,2020,54305.7918823334
FRO,2019,56031.6628701293
FRO,2018,54432.5257658066
FRO,2017,53832.1022752798
FRO,2016,52758.462646154
FRO,2015,52638.2668218454
FRO,2014,52645.8769957728
FRO,2013,50121.7919684574
FRO,2012,47304.8451728204
FRO,2011,43947.1570625821
FRO,2010,42334.391628988
FRO,2009,42379.0851176044
FRO,2008,44623.0315871975
FRO,2007,
FRO,2006,
FRO,2005,
FRO,2004,
FRO,2003,
FRO,2002,
FRO,2001,
FRO,2000,
FJI,2024,5935.20895738332
FJI,2023,5761.56947891018
FJI,2022,5291.51692439451
FJI,2021,4507.33353013335
FJI,2020,4721.12281287253
FJI,2019,5701.10434532357
FJI,2018,5720.21445752907
FJI,2017,5500.67840280072
FJI,2016,5218.85824573477
FJI,2015,5097.53106864695
FJI,2014,4883.24299340799
FJI,2013,4630.3512738488
FJI,2012,4427.97841523552
FJI,2011,4375.58083514077
FJI,2010,4272.35916210382
FJI,2009,4164.29314815569
FJI,2008,4240.77264898616
FJI,2007,4223.44802067613
FJI,2006,4295.40677074806
FJI,2005,4255.45096025011
FJI,2004,4264.59725802376
FJI,2003,4087.72446536081
FJI,2002,4086.1043298133
FJI,2001,3998.79730008036
FJI,2000,3960.88903458193
FIN,2024,45075.1684940688
FIN,2023,45196.4814400136
FIN,2022,46016.1492103929
FIN,2021,45792.0454180872
FIN,2020,44690.9801103074
FIN,2019,45898.5708448954
FIN,2018,45337.2409550575
FIN,2017,44862.220404205
FIN,2016,43529.6761616969
FIN,2015,42560.3456767103
FIN,2014,42502.4880199858
FIN,2013,42883.6384986417
FIN,2012,43507.9345371578
FIN,2011,44391.4535667984
FIN,2010,43556.5385834368
FIN,2009,42412.5133513534
FIN,2008,46359.8732844055
FIN,2007,46213.6898975737
FIN,2006,44069.3958834717
FIN,2005,42529.3506920884
FIN,2004,41521.962874476
FIN,2003,40038.9839702277
FIN,2002,39343.0698997627
FIN,2001,38784.1308115726
FIN,2000,37872.6020343504
FRA,2024,39683.3953489029
FRA,2023,39319.4152227295
FRA,2022,38868.3303330557
FRA,2021,38030.8571685178
FRA,2020,35709.2045925926
FRA,2019,38705.2072940618
FRA,2018,38062.4435961412
FRA,2017,37580.5979329356
FRA,2016,36920.5342846914
FRA,2015,36702.4323733379
FRA,2014,36444.3949089146
FRA,2013,36256.086680981
FRA,2012,36161.2918253465
FRA,2011,36269.9561530888
FRA,2010,35578.1968010183
FRA,2009,35052.8510772683
FRA,2008,36257.3658930938
FRA,2007,36322.1685141004
FRA,2006,35645.4162427116
FRA,2005,34946.0372494703
FRA,2004,34557.1471111581
FRA,2003,33840.6175720101
FRA,2002,33753.5782979758
FRA,2001,33640.6738002565
FRA,2000,33255.1379642335
PYF,2024,20846.6514059991
PYF,2023,20664.9770259225
PYF,2022,20160.4994298379
PYF,2021,19626.2332540206
PYF,2020,19026.790444196
PYF,2019,21289.8751241139
PYF,2018,20674.4206829029
PYF,2017,20287.7685831663
PYF,2016,19516.0718353276
PYF,2015,19166.9594761931
PYF,2014,18928.1858620128
PYF,2013,18930.1268887012
PYF,2012,18968.4422157904
PYF,2011,19241.6437951625
PYF,2010,19913.0252687915
PYF,2009,20499.7723032831
PYF,2008,21493.4178311249
PYF,2007,21648.532237682
PYF,2006,21545.5997136473
PYF,2005,21661.4244664054
PYF,2004,21919.9410589378
PYF,2003,22055.6419702196
PYF,2002,21932.9195333418
PYF,2001,22076.5919162624
PYF,2000,22498.8285530328
GAB,2024,6618.9868586134
GAB,2023,6541.25368618042
GAB,2022,6527.48207901861
GAB,2021,6479.0490069252
GAB,2020,6534.27966529444
GAB,2019,6817.56879468764
GAB,2018,6724.5961429108
GAB,2017,6840.05959347802
GAB,2016,6991.3251446736
GAB,2015,7047.12654634355
GAB,2014,6998.60545439576
GAB,2013,6938.25753862236
GAB,2012,6803.22668079211
GAB,2011,6699.23394606512
GAB,2010,6481.49612073562
GAB,2009,6264.83611480154
GAB,2008,6468.38523357609
GAB,2007,6908.67399162999
GAB,2006,6724.08148977274
GAB,2005,7130.22505771754
GAB,2004,7148.98713447497
GAB,2003,7301.67154442842
GAB,2002,7338.75620613605
GAB,2001,7556.76995314898
GAB,2000,7596.09970650519
GMB,2024,758.965888826955
GMB,2023,735.612384062616
GMB,2022,710.686979216316
GMB,2021,689.49323955737
GMB,2020,670.758642891251
GMB,2019,682.797642940426
GMB,2018,658.127833258563
GMB,2017,628.777299272925
GMB,2016,615.193365494386
GMB,2015,619.536364296461
GMB,2014,611.879472952196
GMB,2013,638.522368532214
GMB,2012,639.139881889048
GMB,2011,625.464360270983
GMB,2010,701.014524591061
GMB,2009,681.433469086571
GMB,2008,657.675679192228
GMB,2007,637.20930597537
GMB,2006,636.596026908866
GMB,2005,658.676285443081
GMB,2004,693.563314497133
GMB,2003,665.834222326194
GMB,2002,640.03893213613
GMB,2001,679.539755947951
GMB,2000,659.911237641141
GEO,2024,6606.35772271858
GEO,2023,6180.6206023429
GEO,2022,5736.30449578597
GEO,2021,5175.19865185825
GEO,2020,4659.60925318234
GEO,2019,4975.81148194814
GEO,2018,4713.65354845303
GEO,2017,4442.50744127374
GEO,2016,4225.09154904806
GEO,2015,4086.6223465965
GEO,2014,3960.35080091901
GEO,2013,3806.50600649051
GEO,2012,3609.780798626
GEO,2011,3362.1030031968
GEO,2010,3090.06513662318
GEO,2009,2887.25607935922
GEO,2008,2970.15858282428
GEO,2007,2891.13702331846
GEO,2006,2554.81253503914
GEO,2005,2321.60084285163
GEO,2004,2105.00472843799
GEO,2003,1977.46143338741
GEO,2002,1768.5970116888
GEO,2001,1661.83019106421
GEO,2000,1561.19867638847
DEU,2024,44027.7631554469
DEU,2023,44368.9920074881
DEU,2022,44817.1316331389
DEU,2021,44011.0194631674
DEU,2020,42372.8726784255
DEU,2019,44235.2658954682
DEU,2018,43905.8550061973
DEU,2017,43543.4807050551
DEU,2016,42516.9337063103
DEU,2015,41929.7549110722
DEU,2014,41602.4661281668
DEU,2013,40884.8926759028
DEU,2012,40834.5088218456
DEU,2011,40722.4849268242
DEU,2010,38526.7371042695
DEU,2009,36940.4078672661
DEU,2008,39009.8477636357
DEU,2007,38593.0749910508
DEU,2006,37459.261328042
DEU,2005,36024.0947047021
DEU,2004,35687.6378708542
DEU,2003,35270.0227284267
DEU,2002,35477.5151544301
DEU,2001,35618.5143698493
DEU,2000,35104.1308467844
GHA,2024,2173.00329800201
GHA,2023,2091.81335596465
GHA,2022,2067.20895855521
GHA,2021,2030.04866500967
GHA,2020,1970.19411460398
GHA,2019,1999.55372220211
GHA,2018,1915.4532323781
GHA,2017,1841.44636153249
GHA,2016,1740.81101902928
GHA,2015,1722.77282833606
GHA,2014,1726.36930134647
GHA,2013,1718.59704769958
GHA,2012,1640.54072088003
GHA,2011,1537.81834019283
GHA,2010,1381.2279503506
GHA,2009,1311.63053760125
GHA,2008,1282.63416886747
GHA,2007,1205.31705804209
GHA,2006,1185.26570738595
GHA,2005,1143.31178934301
GHA,2004,1108.30475353633
GHA,2003,1077.69990866645
GHA,2002,1052.46591644399
GHA,2001,1035.22666053257
GHA,2000,1022.27520714566
GIB,2024,
GIB,2023,
GIB,2022,
GIB,2021,
GIB,2020,
GIB,2019,
GIB,2018,
GIB,2017,
GIB,2016,
GIB,2015,
GIB,2014,
GIB,2013,
GIB,2012,
GIB,2011,
GIB,2010,
GIB,2009,
GIB,2008,
GIB,2007,
GIB,2006,
GIB,2005,
GIB,2004,
GIB,2003,
GIB,2002,
GIB,2001,
GIB,2000,
GRC,2024,21494.6856060599
GRC,2023,21050.8648111581
GRC,2022,20550.5049158297
GRC,2021,19231.2888803517
GRC,2020,17486.951333323
GRC,2019,19216.6759579785
GRC,2018,18769.0389621976
GRC,2017,18352.0884461258
GRC,2016,18049.928997892
GRC,2015,17980.7298238137
GRC,2014,17903.5252440012
GRC,2013,17644.8766635021
GRC,2012,17924.6620496886
GRC,2011,19448.255802525
GRC,2010,21547.724178239
GRC,2009,22878.1346644397
GRC,2008,23923.8800731311
GRC,2007,23973.6936091313
GRC,2006,23220.5324419197
GRC,2005,21880.5265835801
GRC,2004,21688.1050959558
GRC,2003,20632.2557041942
GRC,2002,19548.3677447396
GRC,2001,18742.4235780691
GRC,2000,18002.9064613985
GRL,2024,
GRL,2023,49929.7755428605
GRL,2022,49679.3365414895
GRL,2021,48709.9339758895
GRL,2020,48169.9406957389
GRL,2019,48170.7896955512
GRL,2018,47012.9860350276
GRL,2017,46597.9452470348
GRL,2016,46561.7831434013
GRL,2015,44536.3549705377
GRL,2014,45545.1429414917
GRL,2013,43338.3839246907
GRL,2012,43655.7004664255
GRL,2011,42994.8790874739
GRL,2010,43481.5161087805
GRL,2009,42899.7441985862
GRL,2008,42527.6668469766
GRL,2007,39896.875364094
GRL,2006,38828.8524943222
GRL,2005,36681.8055890619
GRL,2004,34961.9356097257
GRL,2003,32787.9680355213
GRL,2002,31483.6074780094
GRL,2001,31914.1710964481
GRL,2000,31623.0591501943
GRD,2024,10042.6503142063
GRD,2023,9817.86383583917
GRD,2022,9406.19337643226
GRD,2021,8782.32193426078
GRD,2020,8413.28335500372
GRD,2019,9785.56040240592
GRD,2018,9744.16919577204
GRD,2017,9357.40728883583
GRD,2016,8983.68397337899
GRD,2015,8694.12438005692
GRD,2014,8206.62862112333
GRD,2013,7688.75297701343
GRD,2012,7559.5628483956
GRD,2011,7695.37616017287
GRD,2010,7670.71165827663
GRD,2009,7733.12990600058
GRD,2008,8307.49221491819
GRD,2007,8257.36225682689
GRD,2006,7808.24358323434
GRD,2005,8162.91232124727
GRD,2004,7233.29494434962
GRD,2003,7309.78547094579
GRD,2002,6707.36873532777
GRD,2001,6509.51660313374
GRD,2000,6677.1265230922
GUM,2024,
GUM,2023,
GUM,2022,34627.9862781837
GUM,2021,33239.4846327875
GUM,2020,32884.8852646787
GUM,2019,36830.1264410973
GUM,2018,35731.2203743081
GUM,2017,35850.9025520506
GUM,2016,35373.8483143417
GUM,2015,35165.7014644795
GUM,2014,34755.2691107298
GUM,2013,34044.3190415455
GUM,2012,33404.9317636913
GUM,2011,32665.3787483379
GUM,2010,32644.1484056205
GUM,2009,31988.7229358255
GUM,2008,31941.2706025874
GUM,2007,31385.0475162113
GUM,2006,31242.462900947
GUM,2005,32520.3729565352
GUM,2004,31483.8141949558
GUM,2003,29685.9531745657
GUM,2002,29576.221681311
GUM,2001,
GUM,2000,
GTM,2024,4564.21378502908
GTM,2023,4469.05514652918
GTM,2022,4383.90326160481
GTM,2021,4268.62864461492
GTM,2020,4005.83916360689
GTM,2019,4139.12206338632
GTM,2018,4040.21214374742
GTM,2017,3972.74059262672
GTM,2016,3924.7789643024
GTM,2015,3893.50533299068
GTM,2014,3809.61584332802
GTM,2013,3717.30457960279
GTM,2012,3655.57490299412
GTM,2011,3621.37582644774
GTM,2010,3546.62750929879
GTM,2009,3516.19395579721
GTM,2008,3569.93031541246
GTM,2007,3527.77995621193
GTM,2006,3388.15165081967
GTM,2005,3284.81128421658
GTM,2004,3250.20561194529
GTM,2003,3222.15622111509
GTM,2002,3213.26990763198
GTM,2001,3166.20502444306
GTM,2000,3165.933886028
GIN,2024,1045.92207475792
GIN,2023,1016.88094800324
GIN,2022,987.502501465337
GIN,2021,973.646890096159
GIN,2020,945.570903389665
GIN,2019,926.42221954853
GIN,2018,899.907328045175
GIN,2017,867.907502577607
GIN,2016,807.236421043888
GIN,2015,747.356966759448
GIN,2014,738.272274481308
GIN,2013,729.833143236326
GIN,2012,719.505916794546
GIN,2011,696.199991395571
GIN,2010,675.736917327708
GIN,2009,660.756701330284
GIN,2008,684.775780377366
GIN,2007,673.698997420626
GIN,2006,645.472001923653
GIN,2005,651.359606871604
GIN,2004,645.182843390689
GIN,2003,644.071217908894
GIN,2002,650.554963973291
GIN,2001,628.320554864936
GIN,2000,614.137235083638
GNB,2024,785.91021956464
GNB,2023,769.504652461795
GNB,2022,752.149255217249
GNB,2021,729.396882757942
GNB,2020,710.275830755611
GNB,2019,706.298562874985
GNB,2018,686.456819839526
GNB,2017,677.466131311367
GNB,2016,663.242608032005
GNB,2015,645.066837207039
GNB,2014,623.610159103365
GNB,2013,634.095456089352
GNB,2012,630.66862302825
GNB,2011,658.953470528116
GNB,2010,625.904027290582
GNB,2009,608.202131879882
GNB,2008,608.958620496925
GNB,2007,597.482020935948
GNB,2006,597.257151722046
GNB,2005,595.94255560187
GNB,2004,572.526464627294
GNB,2003,579.092506821836
GNB,2002,594.040535151552
GNB,2001,585.837980688333
GNB,2000,571.094015178625
GUY,2024,33034.948872927
GUY,2023,23101.3538282741
GUY,2022,17365.3336428642
GUY,2021,10711.9973374148
GUY,2020,9010.61000469878
GUY,2019,6278.63054079553
GUY,2018,6080.90612132746
GUY,2017,5997.18271426826
GUY,2016,5818.61682204646
GUY,2015,5640.41560569466
GUY,2014,5635.71704117947
GUY,2013,5573.3421790463
GUY,2012,5403.79899428921
GUY,2011,5133.89539813637
GUY,2010,4860.09110980566
GUY,2009,4649.34144792756
GUY,2008,4472.34517889699
GUY,2007,4382.10449666813
GUY,2006,4076.77981715707
GUY,2005,3867.93308158647
GUY,2004,3937.11435304522
GUY,2003,3873.04123684261
GUY,2002,3894.87107415198
GUY,2001,3847.09461851367
GUY,2000,3759.60789699989
HTI,2024,1154.68841945337
HTI,2023,1219.11871645847
HTI,2022,1256.72143592448
HTI,2021,1292.71954963551
HTI,2020,1331.69778506932
HTI,2019,1394.42114071112
HTI,2018,1437.35251928349
HTI,2017,1432.67228609541
HTI,2016,1416.74881879698
HTI,2015,1411.12684746796
HTI,2014,1411.76834802154
HTI,2013,1392.38204736859
HTI,2012,1354.88546124499
HTI,2011,1369.16921255852
HTI,2010,1317.58389339746
HTI,2009,1412.89653523429
HTI,2008,1356.53400140048
HTI,2007,1343.61111422048
HTI,2006,1305.03813815611
HTI,2005,1304.33303731231
HTI,2004,1286.90282128221
HTI,2003,1326.47161042212
HTI,2002,1304.5293810385
HTI,2001,1314.11419693969
HTI,2000,1342.89490450523
HND,2024,2575.32081187859
HND,2023,2527.27366333188
HND,2022,2482.22384904714
HND,2021,2423.76634916911
HND,2020,2189.43168668222
HND,2019,2447.61649282181
HND,2018,2430.13503657762
HND,2017,2383.37398439714
HND,2016,2315.72983058198
HND,2015,2271.20265980349
HND,2014,2229.24772232218
HND,2013,2205.40126728067
HND,2012,2188.39378817891
HND,2011,2144.56265540491
HND,2010,2108.47314459603
HND,2009,2076.30859895638
HND,2008,2175.14709403064
HND,2007,2134.19540639485
HND,2006,2056.53491469231
HND,2005,1975.85647913236
HND,2004,1908.90950050464
HND,2003,1842.29750018813
HND,2002,1807.97305547292
HND,2001,1789.18816032117
HND,2000,1789.47798512637
HKG,2024,44734.4365296835
HKG,2023,43518.9311789918
HKG,2022,43281.0067309646
HKG,2021,44530.9213833761
HKG,2020,41451.2989586282
HKG,2019,44195.2741142906
HKG,2018,45280.4971892076
HKG,2017,44380.8176753147
HKG,2016,43087.5537128127
HKG,2015,42432.1619740441
HKG,2014,41796.8593150091
HKG,2013,40959.9776349249
HKG,2012,39887.8192650568
HKG,2011,39656.3184510131
HKG,2010,38090.0154420129
HKG,2009,35938.578391742
HKG,2008,36924.0529643897
HKG,2007,36371.6434233987
HKG,2006,34458.0032348089
HKG,2005,32401.3558626573
HKG,2004,30304.2901619598
HKG,2003,28097.0971397308
HKG,2002,27210.0502364654
HKG,2001,26885.4053275596
HKG,2000,26933.2130754703
HUN,2024,16543.1049095203
HUN,2023,16375.0462724192
HUN,2022,16487.7973935944
HUN,2021,15787.9535427563
HUN,2020,14664.2971195385
HUN,2019,15290.8085466331
HUN,2018,14533.7783144312
HUN,2017,13734.2442804335
HUN,2016,13145.6559885563
HUN,2015,12782.9412577973
HUN,2014,12287.3779441033
HUN,2013,11729.5720798501
HUN,2012,11440.7622718825
HUN,2011,11536.3578996772
HUN,2010,11287.3686666108
HUN,2009,11142.885928524
HUN,2008,11929.7209867703
HUN,2007,11791.7074416876
HUN,2006,11734.4544729813
HUN,2005,11272.7345428122
HUN,2004,10786.4881991495
HUN,2003,10253.723920764
HUN,2002,9836.94065083321
HUN,2001,9365.95393193015
HUN,2000,8979.73578602949
ISL,2024,59053.5648370451
ISL,2023,59951.7537739692
ISL,2022,57626.2533717585
ISL,2021,54285.0209203242
ISL,2020,52464.3073240589
ISL,2019,57118.8452777198
ISL,2018,57731.6523639512
ISL,2017,56657.9800322797
ISL,2016,56049.2928672039
ISL,2015,53505.6964079339
ISL,2014,52102.575810195
ISL,2013,51696.0876507326
ISL,2012,50375.4117054195
ISL,2011,50058.8302665144
ISL,2010,49528.4864733411
ISL,2009,50581.0846167336
ISL,2008,55360.8136012406
ISL,2007,55457.3601614503
ISL,2006,52306.128485789
ISL,2005,50674.4411406649
ISL,2004,48101.7116415743
ISL,2003,45088.9226082383
ISL,2002,44389.5560604909
ISL,2001,44545.9822738464
ISL,2000,43472.3369951306
IND,2024,2366.8328910323
IND,2023,2229.71491223037
IND,2022,2098.21124476122
IND,2021,1965.30943437472
IND,2020,1806.50110583865
IND,2019,1936.03067741063
IND,2018,1883.35772705055
IND,2017,1788.69770318481
IND,2016,1694.46534973787
IND,2015,1583.99815907985
IND,2014,1484.31640682961
IND,2013,1399.4537980281
IND,2012,1333.09626557649
IND,2011,1281.61054354937
IND,2010,1235.15939132939
IND,2009,1155.10163273817
IND,2008,1086.50605251005
IND,2007,1069.24696812234
IND,2006,1008.23275344818
IND,2005,947.732565644272
IND,2004,892.596614580718
IND,2003,841.278894562408
IND,2002,793.615912901002
IND,2001,778.507377522499
IND,2000,756.704109533187
IDN,2024,4367.94741847938
IDN,2023,4192.64401034181
IDN,2022,4024.91225288391
IDN,2021,3850.68877253903
IDN,2020,3739.44906563161
IDN,2019,3850.90321738979
IDN,2018,3701.32155461912
IDN,2017,3553.51999262321
IDN,2016,3416.81005170972
IDN,2015,3288.22269725538
IDN,2014,3170.72103011429
IDN,2013,3055.24246006469
IDN,2012,2930.518445323
IDN,2011,2799.62468790318
IDN,2010,2670.8129098953
IDN,2009,2546.21969707767
IDN,2008,2464.60193418272
IDN,2007,2355.1528565328
IDN,2006,2244.0802226202
IDN,2005,2155.4478015921
IDN,2004,2065.70617470842
IDN,2003,1991.91820506473
IDN,2002,1926.37435868149
IDN,2001,1868.59172307292
IDN,2000,1828.10265968361
IRN,2024,5834.44296939863
IRN,2023,5687.84396268742
IRN,2022,5465.31447539413
IRN,2021,5300.62271961895
IRN,2020,5132.82430762118
IRN,2019,4952.45669081078
IRN,2018,5127.22495367018
IRN,2017,5395.2398398598
IRN,2016,5312.61724954192
IRN,2015,4952.73355532178
IRN,2014,5093.20319702187
IRN,2013,4916.97291948475
IRN,2012,5058.64637811835
IRN,2011,5321.75870744453
IRN,2010,5249.06133369759
IRN,2009,5023.89314362941
IRN,2008,5035.94008533618
IRN,2007,5084.71796043623
IRN,2006,4778.7934584732
IRN,2005,4650.35841490708
IRN,2004,4607.45169088209
IRN,2003,4511.43134034458
IRN,2002,4198.95356080727
IRN,2001,3917.29935489016
IRN,2000,3885.30183360649
IRQ,2024,4180.29619477317
IRQ,2023,4337.0870532422
IRQ,2022,4412.99733146512
IRQ,2021,4182.50064045825
IRQ,2020,4213.99843766061
IRQ,2019,4898.14897668582
IRQ,2018,4749.00921836896
IRQ,2017,4736.32710809857
IRQ,2016,4932.9272911439
IRQ,2015,4440.14189252367
IRQ,2014,4446.97343234862
IRQ,2013,4504.82687537354
IRQ,2012,4387.90469058707
IRQ,2011,4030.01686860986
IRQ,2010,3881.94327045302
IRQ,2009,3768.17284328983
IRQ,2008,3781.78001712762
IRQ,2007,3565.58054079041
IRQ,2006,3471.98744698568
IRQ,2005,3310.86344473993
IRQ,2004,3354.26588756715
IRQ,2003,2250.06990123369
IRQ,2002,3660.92527507177
IRQ,2001,4116.09405320279
IRQ,2000,4172.78025105244
IRL,2024,94474.9879707069
IRL,2023,93541.9643678381
IRL,2022,97793.5366671697
IRL,2021,92781.2322150786
IRL,2020,80927.936475395
IRL,2019,76485.635854651
IRL,2018,74029.0550611436
IRL,2017,69748.6221034014
IRL,2016,64205.979777351
IRL,2015,64250.1385181257
IRL,2014,52044.6201181887
IRL,2013,47928.0346487005
IRL,2012,47147.1604669421
IRL,2011,47539.9181739968
IRL,2010,46991.6464673949
IRL,2009,46466.3794269222
IRL,2008,49461.1594281353
IRL,2007,52849.6948429458
IRL,2006,51656.8194855887
IRL,2005,50547.2123729763
IRL,2004,48856.3238587396
IRL,2003,46594.8620267616
IRL,2002,45974.4881988842
IRL,2001,44151.1536032557
IRL,2000,42599.4803921319
IMN,2024,
IMN,2023,84315.137992954
IMN,2022,86100.5672917037
IMN,2021,89873.5420093569
IMN,2020,86595.0676099275
IMN,2019,95110.1385990737
IMN,2018,95040.4061748938
IMN,2017,93200.3108083857
IMN,2016,90783.7647245394
IMN,2015,84753.5187422732
IMN,2014,84778.5806639347
IMN,2013,80383.8273088527
IMN,2012,77009.2978612012
IMN,2011,71727.5055082703
IMN,2010,70747.8417587183
IMN,2009,69192.0258221691
IMN,2008,68520.6825624937
IMN,2007,66029.9755907183
IMN,2006,62075.7601604994
IMN,2005,58201.5990838178
IMN,2004,55464.0220993356
IMN,2003,53224.3527757804
IMN,2002,50714.5824703383
IMN,2001,48252.7638498277
IMN,2000,46274.9709691403
ISR,2024,41882.0474698252
ISR,2023,42131.7415675806
ISR,2022,42539.2748766689
ISR,2021,40788.2391785198
ISR,2020,37938.3809354755
ISR,2019,39322.038041422
ISR,2018,38695.0100079706
ISR,2017,37911.0217281157
ISR,2016,37044.0118623764
ISR,2015,36138.13561386
ISR,2014,36055.08530225
ISR,2013,35436.2912873273
ISR,2012,34685.0915981013
ISR,2011,34499.9509262825
ISR,2010,33307.1044316197
ISR,2009,32139.1146490917
ISR,2008,32519.7624461575
ISR,2007,32071.3107404162
ISR,2006,30707.435814097
ISR,2005,29600.1467243332
ISR,2004,28870.0080868057
ISR,2003,28079.3253966943
ISR,2002,28186.5548167752
ISR,2001,28804.0396341969
ISR,2000,29411.4999428787
ITA,2024,34508.1235191237
ITA,2023,34221.7182928271
ITA,2022,33891.8866526216
ITA,2021,32267.7091050201
ITA,2020,29469.7989238626
ITA,2019,32180.4341017428
ITA,2018,31963.6417148824
ITA,2017,31635.52277108
ITA,2016,31077.6792675211
ITA,2015,30639.8829751432
ITA,2014,30325.0287793923
ITA,2013,30330.0221599668
ITA,2012,30953.4147447427
ITA,2011,32039.5032494316
ITA,2010,31928.5543621096
ITA,2009,31587.0638416305
ITA,2008,33550.6340800063
ITA,2007,34159.9109244074
ITA,2006,33873.0493680093
ITA,2005,33407.6754716472
ITA,2004,33348.9744820456
ITA,2003,33110.1698494812
ITA,2002,33267.4474482048
ITA,2001,33243.599343976
ITA,2000,32609.66746283
JAM,2024,6096.4327030963
JAM,2023,6127.90771263434
JAM,2022,5965.46127464873
JAM,2021,5607.45378253877
JAM,2020,5317.84145033966
JAM,2019,5814.79275311692
JAM,2018,5717.87621107532
JAM,2017,5586.1365723133
JAM,2016,5472.28314023034
JAM,2015,5339.30718256806
JAM,2014,5307.19165380801
JAM,2013,5289.88438546111
JAM,2012,5284.00852557589
JAM,2011,5339.62170188798
JAM,2010,5271.57221477938
JAM,2009,5372.14234169511
JAM,2008,5639.58974873397
JAM,2007,5710.53878446758
JAM,2006,5656.66803579988
JAM,2005,5525.73577833713
JAM,2004,5507.20135110043
JAM,2003,5467.17406988236
JAM,2002,5305.87658697244
JAM,2001,5234.02744397806
JAM,2000,5197.39692210665
JPN,2024,37976.6371788298
JPN,2023,37902.5492204411
JPN,2022,37448.3504824849
JPN,2021,36792.556429474
JPN,2020,35363.2996951789
JPN,2019,36837.2583653113
JPN,2018,36899.3847079435
JPN,2017,36547.7357437305
JPN,2016,35934.4467886662
JPN,2015,35664.6446110613
JPN,2014,34996.8796756631
JPN,2013,34636.6924746166
JPN,2012,33909.4911855243
JPN,2011,33306.1802259719
JPN,2010,33311.2872381879
JPN,2009,31993.8588053706
JPN,2008,34008.5915147362
JPN,2007,34426.6937124867
JPN,2006,33880.6890093456
JPN,2005,33385.9179590327
JPN,2004,32783.1292835489
JPN,2003,32115.5810785373
JPN,2002,31746.2430105713
JPN,2001,31793.1269485489
JPN,2000,31779.3788459032
JOR,2024,4441.03974922351
JOR,2023,4373.38088482368
JOR,2022,4309.61432856804
JOR,2021,4266.3790298994
JOR,2020,4188.21240095719
JOR,2019,4313.80791426608
JOR,2018,4320.029787425
JOR,2017,4335.92512689541
JOR,2016,4326.17261571505
JOR,2015,4441.61896013754
JOR,2014,4703.39944986815
JOR,2013,5007.76162067161
JOR,2012,5135.0327939589
JOR,2011,5085.98005025386
JOR,2010,5066.49720027725
JOR,2009,5043.62638729303
JOR,2008,4902.38348073849
JOR,2007,4681.17006766931
JOR,2006,4596.56909353547
JOR,2005,4532.96248258538
JOR,2004,4296.62367370886
JOR,2003,4054.22612609768
JOR,2002,3979.40388653953
JOR,2001,3841.98511846743
JOR,2000,3725.49544709257
KAZ,2024,11872.7842626298
KAZ,2023,11453.3952725363
KAZ,2022,11058.3482413407
KAZ,2021,10873.3915275276
KAZ,2020,10565.0359816235
KAZ,2019,10989.6840718388
KAZ,2018,10670.2120148279
KAZ,2017,10404.2718646317
KAZ,2016,10151.423313302
KAZ,2015,10196.1226255982
KAZ,2014,10226.7100539683
KAZ,2013,9959.72586930534
KAZ,2012,9531.91477617058
KAZ,2011,9223.3021336315
KAZ,2010,8704.70655484556
KAZ,2009,8218.39912556048
KAZ,2008,8216.52181589585
KAZ,2007,8036.87599811505
KAZ,2006,7450.39687062615
KAZ,2005,6787.4115548789
KAZ,2004,6233.29439373307
KAZ,2003,5724.43199248054
KAZ,2002,5267.6990320263
KAZ,2001,4822.52862802669
KAZ,2000,4269.33016782791
KEN,2024,1858.87650030024
KEN,2023,1811.21651838425
KEN,2022,1747.53198804428
KEN,2021,1698.89578271444
KEN,2020,1609.33414078281
KEN,2019,1645.70961777862
KEN,2018,1596.69045914945
KEN,2017,1542.33773973372
KEN,2016,1517.97796057742
KEN,2015,1489.11959777284
KEN,2014,1450.59338202277
KEN,2013,1413.94142522583
KEN,2012,1396.30178709756
KEN,2011,1370.58000874482
KEN,2010,1340.16467408856
KEN,2009,1276.73503486074
KEN,2008,1273.77226103073
KEN,2007,1309.91092948216
KEN,2006,1263.54164666211
KEN,2005,1223.44738472019
KEN,2004,1191.25443604556
KEN,2003,1169.14433674051
KEN,2002,1171.4262517349
KEN,2001,1202.29348759987
KEN,2000,1195.41296851656
KIR,2024,2052.81298774256
KIR,2023,1990.14605922104
KIR,2022,1960.15475844976
KIR,2021,1895.61362957222
KIR,2020,1779.62973024917
KIR,2019,1834.42627824847
KIR,2018,1802.34850714657
KIR,2017,1768.87874841933
KIR,2016,1731.43702001694
KIR,2015,1639.85274740652
KIR,2014,1492.8508200481
KIR,2013,1493.49148676402
KIR,2012,1405.5029344967
KIR,2011,1348.0602369873
KIR,2010,1328.78776438805
KIR,2009,1340.27605600221
KIR,2008,1361.83599775608
KIR,2007,1433.35747805619
KIR,2006,1419.38723031361
KIR,2005,1368.99728765793
KIR,2004,1378.9583696722
KIR,2003,1415.54577869304
KIR,2002,1467.99273241655
KIR,2001,1477.95177621217
KIR,2000,1555.58204812097
PRK,2024,
PRK,2023,
PRK,2022,
PRK,2021,
PRK,2020,
PRK,2019,
PRK,2018,
PRK,2017,
PRK,2016,
PRK,2015,
PRK,2014,
PRK,2013,
PRK,2012,
PRK,2011,
PRK,2010,
PRK,2009,
PRK,2008,
PRK,2007,
PRK,2006,
PRK,2005,
PRK,2004,
PRK,2003,
PRK,2002,
PRK,2001,
PRK,2000,
KOR,2024,37048.4264001496
KOR,2023,36347.7036392553
KOR,2022,35809.0138105144
KOR,2021,34792.9397214598
KOR,2020,33215.9298928108
KOR,2019,33496.3113815643
KOR,2018,32852.8887488942
KOR,2017,31979.9027302467
KOR,2016,31005.4072876388
KOR,2015,30171.7906545222
KOR,2014,29470.6732991655
KOR,2013,28732.711152033
KOR,2012,27944.0564190045
KOR,2011,27393.455357272
KOR,2010,26623.0487122927
KOR,2009,25009.9148311999
KOR,2008,24934.5396367691
KOR,2007,24391.7651013448
KOR,2006,23162.1860111297
KOR,2005,22123.7613066851
KOR,2004,21244.8136800528
KOR,2003,20278.0406421178
KOR,2002,19775.3800655139
KOR,2001,18460.4288193829
KOR,2000,17763.1353417297
XKX,2024,5631.67958854422
XKX,2023,5102.74674921908
XKX,2022,4666.38918595784
XKX,2021,4429.87389440857
XKX,2020,3990.94425586648
XKX,2019,4219.06495675744
XKX,2018,4009.11952439378
XKX,2017,3890.17624537261
XKX,2016,3739.17386677497
XKX,2015,3520.62685324451
XKX,2014,3279.02345017707
XKX,2013,3163.4704088827
XKX,2012,3021.35000691677
XKX,2011,2995.64811314457
XKX,2010,2822.63227046091
XKX,2009,2680.85995592712
XKX,2008,2543.5980687089
XKX,2007,
XKX,2006,
XKX,2005,
XKX,2004,
XKX,2003,
XKX,2002,
XKX,2001,
XKX,2000,
KWT,2024,24140.3257964584
KWT,2023,24722.8143701857
KWT,2022,26579.8321646876
KWT,2021,26203.2617257856
KWT,2020,25541.5378987908
KWT,2019,26580.2264741607
KWT,2018,26706.0191660864
KWT,2017,27048.3706935958
KWT,2016,29454.4426388829
KWT,2015,29882.2126495698
KWT,2014,31073.1537300624
KWT,2013,32311.1800008536
KWT,2012,33578.3309651964
KWT,2011,33545.346271839
KWT,2010,32568.4981754501
KWT,2009,35124.0853941026
KWT,2008,39852.5129115699
KWT,2007,41113.8693942735
KWT,2006,41137.969927672
KWT,2005,40451.2551656974
KWT,2004,37918.5405829238
KWT,2003,35169.6335737863
KWT,2002,30702.2162068121
KWT,2001,30573.4284224199
KWT,2000,31341.9780819419
KGZ,2024,1423.58624650541
KGZ,2023,1298.25724482211
KGZ,2022,1212.17812721768
KGZ,2021,1132.5546781282
KGZ,2020,1093.32856461422
KGZ,2019,1201.87701429721
KGZ,2018,1175.0712778747
KGZ,2017,1157.18275758067
KGZ,2016,1128.3161612818
KGZ,2015,1105.65193844261
KGZ,2014,1088.58214229508
KGZ,2013,1069.78404438716
KGZ,2012,985.8472865972
KGZ,2011,1005.4831781815
KGZ,2010,962.764789828724
KGZ,2009,981.220904665529
KGZ,2008,966.409971184817
KGZ,2007,900.02796489729
KGZ,2006,837.138026647346
KGZ,2005,820.709519437592
KGZ,2004,831.482103944381
KGZ,2003,786.350474964134
KGZ,2002,742.44300111832
KGZ,2001,749.423779561565
KGZ,2000,718.342832397662
LAO,2024,2721.07810663122
LAO,2023,2648.88726608035
LAO,2022,2589.05015191628
LAO,2021,2556.58912640405
LAO,2020,2529.74622698761
LAO,2019,2554.95638019245
LAO,2018,2459.97874636195
LAO,2017,2351.57441747595
LAO,2016,2234.76098741846
LAO,2015,2121.01339097363
LAO,2014,2006.31195444447
LAO,2013,1890.27861294875
LAO,2012,1774.63585203672
LAO,2011,1666.40086189871
LAO,2010,1564.91068311647
LAO,2009,1463.3379666846
LAO,2008,1381.73754223953
LAO,2007,1301.08597549864
LAO,2006,1228.08927619923
LAO,2005,1148.68153852071
LAO,2004,1088.76034728831
LAO,2003,1038.71192767783
LAO,2002,994.492241963795
LAO,2001,954.123505414634
LAO,2000,917.228038617529
LVA,2024,16376.2565245797
LVA,2023,16229.3844520245
LVA,2022,16421.3748596
LVA,2021,16070.1680032322
LVA,2020,14900.7295718866
LVA,2019,15328.3859933295
LVA,2018,15120.0698171804
LVA,2017,14382.8612727134
LVA,2016,13787.3367440023
LVA,2015,13321.9753140616
LVA,2014,12731.6771959342
LVA,2013,12353.5386135301
LVA,2012,11971.0107466522
LVA,2011,11018.5152421583
LVA,2010,10500.8666223014
LVA,2009,10675.425174228
LVA,2008,12506.6945041012
LVA,2007,12810.0409502542
LVA,2006,11507.4648265658
LVA,2005,10106.2626157732
LVA,2004,8957.23393555082
LVA,2003,8149.00183600084
LVA,2002,7443.22944659059
LVA,2001,6833.4354323157
LVA,2000,6336.38296707987
LBN,2024,5391.22914209501
LBN,2023,5834.63415739394
LBN,2022,5909.03651555028
LBN,2021,5973.41933892988
LBN,2020,6440.82843092922
LBN,2019,8064.04873416236
LBN,2018,8388.7235123835
LBN,2017,8305.57405425721
LBN,2016,8019.1416913426
LBN,2015,7714.1099998804
LBN,2014,7830.4151113336
LBN,2013,8443.53856528784
LBN,2012,8920.8056984673
LBN,2011,8936.20027462737
LBN,2010,8955.54336184707
LBN,2009,8375.48851252821
LBN,2008,7701.29823027979
LBN,2007,7179.34520092306
LBN,2006,6696.37428200596
LBN,2005,6707.18024635316
LBN,2004,6633.75258002393
LBN,2003,6319.76518298647
LBN,2002,6207.24133893746
LBN,2001,6085.76041420146
LBN,2000,5958.97836750301
LSO,2024,1012.59379523386
LSO,2023,973.116561960912
LSO,2022,967.51928598325
LSO,2021,955.221236301503
LSO,2020,944.834128375429
LSO,2019,1040.99351014117
LSO,2018,1068.44462913373
LSO,2017,1097.82166812752
LSO,2016,1147.58748801671
LSO,2015,1121.19851342518
LSO,2014,1100.04993684215
LSO,2013,1093.95323489272
LSO,2012,1086.39034816283
LSO,2011,1031.99721564343
LSO,2010,995.233432451681
LSO,2009,952.747929746529
LSO,2008,971.881366821351
LSO,2007,927.26863327342
LSO,2006,893.750686627156
LSO,2005,853.960500629797
LSO,2004,817.793597897186
LSO,2003,798.540500554454
LSO,2002,760.033443180306
LSO,2001,752.243212493971
LSO,2000,725.263668707773
LBR,2024,665.101337624192
LBR,2023,653.329188343162
LBR,2022,638.005183858289
LBR,2021,621.927983063426
LBR,2020,605.025475431411
LBR,2019,636.699384824869
LBR,2018,665.875439637137
LBR,2017,671.260899835355
LBR,2016,668.031513175601
LBR,2015,692.590082351257
LBR,2014,707.157694930142
LBR,2013,717.007280358975
LBR,2012,674.360011422232
LBR,2011,646.908727016597
LBR,2010,621.783295071575
LBR,2009,603.256211077605
LBR,2008,591.185378141907
LBR,2007,574.609394348543
LBR,2006,551.377446611852
LBR,2005,539.665378841936
LBR,2004,535.995882066218
LBR,2003,528.567395543421
LBR,2002,762.716393927064
LBR,2001,754.422355762017
LBR,2000,754.850917360951
LBY,2024,7696.0807819319
LBY,2023,7630.49664928174
LBY,2022,7002.68189296358
LBY,2021,7731.35448152581
LBY,2020,6102.79864032512
LBY,2019,8768.4104874586
LBY,2018,10020.9165751361
LBY,2017,9435.60060040046
LBY,2016,7236.16409923502
LBY,2015,7458.48917756374
LBY,2014,7644.24843947404
LBY,2013,10126.314927806
LBY,2012,12599.258882136
LBY,2011,6569.59477578957
LBY,2010,12913.9334939386
LBY,2009,12549.0854345521
LBY,2008,13403.0004645911
LBY,2007,13712.9602583972
LBY,2006,13176.7758911904
LBY,2005,12628.896152656
LBY,2004,11529.1086646221
LBY,2003,11267.0627623548
LBY,2002,10170.3095776338
LBY,2001,10467.8776146012
LBY,2000,10853.8059516526
LIE,2024,
LIE,2023,
LIE,2022,
LIE,2021,
LIE,2020,
LIE,2019,
LIE,2018,
LIE,2017,
LIE,2016,
LIE,2015,167187.15730982
LIE,2014,
LIE,2013,
LIE,2012,
LIE,2011,
LIE,2010,
LIE,2009,
LIE,2008,
LIE,2007,
LIE,2006,
LIE,2005,
LIE,2004,
LIE,2003,
LIE,2002,
LIE,2001,
LIE,2000,
LTU,2024,19205.4152293136
LTU,2023,18748.9302647191
LTU,2022,18873.8427527274
LTU,2021,18572.2895051093
LTU,2020,17443.65526328
LTU,2019,17431.7239081591
LTU,2018,16604.9021440809
LTU,2017,15695.9993288456
LTU,2016,14823.107153522
LTU,2015,14269.8039878287
LTU,2014,13753.1895982305
LTU,2013,13145.8069309969
LTU,2012,12516.6184065667
LTU,2011,11836.7200384033
LTU,2010,10884.1161852582
LTU,2009,10612.9204044582
LTU,2008,12324.5197331387
LTU,2007,11889.3545234657
LTU,2006,10577.2145522871
LTU,2005,9692.86853763267
LTU,2004,8851.92598922347
LTU,2003,8218.69336289848
LTU,2002,7374.0979710116
LTU,2001,6854.52512826671
LTU,2000,6384.30865426374
LUX,2024,104147.111291588
LUX,2023,105422.764660192
LUX,2022,107467.123965307
LUX,2021,110873.115269021
LUX,2020,105274.182260744
LUX,2019,107591.899505248
LUX,2018,106788.661202756
LUX,2017,107142.05542835
LUX,2016,108351.452194449
LUX,2015,105462.012584423
LUX,2014,105585.401767492
LUX,2013,105340.41498623
LUX,2012,104489.298083328
LUX,2011,105292.012346074
LUX,2010,106545.854916218
LUX,2009,104576.122195434
LUX,2008,110096.656683086
LUX,2007,112422.146493735
LUX,2006,105618.332853323
LUX,2005,101226.109631791
LUX,2004,100296.956996628
LUX,2003,97603.4028137275
LUX,2002,96275.0321314871
LUX,2001,94249.1625853478
LUX,2000,92533.1393756479
MAC,2024,63377.2932129214
MAC,2023,59474.3964251614
MAC,2022,34000.7134128308
MAC,2021,41634.2386139903
MAC,2020,33853.7761550109
MAC,2019,75724.6078280261
MAC,2018,79178.6506290559
MAC,2017,75650.1261840452
MAC,2016,68391.3415491921
MAC,2015,69902.9605741233
MAC,2014,92383.8434915276
MAC,2013,99054.4980289716
MAC,2012,93192.885853941
MAC,2011,88168.9713699088
MAC,2010,74195.0577762344
MAC,2009,59528.8350159491
MAC,2008,58146.3285846714
MAC,2007,58376.1176047275
MAC,2006,53240.2045750276
MAC,2005,49470.940295748
MAC,2004,47665.9330386643
MAC,2003,38581.6976189322
MAC,2002,34967.8914561813
MAC,2001,32441.6760183581
MAC,2000,31772.6302531656
MDG,2024,453.957809653992
MDG,2023,445.874102052267
MDG,2022,438.438112102315
MDG,2021,431.599103077746
MDG,2020,422.924255422319
MDG,2019,467.27741349648
MDG,2018,459.330367799543
MDG,2017,456.851859574031
MDG,2016,451.15659433146
MDG,2015,445.320069480568
MDG,2014,443.343869908205
MDG,2013,440.674658903628
MDG,2012,442.641500123543
MDG,2011,441.755158414121
MDG,2010,447.417143030687
MDG,2009,457.789754866068
MDG,2008,490.963935389518
MDG,2007,473.785462328449
MDG,2006,461.540337897729
MDG,2005,450.955230911228
MDG,2004,443.278654985967
MDG,2003,433.601040301214
MDG,2002,406.70122213637
MDG,2001,478.40561494987
MDG,2000,465.529509827021
MWI,2024,551.95152347056
MWI,2023,557.03523965791
MWI,2022,560.635759714941
MWI,2021,569.968967322435
MWI,2020,559.447086086067
MWI,2019,569.866249371948
MWI,2018,553.528790902088
MWI,2017,544.795729220349
MWI,2016,538.221990810959
MWI,2015,539.605363240686
MWI,2014,539.562601918057
MWI,2013,525.357645516557
MWI,2012,512.74031797451
MWI,2011,517.833736624232
MWI,2010,508.088650552846
MWI,2009,489.631418790158
MWI,2008,465.55147298007
MWI,2007,445.254305419586
MWI,2006,417.877689776503
MWI,2005,410.267979592536
MWI,2004,408.064916052765
MWI,2003,397.224846758815
MWI,2002,385.308980237095
MWI,2001,388.260039763569
MWI,2000,418.592985038462
MYS,2024,11883.79127749
MYS,2023,11445.3925275079
MYS,2022,11191.6511756943
MYS,2021,10388.2667120857
MYS,2020,10171.4657842762
MYS,2019,10902.9834855856
MYS,2018,10610.1950240479
MYS,2017,10293.7629205362
MYS,2016,9901.47960179812
MYS,2015,9648.6797937523
MYS,2014,9341.73055971278
MYS,2013,8964.80724896203
MYS,2012,8710.52671359902
MYS,2011,8400.32248683558
MYS,2010,8118.92270511981
MYS,2009,7700.46111294033
MYS,2008,7976.11785374773
MYS,2007,7769.59693350488
MYS,2006,7469.8106921211
MYS,2005,7234.02442689141
MYS,2004,7025.34558004381
MYS,2003,6732.92049458099
MYS,2002,6516.90671560155
MYS,2001,6334.92795651698
MYS,2000,6455.61419792583
MDV,2024,11798.791369146
MDV,2023,11439.5364342871
MDV,2022,10939.9963271738
MDV,2021,9759.2219360708
MDV,2020,7295.60220956454
MDV,2019,11194.9253748064
MDV,2018,10793.8941325367
MDV,2017,10263.2991147672
MDV,2016,9909.07669723415
MDV,2015,9644.90655028145
MDV,2014,9612.07861806739
MDV,2013,9213.32791442475
MDV,2012,8907.66134868182
MDV,2011,9005.81391375104
MDV,2010,8569.52494600725
MDV,2009,8313.4098369723
MDV,2008,9396.49733610486
MDV,2007,8933.17166363858
MDV,2006,8620.72814678183
MDV,2005,7141.88377049891
MDV,2004,8174.41607301248
MDV,2003,7845.29307409315
MDV,2002,7012.25568873173
MDV,2001,6647.6503820039
MDV,2000,7037.08546104613
MLI,2024,910.300376300627
MLI,2023,892.689219532429
MLI,2022,877.817842434642
MLI,2021,872.332509422409
MLI,2020,872.389426815267
MLI,2019,909.751069706998
MLI,2018,892.978322787306
MLI,2017,878.561348378099
MLI,2016,860.75307554569
MLI,2015,838.11986940103
MLI,2014,813.97566128646
MLI,2013,788.819448208696
MLI,2012,786.323471337187
MLI,2011,818.399030997125
MLI,2010,821.181286586904
MLI,2009,803.486738930068
MLI,2008,787.156518982091
MLI,2007,784.893915013531
MLI,2006,797.10053288464
MLI,2005,794.373328212082
MLI,2004,800.501816705242
MLI,2003,814.808466518784
MLI,2002,766.073669039402
MLI,2001,766.960343250964
MLI,2000,682.497420451512
MLT,2024,34501.7892727094
MLT,2023,33429.8172092336
MLT,2022,31447.3917315418
MLT,2021,31419.5031714693
MLT,2020,27861.80732148
MLT,2019,29522.6480165028
MLT,2018,29536.7913868949
MLT,2017,28546.6464943104
MLT,2016,25969.4999809345
MLT,2015,25529.6693210673
MLT,2014,23866.0555833557
MLT,2013,22626.4876843887
MLT,2012,21529.3882643778
MLT,2011,20867.9213022084
MLT,2010,20750.6382477568
MLT,2009,19635.9067186725
MLT,2008,20064.4517895547
MLT,2007,19342.3162783941
MLT,2006,18479.2043785147
MLT,2005,18123.2601873346
MLT,2004,17728.3576050982
MLT,2003,17775.4180936551
MLT,2002,17255.4217709726
MLT,2001,16920.7229743513
MLT,2000,17178.3693621174
MHL,2024,5832.53435602429
MHL,2023,5460.11795915213
MHL,2022,5591.46393193103
MHL,2021,5455.31704015278
MHL,2020,5172.57528216176
MHL,2019,5162.81500670348
MHL,2018,4542.34293916308
MHL,2017,4190.93468589482
MHL,2016,3946.8444109078
MHL,2015,3764.34426229508
MHL,2014,3620.77275283155
MHL,2013,3602.92811901896
MHL,2012,3420.91444796671
MHL,2011,3433.06297801838
MHL,2010,3441.31888402121
MHL,2009,3262.26955535477
MHL,2008,3146.26177205458
MHL,2007,3403.47842798117
MHL,2006,3285.12078781351
MHL,2005,3284.78403267445
MHL,2004,3234.15265200518
MHL,2003,3256.97244330835
MHL,2002,3322.41127856101
MHL,2001,3224.7911898754
MHL,2000,3040.59677355737
MRT,2024,1692.84166088843
MRT,2023,1638.99221583023
MRT,2022,1580.70391528747
MRT,2021,1524.11753502309
MRT,2020,1557.19511875153
MRT,2019,1609.15396170643
MRT,2018,1606.91539159026
MRT,2017,1580.01453100123
MRT,2016,1531.87725661699
MRT,2015,1558.84205473416
MRT,2014,1524.45340969502
MRT,2013,1506.66419033006
MRT,2012,1492.69966692583
MRT,2011,1476.23923867862
MRT,2010,1463.84763242531
MRT,2009,1472.73229282851
MRT,2008,1518.05671993749
MRT,2007,1567.52103874761
MRT,2006,1641.14052210995
MRT,2005,1422.08355395812
MRT,2004,1342.01926086998
MRT,2003,1311.83928290699
MRT,2002,1255.23785465583
MRT,2001,1265.81694335882
MRT,2000,1307.91078676112
MUS,2024,11918.8045212095
MUS,2023,11330.7335655767
MUS,2022,10703.2364271462
MUS,2021,9849.34891121846
MUS,2020,9533.5982796049
MUS,2019,11111.3423669526
MUS,2018,10805.4615213739
MUS,2017,10383.8832682578
MUS,2016,9997.89198315532
MUS,2015,9630.5437837507
MUS,2014,9297.64820128968
MUS,2013,8968.51243536773
MUS,2012,8694.84560747968
MUS,2011,8423.28220250903
MUS,2010,8100.95282599507
MUS,2009,7778.25811331163
MUS,2008,7545.15683789094
MUS,2007,7180.23173197486
MUS,2006,6819.92708580325
MUS,2005,6533.89994300683
MUS,2004,6457.90977761094
MUS,2003,6228.82545560651
MUS,2002,5923.09482066607
MUS,2001,5869.56961565396
MUS,2000,5724.49584395791
MEX,2024,10284.0336925726
MEX,2023,10234.6840265651
MEX,2022,10013.2479227064
MEX,2021,9728.05680024504
MEX,2020,9234.64362226594
MEX,2019,10159.4448367696
MEX,2018,10296.8690940459
MEX,2017,10193.7727188313
MEX,2016,10100.5021195819
MEX,2015,10021.2386113616
MEX,2014,9862.4812534745
MEX,2013,9738.71059661101
MEX,2012,9782.51776251839
MEX,2011,9575.93437734618
MEX,2010,9389.06722076504
MEX,2009,9074.11881448129
MEX,2008,9826.34218448486
MEX,2007,9877.69532636562
MEX,2006,9813.82804186659
MEX,2005,9491.51730268004
MEX,2004,9421.28976132695
MEX,2003,9221.99666685464
MEX,2002,9242.27886122367
MEX,2001,9398.35074347946
MEX,2000,9581.96970202823
FSM,2024,3001.79669747008
FSM,2023,2948.07720975276
FSM,2022,2928.52464245951
FSM,2021,3035.92251779232
FSM,2020,2963.44360529022
FSM,2019,3043.07718989012
FSM,2018,2946.05827846428
FSM,2017,2945.60147384462
FSM,2016,2896.47282245468
FSM,2015,2869.86276169101
FSM,2014,2757.39654878889
FSM,2013,2837.15746729135
FSM,2012,2952.58709656817
FSM,2011,3006.53976237006
FSM,2010,2901.24604798215
FSM,2009,2841.46745946079
FSM,2008,2779.82971113098
FSM,2007,2827.53072106163
FSM,2006,2853.20713732847
FSM,2005,2847.48229525537
FSM,2004,2758.74590390098
FSM,2003,2840.52449068865
FSM,2002,2787.27413276067
FSM,2001,2777.02466489199
FSM,2000,2735.1956569283
MDA,2024,3855.56940382925
MDA,2023,3758.3688194082
MDA,2022,3610.14315344719
MDA,2021,3688.16729442144
MDA,2020,3188.91691602699
MDA,2019,3438.67732670712
MDA,2018,3267.9961042872
MDA,2017,3085.33305844263
MDA,2016,2910.95486872376
MDA,2015,2749.55137054338
MDA,2014,2737.80185056647
MDA,2013,2605.85029986142
MDA,2012,2389.08666147529
MDA,2011,2402.94446306051
MDA,2010,2269.51116145996
MDA,2009,2116.94357544097
MDA,2008,2249.22589719372
MDA,2007,2082.51260097669
MDA,2006,2017.17730062908
MDA,2005,1919.44550763748
MDA,2004,1781.19145323724
MDA,2003,1654.36629303195
MDA,2002,1547.57421231612
MDA,2001,1432.2768928234
MDA,2000,1346.91567176561
MCO,2024,247170.10380708
MCO,2023,225884.077199125
MCO,2022,214359.505134575
MCO,2021,194674.686164262
MCO,2020,161262.850134167
MCO,2019,185582.66851648
MCO,2018,173041.679774743
MCO,2017,165781.701248644
MCO,2016,173120.108465128
MCO,2015,170437.021128628
MCO,2014,165288.122704322
MCO,2013,157167.901201149
MCO,2012,146472.609057682
MCO,2011,148272.642343465
MCO,2010,141814.720026733
MCO,2009,142375.465128834
MCO,2008,163243.675530457
MCO,2007,162028.404533603
MCO,2006,140615.112736683
MCO,2005,132253.156279139
MCO,2004,129403.344170518
MCO,2003,126022.179894764
MCO,2002,124481.821747795
MCO,2001,123122.065080301
MCO,2000,120456.449755199
MNG,2024,4626.79609644243
MNG,2023,4456.53627552726
MNG,2022,4205.88554513551
MNG,2021,4063.53669849245
MNG,2020,4066.03410882791
MNG,2019,4337.8167085432
MNG,2018,4183.85566447661
MNG,2017,3956.2049437134
MNG,2016,3817.91962716702
MNG,2015,3838.92126989984
MNG,2014,3830.35892049593
MNG,2013,3628.90708069575
MNG,2012,3318.16496597089
MNG,2011,3010.81642672623
MNG,2010,2611.67326563924
MNG,2009,2498.72967493254
MNG,2008,2576.71295838607
MNG,2007,2403.72416258662
MNG,2006,2209.74321787628
MNG,2005,2060.26168223171
MNG,2004,1942.36263694017
MNG,2003,1775.64906676137
MNG,2002,1680.65335337555
MNG,2001,1625.46152259484
MNG,2000,1598.31282040605
MNE,2024,8540.00427762252
MNE,2023,8278.02461006262
MNE,2022,7773.59958791074
MNE,2021,7198.3012265441
MNE,2020,6351.95187949313
MNE,2019,7470.29237568568
MNE,2018,7159.46778433252
MNE,2017,6840.90834101224
MNE,2016,6634.38197201003
MNE,2015,6421.00005731419
MNE,2014,6272.08821761355
MNE,2013,6138.24865275199
MNE,2012,5948.37632539014
MNE,2011,6110.65726880215
MNE,2010,5917.91510729977
MNE,2009,5768.65438505628
MNE,2008,6149.68269228913
MNE,2007,5763.03765244158
MNE,2006,5386.53580727982
MNE,2005,4967.68285096118
MNE,2004,4775.39661599401
MNE,2003,4581.10485010973
MNE,2002,4488.00506787032
MNE,2001,4421.83790075206
MNE,2000,4391.36753581801
MAR,2024,3516.15405273438
MAR,2023,3421.21704101563
MAR,2022,3334.91162109375
MAR,2021,3309.130859375
MAR,2020,3090.89428710938
MAR,2019,3364.73950195313
MAR,2018,3304.7119140625
MAR,2017,3242.64428710938
MAR,2016,3124.42504882813
MAR,2015,3146.24780273438
MAR,2014,3051.458984375
MAR,2013,3008.185546875
MAR,2012,2927.45043945313
MAR,2011,2879.53930664063
MAR,2010,2767.04223632813
MAR,2009,2710.66650390625
MAR,2008,2648.58569335938
MAR,2007,2540.615234375
MAR,2006,2489.99291992188
MAR,2005,2342.15478515625
MAR,2004,2301.08178710938
MAR,2003,2229.576171875
MAR,2002,2127.50708007813
MAR,2001,2078.96606445313
MAR,2000,1957.14135742188
MOZ,2024,605.763481416969
MOZ,2023,610.591041611538
MOZ,2022,596.086630918965
MOZ,2021,588.215854695416
MOZ,2020,591.804059985932
MOZ,2019,617.13932000195
MOZ,2018,621.153734194787
MOZ,2017,618.397694360334
MOZ,2016,620.779714954555
MOZ,2015,610.563774706589
MOZ,2014,585.266716133984
MOZ,2013,559.393953685688
MOZ,2012,540.2945177803
MOZ,2011,514.869957191994
MOZ,2010,494.162859074785
MOZ,2009,475.788178051193
MOZ,2008,460.94729485679
MOZ,2007,442.049574057751
MOZ,2006,420.526462764726
MOZ,2005,391.699758163976
MOZ,2004,377.064958084878
MOZ,2003,356.521157404125
MOZ,2002,340.13537022259
MOZ,2001,317.185703581034
MOZ,2000,287.390630344484
MMR,2024,1158.47928097728
MMR,2023,1177.76649645563
MMR,2022,1174.76697945755
MMR,2021,1136.9956605414
MMR,2020,1301.31386350667
MMR,2019,1440.98988236734
MMR,2018,1361.5683126412
MMR,2017,1290.5640902569
MMR,2016,1225.37913970989
MMR,2015,1166.73305546337
MMR,2014,1099.24387750099
MMR,2013,1024.69060473254
MMR,2012,953.123081923425
MMR,2011,895.512538750361
MMR,2010,854.932478016035
MMR,2009,785.634853157894
MMR,2008,714.620419017338
MMR,2007,651.729730890268
MMR,2006,586.085579927418
MMR,2005,522.099544784661
MMR,2004,463.330135715332
MMR,2003,411.498764121919
MMR,2002,364.855800192477
MMR,2001,328.973872708996
MMR,2000,298.590464506047
NAM,2024,4032.40150676649
NAM,2023,3973.49010579998
NAM,2022,3905.55135268164
NAM,2021,3809.80753359714
NAM,2020,3787.49943973286
NAM,2019,4243.09274481966
NAM,2018,4400.47537705743
NAM,2017,4476.73324402105
NAM,2016,4648.62713460213
NAM,2015,4774.10650865775
NAM,2014,4701.95694189098
NAM,2013,4549.26759093897
NAM,2012,4420.96741373862
NAM,2011,4302.72451368462
NAM,2010,4165.12990200988
NAM,2009,3989.20711387651
NAM,2008,4036.38187484707
NAM,2007,3987.61796106565
NAM,2006,3834.99894666178
NAM,2005,3627.75059772278
NAM,2004,3582.89503259701
NAM,2003,3232.30589658857
NAM,2002,3145.94566281247
NAM,2001,3055.40444831936
NAM,2000,3083.59657884697
NRU,2024,8218.72476802021
NRU,2023,8150.43396263948
NRU,2022,8260.97398991108
NRU,2021,8325.88214663427
NRU,2020,7770.69883784016
NRU,2019,7687.19643322519
NRU,2018,7149.78109138393
NRU,2017,7308.31758516515
NRU,2016,7925.5779662048
NRU,2015,7747.25584993607
NRU,2014,7638.99065218892
NRU,2013,6735.42128061862
NRU,2012,6626.18317072945
NRU,2011,5417.44487923767
NRU,2010,4748.76539924078
NRU,2009,4761.56658392323
NRU,2008,5045.18472364491
NRU,2007,4199.70508141733
NRU,2006,5382.10161869099
NRU,2005,4955.30929946913
NRU,2004,4949.8909692212
NRU,2003,5173.61228781975
NRU,2002,5147.16201696177
NRU,2001,5690.157298319
NRU,2000,6079.9670062498
NPL,2024,1179.95499311034
NPL,2023,1136.4276931197
NPL,2022,1113.55462341223
NPL,2021,1062.7888430629
NPL,2020,1031.53618783934
NPL,2019,1077.11796498188
NPL,2018,1021.91492204011
NPL,2017,951.857298563641
NPL,2016,875.188943730855
NPL,2015,875.543635474862
NPL,2014,846.665541773599
NPL,2013,801.039060847856
NPL,2012,775.310578479839
NPL,2011,742.617252662576
NPL,2010,721.265221364302
NPL,2009,692.400000816919
NPL,2008,666.865095417138
NPL,2007,633.226129136597
NPL,2006,617.477638588722
NPL,2005,603.190108570995
NPL,2004,589.46992868617
NPL,2003,570.28967363428
NPL,2002,556.438454538796
NPL,2001,564.28622920391
NPL,2000,547.221082273632
NLD,2024,51174.8997297902
NLD,2023,50960.7810305308
NLD,2022,51777.5314828276
NLD,2021,49780.8328352542
NLD,2020,47086.5674755497
NLD,2019,49254.024789064
NLD,2018,48463.0055608731
NLD,2017,47670.0858101833
NLD,2016,46655.0340264754
NLD,2015,45793.8135434697
NLD,2014,45042.0515907444
NLD,2013,44487.0378593394
NLD,2012,44631.8855633239
NLD,2011,45239.7198745589
NLD,2010,44659.2793901474
NLD,2009,44304.4041948677
NLD,2008,46227.1987545514
NLD,2007,45445.542186196
NLD,2006,43841.0915818567
NLD,2005,42411.3480862811
NLD,2004,41663.1290344572
NLD,2003,40981.839972092
NLD,2002,41135.4020353856
NLD,2001,41297.284710124
NLD,2000,40665.3000211594
NCL,2024,
NCL,2023,
NCL,2022,
NCL,2021,
NCL,2020,
NCL,2019,
NCL,2018,
NCL,2017,
NCL,2016,
NCL,2015,30858.7237060533
NCL,2014,
NCL,2013,
NCL,2012,
NCL,2011,
NCL,2010,
NCL,2009,
NCL,2008,
NCL,2007,
NCL,2006,
NCL,2005,
NCL,2004,
NCL,2003,
NCL,2002,
NCL,2001,
NCL,2000,
NZL,2024,41415.4670639187
NZL,2023,42501.4932044968
NZL,2022,42716.0866783034
NZL,2021,41309.8198451344
NZL,2020,39702.3112090418
NZL,2019,40615.7266946543
NZL,2018,40257.9139260803
NZL,2017,39667.6884236272
NZL,2016,39205.0341298225
NZL,2015,38648.7302562109
NZL,2014,38025.4674998632
NZL,2013,37240.0279166822
NZL,2012,36588.819747177
NZL,2011,35961.911959259
NZL,2010,35476.3713609154
NZL,2009,35352.6428453692
NZL,2008,35722.2274262581
NZL,2007,36400.0153308952
NZL,2006,35649.0258495224
NZL,2005,35112.0769481474
NZL,2004,34358.6289046143
NZL,2003,33502.6490755696
NZL,2002,32628.4322594563
NZL,2001,31705.2483531253
NZL,2000,30839.2953866092
NIC,2024,2290.31991989418
NIC,2023,2241.1228811163
NIC,2022,2175.73845893874
NIC,2021,2128.30880041334
NIC,2020,1950.19181218473
NIC,2019,2019.91518620044
NIC,2018,2107.3396261623
NIC,2017,2209.63273423213
NIC,2016,2140.14405941606
NIC,2015,2074.45620634731
NIC,2014,2006.64869646533
NIC,2013,1941.45628552626
NIC,2012,1876.1759720149
NIC,2011,1786.62863418308
NIC,2010,1704.37875049059
NIC,2009,1655.72028962416
NIC,2008,1736.65740610408
NIC,2007,1703.20780299405
NIC,2006,1644.37193565251
NIC,2005,1601.48770707458
NIC,2004,1555.87425694816
NIC,2003,1494.95618752566
NIC,2002,1475.48635411179
NIC,2001,1482.31517247279
NIC,2000,1458.37490084556
NER,2024,589.085643279512
NER,2023,561.960694711722
NER,2022,565.873385794358
NER,2021,520.912751008043
NER,2020,532.208221196997
NER,2019,526.60361746086
NER,2018,513.423699765289
NER,2017,497.172608329608
NER,2016,488.184823801581
NER,2015,485.662574175279
NER,2014,482.74524741946
NER,2013,469.690214200878
NER,2012,463.066265496402
NER,2011,434.986264873953
NER,2010,441.079166112039
NER,2009,421.650901333136
NER,2008,429.195542798877
NER,2007,413.419126261066
NER,2006,415.852022114801
NER,2005,407.190931059924
NER,2004,393.398781453199
NER,2003,406.333757497876
NER,2002,412.123793192578
NER,2001,406.923493665264
NER,2000,392.898616941042
NGA,2024,2324.59702394542
NGA,2023,2280.67777167162
NGA,2022,2254.29080414598
NGA,2021,2206.66406255564
NGA,2020,2228.68631426529
NGA,2019,2431.53528475874
NGA,2018,2431.77857832597
NGA,2017,2441.71236404537
NGA,2016,2481.81490350403
NGA,2015,2585.73360671797
NGA,2014,2583.61556958171
NGA,2013,2495.34106573862
NGA,2012,2403.65387896987
NGA,2011,2370.97657091881
NGA,2010,2315.46676509642
NGA,2009,2204.60725603823
NGA,2008,2098.2833922073
NGA,2007,2020.83316299437
NGA,2006,1949.15856804582
NGA,2005,1889.25175325842
NGA,2004,1824.80269456838
NGA,2003,1717.21451111739
NGA,2002,1644.39518877708
NGA,2001,1465.45720342369
NGA,2000,1421.67987952016
MKD,2024,6628.84686594032
MKD,2023,6423.99221393369
MKD,2022,6250.62720952063
MKD,2021,6064.92315120022
MKD,2020,5743.72649424581
MKD,2019,5961.58475399191
MKD,2018,5698.39334484489
MKD,2017,5510.81862920922
MKD,2016,5429.94678358359
MKD,2015,5262.68671928674
MKD,2014,5053.75001236367
MKD,2013,4863.68088666968
MKD,2012,4708.05168535923
MKD,2011,4711.13027870081
MKD,2010,4582.36517512347
MKD,2009,4405.20045750867
MKD,2008,4392.5507164151
MKD,2007,4140.63354809364
MKD,2006,3866.74650622977
MKD,2005,3657.56307699216
MKD,2004,3473.76544811451
MKD,2003,3307.92040834712
MKD,2002,3240.11064526089
MKD,2001,3169.32514368931
MKD,2000,3283.37934095351
MNP,2024,
MNP,2023,
MNP,2022,19461.8611129744
MNP,2021,16365.016735395
MNP,2020,15410.1186923944
MNP,2019,21451.4401636511
MNP,2018,23756.6075820248
MNP,2017,28989.3470221339
MNP,2016,23158.5744988538
MNP,2015,17665.1007493109
MNP,2014,16869.5270385638
MNP,2013,16015.0349164338
MNP,2012,15457.4258192247
MNP,2011,15226.1308805108
MNP,2010,16293.3059496259
MNP,2009,15710.5807282039
MNP,2008,18451.3905458787
MNP,2007,20117.7037335229
MNP,2006,20940.1619770428
MNP,2005,21882.2927935415
MNP,2004,24445.4618441919
MNP,2003,24650.0405531909
MNP,2002,24066.5361573445
MNP,2001,
MNP,2000,
NOR,2024,83487.1332276928
NOR,2023,83100.7944645872
NOR,2022,83756.7383805061
NOR,2021,81199.3391492139
NOR,2020,78387.0435023102
NOR,2019,79937.5097885912
NOR,2018,79313.2889434042
NOR,2017,78961.7757906168
NOR,2016,77532.2750022669
NOR,2015,77220.9524311414
NOR,2014,76430.7374974687
NOR,2013,75711.2410395262
NOR,2012,75669.0612719716
NOR,2011,74563.8349085669
NOR,2010,74505.4313586335
NOR,2009,74688.7531445371
NOR,2008,76876.8705028009
NOR,2007,77205.7545984008
NOR,2006,75428.8816534082
NOR,2005,73933.7446235264
NOR,2004,72292.1208978835
NOR,2003,69702.361157641
NOR,2002,69352.0430510008
NOR,2001,68725.4043162798
NOR,2000,67611.3411021859
OMN,2024,17347.2911298513
OMN,2023,17853.9644897801
OMN,2022,18792.4460565306
OMN,2021,18291.3387983888
OMN,2020,17743.8858800477
OMN,2019,18089.586668488
OMN,2018,18269.6769435562
OMN,2017,18277.945563615
OMN,2016,18830.6057208608
OMN,2015,18808.3077921839
OMN,2014,18726.2026946971
OMN,2013,19299.9400516869
OMN,2012,19824.1215485946
OMN,2011,20993.9079436935
OMN,2010,22766.0503620721
OMN,2009,22819.1977324647
OMN,2008,22007.7338963517
OMN,2007,20642.7489563377
OMN,2006,20096.3965576134
OMN,2005,19629.0451546015
OMN,2004,19534.8601445269
OMN,2003,19485.6441506077
OMN,2002,20150.1131971413
OMN,2001,20546.0554077598
OMN,2000,19881.7364316776
PAK,2024,1635.08731167091
PAK,2023,1610.33122837537
PAK,2022,1642.28066974826
PAK,2021,1595.02792175422
PAK,2020,1526.00597486307
PAK,2019,1573.8330826937
PAK,2018,1561.68169819559
PAK,2017,1495.26187528032
PAK,2016,1452.18658269177
PAK,2015,1380.47020838317
PAK,2014,1343.30778121043
PAK,2013,1309.70080446386
PAK,2012,1275.48806898966
PAK,2011,1261.83161907857
PAK,2010,1256.69482201323
PAK,2009,1269.07432116444
PAK,2008,1258.05188934452
PAK,2007,1265.35567539842
PAK,2006,1243.94142602543
PAK,2005,1201.23359367214
PAK,2004,1146.99632842666
PAK,2003,1090.27523993746
PAK,2002,1059.04171024589
PAK,2001,1057.86767778646
PAK,2000,1049.54229686852
PLW,2024,14666.5457772703
PLW,2023,13070.7944502154
PLW,2022,12889.6216058288
PLW,2021,12932.0857060233
PLW,2020,14673.8845975778
PLW,2019,15606.4827634374
PLW,2018,15545.7219371676
PLW,2017,15612.6700180498
PLW,2016,16179.3959628749
PLW,2015,15938.3652222848
PLW,2014,14725.8436432778
PLW,2013,14184.0449521037
PLW,2012,14289.7833891839
PLW,2011,13758.7587383152
PLW,2010,12933.0676102142
PLW,2009,13113.5786666921
PLW,2008,13759.0034121669
PLW,2007,14346.8995831129
PLW,2006,14037.3706523634
PLW,2005,13845.7172322875
PLW,2004,13456.8137686422
PLW,2003,13111.7142001123
PLW,2002,13503.9227174315
PLW,2001,12996.5090361666
PLW,2000,12216.9793626185
PAN,2024,17122.7168795289
PAN,2023,16877.1543425646
PAN,2022,15956.0671087873
PAN,2021,14552.9345271768
PAN,2020,12647.0914227279
PAN,2019,15602.5315209709
PAN,2018,15375.6500855703
PAN,2017,15045.5456426827
PAN,2016,14474.1243636349
PAN,2015,14082.6548502728
PAN,2014,13611.5490809559
PAN,2013,13236.8306754449
PAN,2012,12668.2945474105
PAN,2011,11761.4988547604
PAN,2010,10698.0717633911
PAN,2009,10267.0633151993
PAN,2008,10288.1549911493
PAN,2007,9507.64641073854
PAN,2006,8557.9801770364
PAN,2005,7935.87135060821
PAN,2004,7468.76593139801
PAN,2003,7037.08165700349
PAN,2002,6825.17747437166
PAN,2001,6787.86267897348
PAN,2000,6856.14919005847
PNG,2024,2566.91067057792
PNG,2023,2515.28575096589
PNG,2022,2467.24008628973
PNG,2021,2378.3893914666
PNG,2020,2438.61137922293
PNG,2019,2572.56177967896
PNG,2018,2518.45899317321
PNG,2017,2584.8883636271
PNG,2016,2557.09463030035
PNG,2015,2484.5963398603
PNG,2014,2391.3578028163
PNG,2013,2162.10592595591
PNG,2012,2139.48096660428
PNG,2011,2102.03192060639
PNG,2010,2140.50939027384
PNG,2009,2003.24109727039
PNG,2008,1934.03201558753
PNG,2007,2000.9726186689
PNG,2006,1915.2349405788
PNG,2005,1875.82273480514
PNG,2004,1821.84741071002
PNG,2003,1832.67870314447
PNG,2002,1854.41831737462
PNG,2001,1920.78003889393
PNG,2000,1989.57882204274
PRY,2024,6670.6995656958
PRY,2023,6452.28566840034
PRY,2022,6204.20811531911
PRY,2021,6276.7748423663
PRY,2020,6109.19608100615
PRY,2019,6243.53620897773
PRY,2018,6354.2392005297
PRY,2017,6243.13363139058
PRY,2016,6041.95879367268
PRY,2015,5879.33792308671
PRY,2014,5794.4764468976
PRY,2013,5583.12274473463
PRY,2012,5230.26244858764
PRY,2011,5342.19015717376
PRY,2010,5191.05014254402
PRY,2009,4727.59685811395
PRY,2008,4788.6631877791
PRY,2007,4540.38235899198
PRY,2006,4349.31197066182
PRY,2005,4193.2808652562
PRY,2004,4151.34584799368
PRY,2003,4035.71833919883
PRY,2002,3916.4402230868
PRY,2001,3972.88427866686
PRY,2000,4074.48953320404
PER,2024,6732.27773809578
PER,2023,6575.18295502228
PER,2022,6671.28902042137
PER,2021,6550.96747543872
PER,2020,5831.83024758521
PER,2019,6626.26083494969
PER,2018,6593.14437459526
PER,2017,6457.41940254721
PER,2016,6392.25474941014
PER,2015,6231.71150338894
PER,2014,6103.91864749969
PER,2013,6021.46142765232
PER,2012,5740.04346272472
PER,2011,5453.45718713631
PER,2010,5167.39259325937
PER,2009,4801.17153740507
PER,2008,4778.52642172313
PER,2007,4407.79121686416
PER,2006,4091.36268615581
PER,2005,3835.13219279722
PER,2004,3640.60299869744
PER,2003,3502.79165687646
PER,2002,3398.74991419297
PER,2001,3261.6642505136
PER,2000,3286.27308475523
PHL,2024,3926.14900894495
PHL,2023,3744.69763802686
PHL,2022,3577.70136573244
PHL,2021,3350.97587587776
PHL,2020,3198.66690008413
PHL,2019,3575.88170922922
PHL,2018,3410.93647976109
PHL,2017,3247.4503878362
PHL,2016,3076.3374186759
PHL,2015,2909.85818010301
PHL,2014,2776.92005909479
PHL,2013,2654.41506933978
PHL,2012,2533.74141964959
PHL,2011,2416.75212064542
PHL,2010,2373.14312064664
PHL,2009,2256.72554835463
PHL,2008,2264.9462907288
PHL,2007,2209.34651083329
PHL,2006,2110.42044781284
PHL,2005,2037.8776605946
PHL,2004,1978.34489133113
PHL,2003,1892.82161995051
PHL,2002,1837.25429286854
PHL,2001,1807.70892524758
PHL,2000,1793.34761146436
POL,2024,18000.5034591285
POL,2023,17410.3830137066
POL,2022,17303.64494323
POL,2021,16368.6239689025
POL,2020,15090.2228440113
POL,2019,15221.3090624454
POL,2018,14551.0850277089
POL,2017,13695.6452848724
POL,2016,13026.1858988718
POL,2015,12637.5220324406
POL,2014,12093.1622787394
POL,2013,11628.2286809525
POL,2012,11542.2353368014
POL,2011,11370.313427173
POL,2010,10808.3975674238
POL,2009,10446.5289138524
POL,2008,10187.2017910883
POL,2007,9760.7042604352
POL,2006,9137.65850849801
POL,2005,8598.57681241557
POL,2004,8323.38773754587
POL,2003,7915.55424389704
POL,2002,7640.99307757777
POL,2001,7494.96089503246
POL,2000,7401.57697647848
PRT,2024,22663.993126225
PRT,2023,22417.1634060906
PRT,2022,22042.8680283647
PRT,2021,20747.6990734163
PRT,2020,19778.7139525722
PRT,2019,21569.1874752919
PRT,2018,20997.7745987013
PRT,2017,20364.1962735946
PRT,2016,19662.82312462
PRT,2015,19215.7813014347
PRT,2014,18836.8967978906
PRT,2013,18597.7214623964
PRT,2012,18679.7626789594
PRT,2011,19389.6395896162
PRT,2010,19698.6836791397
PRT,2009,19371.1318876855
PRT,2008,20014.4749330004
PRT,2007,19979.5706280792
PRT,2006,19529.3122100477
PRT,2005,19251.71450683
PRT,2004,19137.8370898949
PRT,2003,18846.5411893632
PRT,2002,19095.1102477398
PRT,2001,19053.089945659
PRT,2000,18822.0933092937
PRI,2024,30978.7473320338
PRI,2023,30012.9055109463
PRI,2022,29643.6396279994
PRI,2021,28416.4489370346
PRI,2020,28144.713741876
PRI,2019,29185.0969964707
PRI,2018,28808.8518638025
PRI,2017,29061.5563802711
PRI,2016,29326.5748761873
PRI,2015,29242.041465085
PRI,2014,29141.2038639816
PRI,2013,29115.3549161996
PRI,2012,28968.6942131352
PRI,2011,28706.0207514856
PRI,2010,28569.5077088001
PRI,2009,28565.767919549
PRI,2008,28976.1310520159
PRI,2007,29347.8460041613
PRI,2006,29519.7386759729
PRI,2005,29815.216422231
PRI,2004,30375.7895758237
PRI,2003,27937.8165922567
PRI,2002,27940.3826219734
PRI,2001,27722.3671872748
PRI,2000,26131.9630643584
QAT,2024,62395.3113297112
QAT,2023,65111.033321485
QAT,2022,64315.6263643699
QAT,2021,65488.5117911123
QAT,2020,57769.604104354
QAT,2019,63430.4607609581
QAT,2018,64410.8171280981
QAT,2017,64497.6987225375
QAT,2016,67294.4585771356
QAT,2015,68985.2946961507
QAT,2014,71756.0649338302
QAT,2013,77379.6735599552
QAT,2012,82441.7405083009
QAT,2011,83533.4963791019
QAT,2010,74271.9022959058
QAT,2009,63939.8050831437
QAT,2008,64393.5954479866
QAT,2007,64614.0465071968
QAT,2006,68036.6212164734
QAT,2005,63555.6239820478
QAT,2004,63107.0086346445
QAT,2003,54970.419888684
QAT,2002,55493.6049997751
QAT,2001,54316.5419511925
QAT,2000,54948.2228055384
ROU,2024,12459.9112061891
ROU,2023,12340.8170509969
ROU,2022,12076.3033811896
ROU,2021,11546.3224998072
ROU,2020,10854.049431887
ROU,2019,11197.3162915853
ROU,2018,10714.1701157127
ROU,2017,10106.2269557253
ROU,2016,9286.87678236598
ROU,2015,8977.01748158196
ROU,2014,8661.47397274241
ROU,2013,8287.95844089676
ROU,2012,8234.28553425194
ROU,2011,8044.57194920892
ROU,2010,7660.70667630517
ROU,2009,7924.87058070212
ROU,2008,8318.00342795388
ROU,2007,7483.97375820611
ROU,2006,6876.77841417966
ROU,2005,6328.09022324183
ROU,2004,6008.64048461485
ROU,2003,5410.30835796252
ROU,2002,5248.54994632668
ROU,2001,4875.30310600635
ROU,2000,4569.31124324524
RUS,2024,11092.6337890625
RUS,2023,10560.4658203125
RUS,2022,10119.115234375
RUS,2021,10231.318359375
RUS,2020,9632.3251953125
RUS,2019,9882.0244140625
RUS,2018,9674.787109375
RUS,2017,9418.99609375
RUS,2016,9269.3173828125
RUS,2015,9277.7138671875
RUS,2014,9493.8125
RUS,2013,9601.537109375
RUS,2012,9464.0107421875
RUS,2011,9120.8203125
RUS,2010,8755.1201171875
RUS,2009,8381.8681640625
RUS,2008,9093.7001953125
RUS,2007,8640.40625
RUS,2006,7949.89697265625
RUS,2005,7323.38525390625
RUS,2004,6856.67822265625
RUS,2003,6370.45361328125
RUS,2002,5910.171875
RUS,2001,5618.95556640625
RUS,2000,5323.66650390625
RWA,2024,1043.15961499906
RWA,2023,993.911004643524
RWA,2022,935.89483254264
RWA,2021,871.041835304187
RWA,2020,821.257133282758
RWA,2019,863.872077583172
RWA,2018,808.704812752127
RWA,2017,765.845359390541
RWA,2016,748.798132068173
RWA,2015,725.691418696952
RWA,2014,682.709499066795
RWA,2013,661.893969452494
RWA,2012,647.436613845487
RWA,2011,610.376236415572
RWA,2010,579.419162804581
RWA,2009,553.621518556047
RWA,2008,534.678298622161
RWA,2007,493.803359157317
RWA,2006,471.150850642442
RWA,2005,443.00802474736
RWA,2004,415.943819000396
RWA,2003,397.480382602602
RWA,2002,397.558649363458
RWA,2001,356.017640545099
RWA,2000,331.096659537835
WSM,2024,4880.54418032056
WSM,2023,4688.46305366113
WSM,2022,4095.15875576978
WSM,2021,4032.1373106241
WSM,2020,4283.06392492734
WSM,2019,4466.08075482035
WSM,2018,4321.00518344962
WSM,2017,4393.37316255965
WSM,2016,4373.23792440391
WSM,2015,4084.36083819933
WSM,2014,3967.23730470679
WSM,2013,3976.39289268132
WSM,2012,4007.91092846814
WSM,2011,4201.45663738908
WSM,2010,4081.15535978003
WSM,2009,3875.94291686166
WSM,2008,3925.8743329936
WSM,2007,3818.25503804332
WSM,2006,3820.92239453139
WSM,2005,3755.78242822467
WSM,2004,3535.73813824914
WSM,2003,3444.99857743289
WSM,2002,3291.3424477268
WSM,2001,3137.46403765812
WSM,2000,2945.37217923198
SMR,2024,
SMR,2023,51323.7741002928
SMR,2022,51277.3242468583
SMR,2021,46834.1172363873
SMR,2020,40506.8341853183
SMR,2019,43525.4039798176
SMR,2018,42818.6755959614
SMR,2017,43057.7582484571
SMR,2016,43886.1965081114
SMR,2015,43146.8035302005
SMR,2014,42492.831738275
SMR,2013,42293.4679807917
SMR,2012,42082.5364542056
SMR,2011,46450.0042070199
SMR,2010,49672.6753589594
SMR,2009,52873.2443236949
SMR,2008,61572.7157847481
SMR,2007,62776.9178275821
SMR,2006,60604.3235393604
SMR,2005,59049.5507985237
SMR,2004,58393.1973140469
SMR,2003,59090.2064374385
SMR,2002,57615.3840607029
SMR,2001,58173.2673485907
SMR,2000,55806.8967854415
STP,2024,1373.27082138436
STP,2023,1380.60169416257
STP,2022,1403.23356704678
STP,2021,1428.28676097975
STP,2020,1430.84119299096
STP,2019,1420.66008316091
STP,2018,1413.84348618541
STP,2017,1375.59403284199
STP,2016,1342.533807689
STP,2015,1298.10946596396
STP,2014,1301.32146445028
STP,2013,1263.70423995281
STP,2012,1225.6945255615
STP,2011,1214.96130276731
STP,2010,1216.3502521663
STP,2009,1225.60541902997
STP,2008,1214.14114724792
STP,2007,1170.51612474435
STP,2006,1157.0861446542
STP,2005,1089.14778798762
STP,2004,1047.05796134884
STP,2003,1036.86196260207
STP,2002,982.32906557627
STP,2001,973.424252100436
STP,2000,959.938180991352
SAU,2024,25123.0122060281
SAU,2023,25634.8237547841
SAU,2022,26706.917926066
SAU,2021,24922.6716948944
SAU,2020,22827.671935548
SAU,2019,24905.6697428558
SAU,2018,24393.5188306638
SAU,2017,23035.1199977707
SAU,2016,22783.0328538685
SAU,2015,23256.1549553531
SAU,2014,23404.7306039825
SAU,2013,23057.3494468535
SAU,2012,23643.0358324647
SAU,2011,23314.5576023168
SAU,2010,21830.1424272816
SAU,2009,20577.5453445336
SAU,2008,21629.8405734551
SAU,2007,21196.7926036633
SAU,2006,21616.3355772516
SAU,2005,21838.1915349374
SAU,2004,21545.894988606
SAU,2003,20765.9387688082
SAU,2002,20025.4319998275
SAU,2001,21193.0922894351
SAU,2000,22247.8566987439
SEN,2024,1517.61838829684
SEN,2023,1458.9664233275
SEN,2022,1433.19918752288
SEN,2021,1414.53951093499
SEN,2020,1361.7914374888
SEN,2019,1379.60875249843
SEN,2018,1355.09610863533
SEN,2017,1312.10932775878
SEN,2016,1257.40906916238
SEN,2015,1218.00613555438
SEN,2014,1180.7987108505
SEN,2013,1147.3859217191
SEN,2012,1154.05677992367
SEN,2011,1139.74447892639
SEN,2010,1153.53431121583
SEN,2009,1142.65317233964
SEN,2008,1138.66883930214
SEN,2007,1123.99862153285
SEN,2006,1118.7830430051
SEN,2005,1119.0505307548
SEN,2004,1098.20064546027
SEN,2003,1074.38578467686
SEN,2002,1042.25509944289
SEN,2001,1067.36886550595
SEN,2000,1048.37474052363
SRB,2024,8580.26105823259
SRB,2023,8208.4786891507
SRB,2022,7862.95387364846
SRB,2021,7465.67601077148
SRB,2020,6850.96742168834
SRB,2019,6870.75810896296
SRB,2018,6524.08029755191
SRB,2017,6200.26118592152
SRB,2016,6024.95754653784
SRB,2015,5820.3215576888
SRB,2014,5716.54047153506
SRB,2013,5793.33614525565
SRB,2012,5739.3075023532
SRB,2011,5737.00120175811
SRB,2010,5690.70327182682
SRB,2009,5578.0119741931
SRB,2008,5735.94772695749
SRB,2007,5431.27887426624
SRB,2006,5016.41289322251
SRB,2005,4809.1384076488
SRB,2004,4527.43498659451
SRB,2003,4233.77644906089
SRB,2002,4038.65251197442
SRB,2001,3788.98233947399
SRB,2000,3542.35365914848
SYC,2024,16612.6374865452
SYC,2023,16286.8557867673
SYC,2022,15471.2109575418
SYC,2021,17005.0422063679
SYC,2020,17048.361729788
SYC,2019,19481.6461053742
SYC,2018,18628.1862276696
SYC,2017,17921.5731976918
SYC,2016,16962.6753972731
SYC,2015,15333.1051727105
SYC,2014,14395.6158118771
SYC,2013,14050.3135581314
SYC,2012,14135.0010570653
SYC,2011,13843.7116081878
SYC,2010,12313.5566919249
SYC,2009,12116.3783687977
SYC,2008,12473.2921769121
SYC,2007,13112.8210098816
SYC,2006,12105.4475265558
SYC,2005,11297.3118190493
SYC,2004,10412.0868936027
SYC,2003,10677.9692081272
SYC,2002,11218.2606464315
SYC,2001,11427.9413083015
SYC,2000,11703.7535246117
SLE,2024,1137.29005648131
SLE,2023,1113.86837500697
SLE,2022,1077.08884538507
SLE,2021,1045.7661615758
SLE,2020,1010.25294614757
SLE,2019,1046.96778078594
SLE,2018,1015.6678297205
SLE,2017,1010.54694071207
SLE,2016,1002.77862282013
SLE,2015,964.575980888989
SLE,2014,1032.23789355905
SLE,2013,1146.81973456475
SLE,2012,1025.04366004502
SLE,2011,950.760763054593
SLE,2010,902.769891411394
SLE,2009,872.23959352481
SLE,2008,882.54147817868
SLE,2007,872.68836234614
SLE,2006,859.824260714965
SLE,2005,842.906030904902
SLE,2004,829.759768928304
SLE,2003,806.066489012144
SLE,2002,766.788693742901
SLE,2001,642.036645844304
SLE,2000,727.240914632596
SGP,2024,68129.6960402288
SGP,2023,65976.7068036903
SGP,2022,68271.0897525302
SGP,2021,67846.8565377728
SGP,2020,59083.8574841572
SGP,2019,61106.3119775351
SGP,2018,61101.5252578902
SGP,2017,59493.3758595703
SGP,2016,57076.5241936787
SGP,2015,55645.6068614606
SGP,2014,54681.9336458253
SGP,2013,53298.9728558286
SGP,2012,51679.352717333
SGP,2011,50713.5326393594
SGP,2010,48752.0515441859
SGP,2009,43331.8746638962
SGP,2008,44601.5799302699
SGP,2007,46178.8139470199
SGP,2006,44159.4101820552
SGP,2005,41798.4880834671
SGP,2004,39856.6356222613
SGP,2003,36709.7965038255
SGP,2002,34598.8267483781
SGP,2001,33597.8690808226
SGP,2000,34890.0811365168
SXM,2024,34840.1808133458
SXM,2023,34300.9630414348
SXM,2022,33523.6042042737
SXM,2021,29834.6350068383
SXM,2020,28920.3773007159
SXM,2019,33877.976645467
SXM,2018,31047.7241050626
SXM,2017,33945.4185182499
SXM,2016,37428.7027557069
SXM,2015,37839.6283815163
SXM,2014,38623.1999405819
SXM,2013,38889.7715088035
SXM,2012,39298.9873567827
SXM,2011,39615.1371367338
SXM,2010,38403.0705201664
SXM,2009,37548.9474627441
SXM,2008,
SXM,2007,
SXM,2006,
SXM,2005,
SXM,2004,
SXM,2003,
SXM,2002,
SXM,2001,
SXM,2000,
SVK,2024,19776.1758069498
SVK,2023,19383.3732009401
SVK,2022,18964.8298400624
SVK,2021,18808.4540496595
SVK,2020,17763.8563847352
SVK,2019,18250.9802475637
SVK,2018,17869.0149173679
SVK,2017,17195.2888721963
SVK,2016,16740.7413996428
SVK,2015,16442.0760860018
SVK,2014,15647.6491763517
SVK,2013,15249.8824513785
SVK,2012,15159.6570420004
SVK,2011,14950.8735178599
SVK,2010,14596.1477776887
SVK,2009,13680.7537106597
SVK,2008,14497.1114407172
SVK,2007,13770.9602691527
SVK,2006,12430.2015488557
SVK,2005,11412.1593630008
SVK,2004,10718.2101858841
SVK,2003,10168.02256533
SVK,2002,9690.68468262889
SVK,2001,9277.35808851002
SVK,2000,8997.21199594319
SVN,2024,26134.627203987
SVN,2023,25773.9015835069
SVN,2022,25275.715967757
SVN,2021,24665.4410464026
SVN,2020,22811.8050540778
SVN,2019,23943.1800949889
SVN,2018,23293.966665323
SVN,2017,22397.7634988337
SVN,2016,21309.7122138949
SVN,2015,20697.2748530619
SVN,2014,20228.7081986391
SVN,2013,19704.2186005128
SVN,2012,19894.8697964548
SVN,2011,20535.4155754108
SVN,2010,20444.1201295876
SVN,2009,20307.6188322273
SVN,2008,22175.2369557321
SVN,2007,21485.780992381
SVN,2006,20166.5323431214
SVN,2005,19102.2776603905
SVN,2004,18425.2601213581
SVN,2003,17635.3608581831
SVN,2002,17099.658209132
SVN,2001,16576.7158840406
SVN,2000,16146.1216848394
SLB,2024,1806.38367324387
SLB,2023,1795.88798697142
SLB,2022,1788.61727922057
SLB,2021,1880.5519827183
SLB,2020,1930.65510307199
SLB,2019,2043.09139778307
SLB,2018,2061.8996970669
SLB,2017,2075.36705302305
SLB,2016,2084.24845745225
SLB,2015,2045.47721526649
SLB,2014,2085.16067273086
SLB,2013,2136.72116177034
SLB,2012,2105.91423758379
SLB,2011,2132.02844199392
SLB,2010,2058.95691648883
SLB,2009,1930.46287614922
SLB,2008,1911.18969015528
SLB,2007,1830.23321405807
SLB,2006,1796.71439810674
SLB,2005,1755.74082446273
SLB,2004,1664.57315979072
SLB,2003,1573.84348435767
SLB,2002,1504.84671895171
SLB,2001,1577.65519966257
SLB,2000,1747.71795607153
SOM,2024,467.269910194458
SOM,2023,464.72106952561
SOM,2022,460.046226685238
SOM,2021,461.627830726021
SOM,2020,462.867053737278
SOM,2019,494.444039712384
SOM,2018,498.981065013918
SOM,2017,506.501098879426
SOM,2016,458.92147682461
SOM,2015,445.583080073396
SOM,2014,417.516796906402
SOM,2013,397.108796344814
SOM,2012,369.617204753489
SOM,2011,349.577449077711
SOM,2010,329.970504936872
SOM,2009,317.038184814662
SOM,2008,304.741448811237
SOM,2007,294.210404466601
SOM,2006,284.47078986532
SOM,2005,275.457040797983
SOM,2004,266.257271856551
SOM,2003,257.910337235953
SOM,2002,248.636454000924
SOM,2001,239.839074088089
SOM,2000,233.032393086303
ZAF,2024,5715.47531469148
ZAF,2023,5756.55049453121
ZAF,2022,5786.86505344736
ZAF,2021,5750.90937479584
ZAF,2020,5569.58483319272
ZAF,2019,6032.82972598668
ZAF,2018,6117.2701406047
ZAF,2017,6125.6920507497
ZAF,2016,6095.295060428
ZAF,2015,6112.27382485974
ZAF,2014,6155.00589462516
ZAF,2013,6170.87670863373
ZAF,2012,6121.55783860713
ZAF,2011,6067.12482726885
ZAF,2010,5953.94506512821
ZAF,2009,5847.05811084505
ZAF,2008,6009.71963138635
ZAF,2007,5891.42069421698
ZAF,2006,5650.9883176549
ZAF,2005,5406.07581377638
ZAF,2004,5187.35683424034
ZAF,2003,5011.62223150169
ZAF,2002,4916.81498068625
ZAF,2001,4786.482450463
ZAF,2000,4700.87555500704
SSD,2024,
SSD,2023,
SSD,2022,
SSD,2021,
SSD,2020,
SSD,2019,
SSD,2018,
SSD,2017,
SSD,2016,
SSD,2015,1080.14718624765
SSD,2014,1197.09491969479
SSD,2013,1165.16202707495
SSD,2012,1069.19619080938
SSD,2011,2073.23981819145
SSD,2010,2295.07026096006
SSD,2009,2293.80166888543
SSD,2008,2289.18415375563
SSD,2007,
SSD,2006,
SSD,2005,
SSD,2004,
SSD,2003,
SSD,2002,
SSD,2001,
SSD,2000,
ESP,2024,29245.2192451729
ESP,2023,28558.6319817501
ESP,2022,28203.1093419474
ESP,2021,26705.3629138959
ESP,2020,25077.019882928
ESP,2019,28301.4393949563
ESP,2018,27956.7225466484
ESP,2017,27426.281015093
ESP,2016,26719.2442268615
ESP,2015,25982.4416197775
ESP,2014,24947.8512505913
ESP,2013,24498.5559507945
ESP,2012,24763.568274484
ESP,2011,25510.5579678829
ESP,2010,25766.2515825743
ESP,2009,25860.8142592652
ESP,2008,27112.526293889
ESP,2007,27338.79541774
ESP,2006,26899.0921497113
ESP,2005,26294.447384391
ESP,2004,25825.3106463315
ESP,2003,25481.1653690112
ESP,2002,25205.3154769045
ESP,2001,24878.3784543991
ESP,2000,24106.8818529374
LKA,2024,4198.74513727898
LKA,2023,3977.13564995085
LKA,2022,4033.14560306744
LKA,2021,4357.97224978578
LKA,2020,4227.23314530167
LKA,2019,4455.78188788143
LKA,2018,4493.03574617534
LKA,2017,4436.00789131029
LKA,2016,4214.74117217382
LKA,2015,4057.71582716521
LKA,2014,3929.92061307909
LKA,2013,3728.93585962083
LKA,2012,3484.79048392653
LKA,2011,3232.37349786435
LKA,2010,2993.01410960302
LKA,2009,2787.27350463737
LKA,2008,2708.58593724377
LKA,2007,2573.54361719411
LKA,2006,2426.34872826822
LKA,2005,2268.6880085282
LKA,2004,2149.10628192765
LKA,2003,2052.03044701403
LKA,2002,1951.22522418199
LKA,2001,1896.48251385291
LKA,2000,1956.93310021177
KNA,2024,21692.2406392872
KNA,2023,21664.0333984701
KNA,2022,21050.758653729
KNA,2021,19031.8211910603
KNA,2020,18918.8263456611
KNA,2019,22297.7644995701
KNA,2018,21635.4972146482
KNA,2017,21191.6047083703
KNA,2016,21133.6575914414
KNA,2015,20328.8003530109
KNA,2014,20187.8061975481
KNA,2013,18773.8926898397
KNA,2012,17770.4963640576
KNA,2011,17958.6813977053
KNA,2010,17688.0690103409
KNA,2009,17671.2547069735
KNA,2008,18325.7612670282
KNA,2007,16508.1437081315
KNA,2006,16457.8622372067
KNA,2005,16000.5658929826
KNA,2004,14619.795111247
KNA,2003,14100.3067967234
KNA,2002,14727.3908829316
KNA,2001,14610.9099610508
KNA,2000,14039.0281125333
LCA,2024,12190.7970890156
LCA,2023,11665.6826047818
LCA,2022,11258.6110790564
LCA,2021,9447.30059244639
LCA,2020,8512.8183987353
LCA,2019,11077.9479823807
LCA,2018,11233.8883578457
LCA,2017,10960.4843512477
LCA,2016,10644.1612913407
LCA,2015,10334.9860823918
LCA,2014,10369.9382566513
LCA,2013,10279.4155096001
LCA,2012,10517.2777635533
LCA,2011,10576.8979743596
LCA,2010,10191.3146827694
LCA,2009,10219.8024011561
LCA,2008,10583.4310172598
LCA,2007,10147.4432459936
LCA,2006,10045.6504032593
LCA,2005,9527.58469430542
LCA,2004,9637.37801390276
LCA,2003,9054.06778374517
LCA,2002,8755.45939353129
LCA,2001,8795.54582090658
LCA,2000,9198.93894352203
MAF,2024,
MAF,2023,
MAF,2022,
MAF,2021,
MAF,2020,
MAF,2019,
MAF,2018,
MAF,2017,
MAF,2016,
MAF,2015,
MAF,2014,
MAF,2013,
MAF,2012,
MAF,2011,
MAF,2010,
MAF,2009,
MAF,2008,
MAF,2007,
MAF,2006,
MAF,2005,
MAF,2004,
MAF,2003,
MAF,2002,
MAF,2001,
MAF,2000,
VCT,2024,9485.18771201686
VCT,2023,9051.35208011007
VCT,2022,8532.7381341339
VCT,2021,8211.33588012942
VCT,2020,7989.74651933597
VCT,2019,8294.67434486665
VCT,2018,8179.99598957084
VCT,2017,7872.92690537077
VCT,2016,7702.8942635647
VCT,2015,7353.73556054184
VCT,2014,7116.22071347207
VCT,2013,6996.57386151332
VCT,2012,6790.68325958275
VCT,2011,6674.58198966102
VCT,2010,6678.04200697308
VCT,2009,6955.82358345268
VCT,2008,7019.9950843874
VCT,2007,6960.17151500732
VCT,2006,6707.27875985734
VCT,2005,6244.35953746008
VCT,2004,6071.94945269221
VCT,2003,5816.20788359407
VCT,2002,5441.52648867536
VCT,2001,5158.56617678847
VCT,2000,5067.96739467376
SDN,2024,578.38916015625
SDN,2023,677.723205566406
SDN,2022,973.225280761719
SDN,2021,1009.54888916016
SDN,2020,1056.86474609375
SDN,2019,1126.55297851563
SDN,2018,1185.94445800781
SDN,2017,1261.87353515625
SDN,2016,1297.15454101563
SDN,2015,1292.37963867188
SDN,2014,1307.3896484375
SDN,2013,1283.45922851563
SDN,2012,1288.25854492188
SDN,2011,1388.21813964844
SDN,2010,1311.22314453125
SDN,2009,1301.34729003906
SDN,2008,1381.62561035156
SDN,2007,1372.10961914063
SDN,2006,1336.1240234375
SDN,2005,1290.24438476563
SDN,2004,1255.67114257813
SDN,2003,1226.42077636719
SDN,2002,1185.21533203125
SDN,2001,1150.17626953125
SDN,2000,1111.11865234375
SUR,2024,7246.25768221495
SUR,2023,7186.47308144145
SUR,2022,7081.33357325783
SUR,2021,6973.89941868115
SUR,2020,7213.10766669943
SUR,2019,8677.30522021731
SUR,2018,8666.64870697797
SUR,2017,8338.69235401862
SUR,2016,8293.31553031406
SUR,2015,8813.61705392067
SUR,2014,9224.24378410547
SUR,2013,9303.46008775809
SUR,2012,9140.92898611536
SUR,2011,9003.28597674886
SUR,2010,8603.90786745855
SUR,2009,8276.69079768793
SUR,2008,8129.11464659446
SUR,2007,7897.25648915828
SUR,2006,7599.35696921481
SUR,2005,7261.8171350196
SUR,2004,7021.98919924338
SUR,2003,6567.84309876847
SUR,2002,6301.31731043167
SUR,2001,6255.55274185687
SUR,2000,6128.31602380553
SWE,2024,54316.2619329718
SWE,2023,53937.7967122429
SWE,2022,54304.1877501033
SWE,2021,53997.1337068799
SWE,2020,51624.5811789573
SWE,2019,53024.4099494317
SWE,2018,52203.0872589761
SWE,2017,51894.3748177808
SWE,2016,51626.3235312369
SWE,2015,51188.1652120493
SWE,2014,49557.6183647959
SWE,2013,48928.4994141291
SWE,2012,48789.7906883637
SWE,2011,49356.5905257047
SWE,2010,48205.5492512742
SWE,2009,45974.3911151254
SWE,2008,48428.6587081751
SWE,2007,49262.152916545
SWE,2006,48078.3520110084
SWE,2005,46189.6828420555
SWE,2004,45114.6701230708
SWE,2003,43475.3655433221
SWE,2002,42831.7584103774
SWE,2001,42014.4022302506
SWE,2000,41561.7747635857
CHE,2024,93018.3768706697
CHE,2023,92947.9424441568
CHE,2022,93360.440112464
CHE,2021,90924.9256769825
CHE,2020,86293.9183441155
CHE,2019,88932.4119306425
CHE,2018,88581.0826935584
CHE,2017,86362.360972862
CHE,2016,85951.2234148345
CHE,2015,85265.06205193
CHE,2014,85004.8134534
CHE,2013,83914.0245080812
CHE,2012,83354.0207485188
CHE,2011,83307.3180998465
CHE,2010,83069.4276373455
CHE,2009,81288.642957612
CHE,2008,83934.7657221246
CHE,2007,82909.1358291459
CHE,2006,80448.9696781612
CHE,2005,77741.3436104704
CHE,2004,75997.4453154761
CHE,2003,74592.0284690955
CHE,2002,75361.6941607385
CHE,2001,75646.1781144131
CHE,2000,74933.2770077552
SYR,2024,
SYR,2023,
SYR,2022,716.943843933856
SYR,2021,746.077458768389
SYR,2020,753.135305709477
SYR,2019,771.517948289192
SYR,2018,792.412864720441
SYR,2017,795.881817153216
SYR,2016,802.968607901263
SYR,2015,847.731545352582
SYR,2014,847.658909813856
SYR,2013,884.328816905262
SYR,2012,1142.29215064994
SYR,2011,1542.71903961106
SYR,2010,1526.36518590261
SYR,2009,1484.40718049155
SYR,2008,1423.59407304833
SYR,2007,1411.68909698729
SYR,2006,1420.72014052107
SYR,2005,1411.6316668592
SYR,2004,1363.6138135409
SYR,2003,1307.48124980131
SYR,2002,1331.12579353123
SYR,2001,1264.321407912
SYR,2000,1248.38345857564
TJK,2024,1496.33813395037
TJK,2023,1407.1075436221
TJK,2022,1325.75545290849
TJK,2021,1254.06999592306
TJK,2020,1171.90127480359
TJK,2019,1148.34676712493
TJK,2018,1094.8002018221
TJK,2017,1042.26391757642
TJK,2016,997.352614556708
TJK,2015,956.916310930656
TJK,2014,925.970961482804
TJK,2013,889.882383099979
TJK,2012,849.519080831738
TJK,2011,809.368229154093
TJK,2010,770.604105393791
TJK,2009,739.212878526331
TJK,2008,726.185491338269
TJK,2007,686.48090192413
TJK,2006,649.163328755334
TJK,2005,618.333702588577
TJK,2004,590.957111385699
TJK,2003,546.391479808684
TJK,2002,501.80856647117
TJK,2001,461.681195760256
TJK,2000,429.537300984643
TZA,2024,1120.77416992188
TZA,2023,1092.86413574219
TZA,2022,1070.58532714844
TZA,2021,1054.31726074219
TZA,2020,1041.25964355469
TZA,2019,1051.7666015625
TZA,2018,1024.01525878906
TZA,2017,1001.55895996094
TZA,2016,970.156127929688
TZA,2015,939.127319335938
TZA,2014,913.811218261719
TZA,2013,882.8115234375
TZA,2012,851.910705566406
TZA,2011,838.999267578125
TZA,2010,801.29931640625
TZA,2009,772.929565429688
TZA,2008,752.540466308594
TZA,2007,731.52001953125
TZA,2006,704.502746582031
TZA,2005,680.051208496094
TZA,2004,650.516540527344
TZA,2003,621.720703125
TZA,2002,598.421569824219
TZA,2001,573.400146484375
TZA,2000,555.348083496094
THA,2024,6616.58539335928
THA,2023,6423.99101164149
THA,2022,6279.82250415973
THA,2021,6119.11018526099
THA,2020,6032.42244606793
THA,2019,6434.53770518034
THA,2018,6314.19948412043
THA,2017,6076.74307700082
THA,2016,5857.78052935926
THA,2015,5688.85335397884
THA,2014,5541.46599361845
THA,2013,5516.61164164135
THA,2012,5403.87846036273
THA,2011,5070.23740191942
THA,2010,5059.35747831657
THA,2009,4737.45679763314
THA,2008,4805.76393990836
THA,2007,4760.66708464831
THA,2006,4551.5250018314
THA,2005,4372.25730206261
THA,2004,4232.77157261934
THA,2003,4018.15538187068
THA,2002,3783.75422073266
THA,2001,3599.02524877358
THA,2000,3514.71662970608
TLS,2024,1149.21889002201
TLS,2023,1279.2112241611
TLS,2022,1579.71084680858
TLS,2021,2015.82039246197
TLS,2020,1947.83997138866
TLS,2019,1507.24748294374
TLS,2018,1237.20064730412
TLS,2017,1267.08660142883
TLS,2016,1333.6585468432
TLS,2015,1319.59297370991
TLS,2014,1312.96494079465
TLS,2013,1281.92864092574
TLS,2012,1269.41629276068
TLS,2011,1237.48383284275
TLS,2010,1195.38067803197
TLS,2009,1120.09698448398
TLS,2008,1042.86835443002
TLS,2007,961.848462090269
TLS,2006,897.573763670928
TLS,2005,964.026614173558
TLS,2004,955.470548287377
TLS,2003,964.32256461813
TLS,2002,1028.1319342253
TLS,2001,1192.74796162196
TLS,2000,1117.56429796112
TGO,2024,1053.81653764697
TGO,2023,1011.2308927823
TGO,2022,970.535975822983
TGO,2021,928.301087692897
TGO,2020,899.748802355348
TGO,2019,900.166602437871
TGO,2018,876.562800915869
TGO,2017,851.735728621337
TGO,2016,832.959515987733
TGO,2015,813.894676975085
TGO,2014,786.587399651446
TGO,2013,759.841612443554
TGO,2012,733.683602929868
TGO,2011,706.442158827353
TGO,2010,686.014185396121
TGO,2009,668.669623161752
TGO,2008,654.896723036341
TGO,2007,650.046681355874
TGO,2006,678.890227390526
TGO,2005,680.485159475257
TGO,2004,731.610797958447
TGO,2003,757.076842057466
TGO,2002,727.322768684689
TGO,2001,718.084179469825
TGO,2000,730.148392769906
TON,2024,4779.92399898557
TON,2023,4680.30010664357
TON,2022,4533.96809820124
TON,2021,4612.90086913298
TON,2020,4647.0077529158
TON,2019,4566.07508700721
TON,2018,4583.55968565688
TON,2017,4568.62484962494
TON,2016,4419.8147470039
TON,2015,4123.90347238813
TON,2014,4058.81584447473
TON,2013,3962.16980948788
TON,2012,3932.59367180675
TON,2011,3892.76807750666
TON,2010,3653.97817265087
TON,2009,3630.76096995072
TON,2008,3833.60169058266
TON,2007,3665.89549972281
TON,2006,3775.24848570829
TON,2005,3880.07054158497
TON,2004,3928.06030724493
TON,2003,4030.19690552619
TON,2002,4050.98962313421
TON,2001,3901.1807203994
TON,2000,3866.68591314331
TTO,2024,16312.4849555716
TTO,2023,15922.7668349788
TTO,2022,15712.230497272
TTO,2021,15558.0940536829
TTO,2020,15679.9611486825
TTO,2019,17225.361633712
TTO,2018,17205.615135339
TTO,2017,17402.6155328454
TTO,2016,18331.034459758
TTO,2015,19887.2327716498
TTO,2014,20032.5402001718
TTO,2013,19392.1974593783
TTO,2012,18835.6674122954
TTO,2011,17746.509252615
TTO,2010,17938.0949459463
TTO,2009,17461.9640940055
TTO,2008,18285.2735441992
TTO,2007,17758.6995224652
TTO,2006,17021.2241679562
TTO,2005,15075.4179709902
TTO,2004,13657.2534995604
TTO,2003,12714.5004334846
TTO,2002,11165.960015838
TTO,2001,10395.2041042218
TTO,2000,10023.0206669207
TUN,2024,4006.20588267443
TUN,2023,3967.33387634534
TUN,2022,3986.54558325666
TUN,2021,3902.53322990199
TUN,2020,3749.26841452928
TUN,2019,4153.27978615515
TUN,2018,4127.97005697994
TUN,2017,4062.80606534519
TUN,2016,4015.28893802703
TUN,2015,4014.94773686432
TUN,2014,4021.59954703591
TUN,2013,3947.58763533174
TUN,2012,3900.04620132702
TUN,2011,3784.7412903401
TUN,2010,3906.90625867605
TUN,2009,3835.25011939301
TUN,2008,3760.11828478704
TUN,2007,3642.11977444786
TUN,2006,3444.5513526091
TUN,2005,3301.93817216029
TUN,2004,3218.72320748457
TUN,2003,3058.22895827842
TUN,2002,2950.20410959054
TUN,2001,2941.73893592906
TUN,2000,2864.54703666618
TUR,2024,15395.0278894893
TUR,2023,14932.8851363122
TUR,2022,14273.5747654873
TUR,2021,13670.938029516
TUR,2020,12338.643833135
TUR,2019,12238.2950220128
TUR,2018,12255.0082146169
TUR,2017,12005.6459824832
TUR,2016,11279.6169531569
TUR,2015,11064.6494504662
TUR,2014,10597.9801881716
TUR,2013,10269.4489140773
TUR,2012,9588.32066531438
TUR,2011,9265.85910238578
TUR,2010,8472.57809050119
TUR,2009,7925.30110421185
TUR,2008,8447.93976396947
TUR,2007,8477.53328393352
TUR,2006,8078.5153787571
TUR,2005,7623.14640948457
TUR,2004,7061.62219794984
TUR,2003,6496.07277294612
TUR,2002,6211.70542960394
TUR,2001,5906.92348536699
TUR,2000,6326.25746472488
TKM,2024,8229.67261114232
TKM,2023,7879.96559789716
TKM,2022,7549.25301930356
TKM,2021,7244.61385880341
TKM,2020,6964.38162887016
TKM,2019,6719.32320157703
TKM,2018,6460.13015920839
TKM,2017,6221.41962759021
TKM,2016,5979.47627661058
TKM,2015,5759.497903834
TKM,2014,5535.50161297771
TKM,2013,5131.14087328544
TKM,2012,4762.66047536389
TKM,2011,4383.14380872567
TKM,2010,3902.54200118683
TKM,2009,3647.67813083756
TKM,2008,3506.50453694834
TKM,2007,3115.9792751828
TKM,2006,2858.53224143565
TKM,2005,2624.2315668841
TKM,2004,2365.72190264503
TKM,2003,2296.70842307223
TKM,2002,2268.02824244615
TKM,2001,2307.71956018735
TKM,2000,2256.40240323977
TCA,2024,57179.29601876
TCA,2023,54523.0330927151
TCA,2022,48307.3079245499
TCA,2021,42907.7492465912
TCA,2020,33739.4253991739
TCA,2019,52419.8862128617
TCA,2018,51863.1830309332
TCA,2017,50586.1032335151
TCA,2016,30183.0002949881
TCA,2015,29457.0140691162
TCA,2014,27636.8210228067
TCA,2013,26477.5410719582
TCA,2012,27441.3335987017
TCA,2011,29363.9475927366
TCA,2010,29111.8729223189
TCA,2009,29988.5997375172
TCA,2008,38854.1075698814
TCA,2007,37466.1822614725
TCA,2006,
TCA,2005,
TCA,2004,
TCA,2003,
TCA,2002,
TCA,2001,
TCA,2000,
TUV,2024,4382.8876648687
TUV,2023,4165.7693870564
TUV,2022,3953.66795349958
TUV,2021,4351.24068896314
TUV,2020,4265.46279289261
TUV,2019,4323.09703196938
TUV,2018,3750.43562817208
TUV,2017,3658.98029250415
TUV,2016,3523.41345550387
TUV,2015,3352.66722400181
TUV,2014,3059.3244224989
TUV,2013,3004.5049231989
TUV,2012,2912.10912265748
TUV,2011,3040.4474312404
TUV,2010,2872.02011343345
TUV,2009,2987.77161613649
TUV,2008,3208.62150790145
TUV,2007,3051.64998981595
TUV,2006,2890.2979042629
TUV,2005,2886.47360709377
TUV,2004,3036.7117312686
TUV,2003,3133.78208016242
TUV,2002,3300.84183236169
TUV,2001,3059.14305159403
TUV,2000,3051.37894204891
UGA,2024,986.090145363924
UGA,2023,955.745797275462
UGA,2022,933.094056370423
UGA,2021,919.401675217265
UGA,2020,917.0350317644
UGA,2019,920.939101515671
UGA,2018,895.07512785438
UGA,2017,871.093880017151
UGA,2016,874.648370639216
UGA,2015,862.934610355811
UGA,2014,845.978664791099
UGA,2013,828.988669729986
UGA,2012,823.580468285493
UGA,2011,816.516366587228
UGA,2010,768.624091660131
UGA,2009,749.342865535423
UGA,2008,722.565167003452
UGA,2007,684.542241787248
UGA,2006,650.270540867444
UGA,2005,604.404813057618
UGA,2004,585.339489080616
UGA,2003,564.720539196569
UGA,2002,547.405338919875
UGA,2001,519.456547890884
UGA,2000,509.19755319016
UKR,2024,2226.05810546875
UKR,2023,2164.26123046875
UKR,2022,1874.66296386719
UKR,2021,2426.6123046875
UKR,2020,2324.107421875
UKR,2019,2398.07836914063
UKR,2018,2308.6669921875
UKR,2017,2217.7529296875
UKR,2016,2156.0830078125
UKR,2015,2094.47387695313
UKR,2014,2308.6435546875
UKR,2013,2432.41625976563
UKR,2012,2426.92944335938
UKR,2011,2418.12084960938
UKR,2010,2285.93383789063
UKR,2009,2188.17016601563
UKR,2008,2567.69409179688
UKR,2007,2498.35205078125
UKR,2006,2298.13232421875
UKR,2005,2122.6015625
UKR,2004,2042.44494628906
UKR,2003,1814.25854492188
UKR,2002,1644.28125
UKR,2001,1547.2783203125
UKR,2000,1409.22265625
ARE,2024,41605.4138706908
ARE,2023,41926.5773498407
ARE,2022,41828.5686923546
ARE,2021,40935.8915482084
ARE,2020,39878.4663896389
ARE,2019,43468.4534705013
ARE,2018,43377.802601486
ARE,2017,43293.0202360765
ARE,2016,45168.4955973912
ARE,2015,44910.3458860776
ARE,2014,44257.6652085451
ARE,2013,44312.6320463505
ARE,2012,43958.5779670713
ARE,2011,43687.7919424546
ARE,2010,42328.84668186
ARE,2009,42672.1946222627
ARE,2008,47922.6941430472
ARE,2007,52038.6229393122
ARE,2006,56629.9713117545
ARE,2005,55363.5818196998
ARE,2004,55611.4376344125
ARE,2003,53619.1662875958
ARE,2002,52216.8318338175
ARE,2001,54169.4135701565
ARE,2000,56939.3600767998
GBR,2024,47900.9680144146
GBR,2023,47911.1540134832
GBR,2022,48410.095170282
GBR,2021,46491.5068836685
GBR,2020,42985.0392148248
GBR,2019,47866.9140354078
GBR,2018,47516.2099770322
GBR,2017,47019.4510419999
GBR,2016,45888.7099614563
GBR,2015,45256.040227057
GBR,2014,44628.5724578217
GBR,2013,43585.8731772281
GBR,2012,43136.7006795996
GBR,2011,42791.0934313474
GBR,2010,42762.720840223
GBR,2009,42146.5095879962
GBR,2008,44508.2874631479
GBR,2007,44882.141312304
GBR,2006,43944.9985799069
GBR,2005,43320.5628684438
GBR,2004,42434.8209023638
GBR,2003,41706.8303930126
GBR,2002,40594.932929345
GBR,2001,40082.1359356822
GBR,2000,39297.1366317267
USA,2024,66856.5131698371
USA,2023,65667.281580468
USA,2022,64322.2332819139
USA,2021,63096.7856149746
USA,2020,59533.609024416
USA,2019,61047.9648238812
USA,2018,59817.6556798612
USA,2017,58435.9707535619
USA,2016,57430.8499298804
USA,2015,56849.4697923159
USA,2014,55665.2411187802
USA,2013,54728.860179812
USA,2012,54000.8410778217
USA,2011,53215.5362314388
USA,2010,52812.6829869279
USA,2009,51863.6183416558
USA,2008,53703.962897927
USA,2007,54152.8292673551
USA,2006,53596.315236412
USA,2005,52649.5713060461
USA,2004,51348.3473386025
USA,2003,49905.5233080788
USA,2002,48967.3661217576
USA,2001,48597.4246124122
USA,2000,48616.2546282435
URY,2024,19024.1204266155
URY,2023,18403.6753125157
URY,2022,18249.2912168828
URY,2021,17416.0052308469
URY,2020,16443.363490131
URY,2019,17758.4384273402
URY,2018,17608.94412947
URY,2017,17611.6036800874
URY,2016,17357.2349992841
URY,2015,17125.9016800298
URY,2014,17122.0364563225
URY,2013,16639.4054750651
URY,2012,15949.3176985435
URY,2011,15443.9961926395
URY,2010,14722.3780081191
URY,2009,13691.71420689
URY,2008,13165.83628166
URY,2007,12310.482735502
URY,2006,11574.470540231
URY,2005,11131.3984890038
URY,2004,10366.9067382871
URY,2003,9878.75684344081
URY,2002,9806.7713064359
URY,2001,10643.5574019273
URY,2000,11096.3309569487
UZB,2024,4477.90745486742
UZB,2023,4281.20542121225
UZB,2022,4109.08421031655
UZB,2021,3951.99657327359
UZB,2020,3723.82133264406
UZB,2019,3733.50435754861
UZB,2018,3559.85436594803
UZB,2017,3425.78819696408
UZB,2016,3327.90932206401
UZB,2015,3172.89899391083
UZB,2014,2990.56339751192
UZB,2013,2823.00205379328
UZB,2012,2657.09909084172
UZB,2011,2512.68783806993
UZB,2010,2359.64199067641
UZB,2009,2228.0552685669
UZB,2008,2095.38214534409
UZB,2007,1951.57878907892
UZB,2006,1807.87328626177
UZB,2005,1704.33893207214
UZB,2004,1613.64273882937
UZB,2003,1520.35493285443
UZB,2002,1476.49258739973
UZB,2001,1437.5947280451
UZB,2000,1397.01202350998
VUT,2024,3223.85237984109
VUT,2023,3178.3031116212
VUT,2022,3073.86062658113
VUT,2021,2979.39062838967
VUT,2020,3085.16558189305
VUT,2019,3349.5593410421
VUT,2018,3319.75630455318
VUT,2017,3316.81034596861
VUT,2016,3257.49719984988
VUT,2015,3214.41948587141
VUT,2014,3175.63375342175
VUT,2013,3149.6849727764
VUT,2012,3205.68705963169
VUT,2011,3244.13703026186
VUT,2010,3214.3726213639
VUT,2009,3249.66193798709
VUT,2008,3234.97623699324
VUT,2007,3141.20026364818
VUT,2006,3129.08540327369
VUT,2005,2955.66861124127
VUT,2004,2875.65032353901
VUT,2003,2833.77914920751
VUT,2002,2784.99720920365
VUT,2001,3012.01602489196
VUT,2000,3197.45596137228
VEN,2024,1501.22207949327
VEN,2023,1427.88655943805
VEN,2022,1376.93801227125
VEN,2021,1272.94397516527
VEN,2020,1255.86457068119
VEN,2019,1759.05547364548
VEN,2018,2359.38238345005
VEN,2017,2863.33227846365
VEN,2016,3374.43091608185
VEN,2015,4096.61989137473
VEN,2014,4412.9795921313
VEN,2013,4642.55149314778
VEN,2012,4638.41209800487
VEN,2011,4444.55159079494
VEN,2010,4323.73301534677
VEN,2009,4451.37446074164
VEN,2008,4655.65136715099
VEN,2007,4489.56571662594
VEN,2006,4190.56607050126
VEN,2005,3875.81409628464
VEN,2004,3576.82370624267
VEN,2003,3078.26141026099
VEN,2002,3396.89746362025
VEN,2001,3789.56578237406
VEN,2000,3732.15152475602
VNM,2024,4012.50779921084
VNM,2023,3772.36029116103
VNM,2022,3617.66311280437
VNM,2021,3358.21734764714
VNM,2020,3303.16949807493
VNM,2019,3241.07648966529
VNM,2018,3048.28327602145
VNM,2017,2868.13680013379
VNM,2016,2715.57887431272
VNM,2015,2577.56885340113
VNM,2014,2439.28655744423
VNM,2013,2320.08431444934
VNM,2012,2224.11404253256
VNM,2011,2132.90453762087
VNM,2010,2027.58184375924
VNM,2009,1927.13427057454
VNM,2008,1856.00519883979
VNM,2007,1788.9485028957
VNM,2006,1699.67620343393
VNM,2005,1609.96268313651
VNM,2004,1510.94449049599
VNM,2003,1418.74337471509
VNM,2002,1340.51670460271
VNM,2001,1273.8052690094
VNM,2000,1212.19657794381
VIR,2024,
VIR,2023,
VIR,2022,36983.431060272
VIR,2021,37313.0484931531
VIR,2020,35850.7433148653
VIR,2019,36309.7438446842
VIR,2018,35174.1019944986
VIR,2017,34435.4944455756
VIR,2016,34614.7482633247
VIR,2015,34007.3529411765
VIR,2014,34098.7109972738
VIR,2013,34663.6460602129
VIR,2012,36938.1682086351
VIR,2011,43320.176769501
VIR,2010,47162.7375570431
VIR,2009,46862.8076001874
VIR,2008,50174.7528938473
VIR,2007,49598.1259079427
VIR,2006,47671.567182812
VIR,2005,46021.5905731819
VIR,2004,44466.2872190216
VIR,2003,43036.1815136022
VIR,2002,43205.7246740388
VIR,2001,
VIR,2000,
PSE,2024,2258.20698667764
PSE,2023,2997.22694077849
PSE,2022,3099.9609010368
PSE,2021,3051.48607007995
PSE,2020,2922.46801084844
PSE,2019,3378.4346209191
PSE,2018,3417.79440837962
PSE,2017,3462.97986107136
PSE,2016,3483.09903532972
PSE,2015,3272.15432360708
PSE,2014,3227.84934482645
PSE,2013,3309.63120243098
PSE,2012,3237.91619995789
PSE,2011,3128.10811061384
PSE,2010,2927.08101953403
PSE,2009,2840.01594969395
PSE,2008,2685.98601828464
PSE,2007,2569.98434108953
PSE,2006,2540.26763083127
PSE,2005,2632.24627423958
PSE,2004,2426.41565630382
PSE,2003,2041.60484619659
PSE,2002,1836.98042481351
PSE,2001,2153.45735383203
PSE,2000,2436.01207739636
YEM,2024,
YEM,2023,
YEM,2022,
YEM,2021,
YEM,2020,
YEM,2019,
YEM,2018,1079.32938366255
YEM,2017,1103.45634849842
YEM,2016,1197.95865971172
YEM,2015,1362.1738120601
YEM,2014,1950.1625450589
YEM,2013,2014.7289059487
YEM,2012,1981.45800046603
YEM,2011,1994.83663337222
YEM,2010,2356.19960422096
YEM,2009,2257.46902086832
YEM,2008,2244.04491655237
YEM,2007,2235.75075901067
YEM,2006,2234.74266863312
YEM,2005,2237.63762643152
YEM,2004,2185.78999159086
YEM,2003,2164.86083019467
YEM,2002,2148.88860494788
YEM,2001,2129.77268762778
YEM,2000,2114.67265566851
ZMB,2024,1343.38966380353
ZMB,2023,1330.85998216751
ZMB,2022,1298.8480495593
ZMB,2021,1269.10821808895
ZMB,2020,1228.73500113195
ZMB,2019,1301.18132976178
ZMB,2018,1321.25045711573
ZMB,2017,1308.76829240086
ZMB,2016,1303.57513869133
ZMB,2015,1295.87788680068
ZMB,2014,1299.01241762504
ZMB,2013,1280.77012176778
ZMB,2012,1258.78938578996
ZMB,2011,1208.46424569634
ZMB,2010,1183.41712409199
ZMB,2009,1110.71918102486
ZMB,2008,1053.58612301068
ZMB,2007,1013.08567432637
ZMB,2006,968.563565019492
ZMB,2005,929.079255855905
ZMB,2004,895.475258534826
ZMB,2003,863.650190656785
ZMB,2002,833.021177549004
ZMB,2001,822.020935308251
ZMB,2000,804.48463418783
ZWE,2024,1416.80065463874
ZWE,2023,1418.47184628799
ZWE,2022,1369.19761495571
ZWE,2021,1312.20001358807
ZWE,2020,1230.81933361016
ZWE,2019,1357.53087818754
ZWE,2018,1472.14603844842
ZWE,2017,1422.91948946927
ZWE,2016,1378.34256192374
ZWE,2015,1387.12632595026
ZWE,2014,1381.25404125871
ZWE,2013,1367.81831689463
ZWE,2012,1360.15230034275
ZWE,2011,1184.93421020563
ZWE,2010,1056.20884563889
ZWE,2009,896.915532877845
ZWE,2008,803.044944654991
ZWE,2007,987.200362596937
ZWE,2006,1038.22375658033
ZWE,2005,1088.63148420699
ZWE,2004,1165.54447081543
ZWE,2003,1250.91948331231
ZWE,2002,1525.07935706564
ZWE,2001,1690.14666163116
ZWE,2000,1677.34896793251
